target_node,time,idw_temperature_2m,idw_relative_humidity_2m,idw_soil_moisture_0_to_7cm,idw_shortwave_radiation,idw_surface_pressure,nearest_avg_distance_km,actual_temperature_2m,actual_relative_humidity_2m,actual_soil_moisture_0_to_7cm,actual_shortwave_radiation,actual_surface_pressure,hour,hour_sin,hour_cos,day_of_year,doy_sin,doy_cos,target_elevation_m
node_5_1,2026-08-01 00:00:00,17.270957062217906,93.23401651191361,0.42502029108530515,0.0,807.3821767538346,68.4116413815819,17.4,95,0.506,0.0,794.2,0,0.0,1.0,213,-0.5012418134457756,-0.8653072543632061,235.0
node_5_1,2026-08-01 01:00:00,17.33972787927278,92.11140286586303,0.424989334725689,0.0,807.2792022971145,68.4116413815819,17.2,95,0.504,0.0,793.8,1,0.25881904510252074,0.9659258262890683,213,-0.5012418134457756,-0.8653072543632061,235.0
node_5_1,2026-08-01 02:00:00,16.97778469519431,93.60822106059715,0.42536353927437254,0.0,806.9479731141693,68.4116413815819,17.2,93,0.503,0.0,793.6,2,0.49999999999999994,0.8660254037844387,213,-0.5012418134457756,-0.8653072543632061,235.0
node_5_1,2026-08-01 03:00:00,16.487707964132326,94.73083470664773,0.4253944956339887,0.0,806.483176652612,68.4116413815819,17.0,92,0.502,0.0,793.4,3,0.7071067811865475,0.7071067811865476,213,-0.5012418134457756,-0.8653072543632061,235.0
node_5_1,2026-08-01 04:00:00,16.044338595823536,94.01338196889681,0.42467704289623776,0.0,806.1559218251645,68.4116413815819,16.0,96,0.511,0.0,793.3,4,0.8660254037844386,0.5000000000000001,213,-0.5012418134457756,-0.8653072543632061,235.0
node_5_1,2026-08-01 05:00:00,16.52710297694354,95.27497185930335,0.4092106240165391,0.0,806.8730110251912,68.4116413815819,16.0,98,0.512,0.0,792.5,5,0.9659258262890683,0.25881904510252074,213,-0.5012418134457756,-0.8653072543632061,235.0
node_5_1,2026-08-01 06:00:00,16.52944107261058,95.55751912155243,0.4208103102778952,21.43490547550185,807.1829342941292,68.4116413815819,16.7,97,0.508,24.0,792.6,6,1.0,6.123233995736766e-17,213,-0.5012418134457756,-0.8653072543632061,235.0
node_5_1,2026-08-01 07:00:00,17.221098359045033,94.49681819473412,0.424987818284813,152.0872124684933,807.5637241173064,68.4116413815819,18.0,94,0.51,180.0,794.6,7,0.9659258262890683,-0.25881904510252063,213,-0.5012418134457756,-0.8653072543632061,235.0
node_5_1,2026-08-01 08:00:00,18.461099268063222,91.37178096385563,0.4249953936877588,350.14104499254256,808.1941957599569,68.4116413815819,19.0,90,0.508,276.0,795.1,8,0.8660254037844387,-0.4999999999999998,213,-0.5012418134457756,-0.8653072543632061,235.0
node_5_1,2026-08-01 09:00:00,19.45181236017838,86.28133546983511,0.42424698459039173,523.8182948339897,808.6062147660791,68.4116413815819,20.9,84,0.505,490.0,795.8,9,0.7071067811865476,-0.7071067811865475,213,-0.5012418134457756,-0.8653072543632061,235.0
node_5_1,2026-08-01 10:00:00,20.570780178518447,79.84764178674723,0.4232160282307756,667.0633267195856,808.9243038648833,68.4116413815819,23.1,70,0.503,655.0,796.7,10,0.49999999999999994,-0.8660254037844387,213,-0.5012418134457756,-0.8653072543632061,235.0
node_5_1,2026-08-01 11:00:00,20.685586987336208,79.99484818188219,0.4276382064852139,753.1153951439103,808.9927111442139,68.4116413815819,22.8,70,0.504,812.0,796.1,11,0.258819045102521,-0.9659258262890682,213,-0.5012418134457756,-0.8653072543632061,235.0
node_5_1,2026-08-01 12:00:00,21.141823616457035,77.80789823177142,0.425919541955049,781.8284600533333,808.4951704191224,68.4116413815819,20.4,89,0.517,764.0,795.1,12,1.2246467991473532e-16,-1.0,213,-0.5012418134457756,-0.8653072543632061,235.0
node_5_1,2026-08-01 13:00:00,20.543823414011754,82.2637610791158,0.42806826479105997,740.4276985120655,807.4649411349545,68.4116413815819,20.2,88,0.52,778.0,794.2,13,-0.2588190451025208,-0.9659258262890683,213,-0.5012418134457756,-0.8653072543632061,235.0
node_5_1,2026-08-01 14:00:00,20.415785806657773,81.83885459138756,0.434808443737648,608.30785174878,807.1737433258738,68.4116413815819,20.0,91,0.509,676.0,793.5,14,-0.4999999999999997,-0.8660254037844388,213,-0.5012418134457756,-0.8653072543632061,235.0
node_5_1,2026-08-01 15:00:00,20.014568789009488,83.51656377416269,0.4351504801343014,468.562327641733,806.270890048395,68.4116413815819,19.0,94,0.511,352.0,793.4,15,-0.7071067811865471,-0.7071067811865479,213,-0.5012418134457756,-0.8653072543632061,235.0
node_5_1,2026-08-01 16:00:00,20.345797971954614,80.45586284734438,0.4341492683418875,382.0994396345895,806.4607244209743,68.4116413815819,19.1,98,0.508,233.0,793.0,16,-0.8660254037844384,-0.5000000000000004,213,-0.5012418134457756,-0.8653072543632061,235.0
node_5_1,2026-08-01 17:00:00,20.642581156751604,82.95146924966454,0.40659618930100627,223.10069687791272,806.8131383386851,68.4116413815819,19.1,96,0.51,262.0,793.0,17,-0.9659258262890683,-0.25881904510252063,213,-0.5012418134457756,-0.8653072543632061,235.0
node_5_1,2026-08-01 18:00:00,19.633415428108158,88.01338196889682,0.40410179469109997,102.13382442623814,806.6172338734241,68.4116413815819,18.4,98,0.509,116.0,793.3,18,-1.0,-1.8369701987210297e-16,213,-0.5012418134457756,-0.8653072543632061,235.0
node_5_1,2026-08-01 19:00:00,18.449408789728007,93.07408289571515,0.4023545973861469,13.846429994333274,806.6028767716348,68.4116413815819,17.9,99,0.507,14.0,793.3,19,-0.9659258262890684,0.2588190451025203,213,-0.5012418134457756,-0.8653072543632061,235.0
node_5_1,2026-08-01 20:00:00,18.058695697612848,92.89076832284621,0.40157644372157764,0.0,806.8810556758158,68.4116413815819,17.7,97,0.506,0.0,793.2,20,-0.8660254037844386,0.5000000000000001,213,-0.5012418134457756,-0.8653072543632061,235.0
node_5_1,2026-08-01 21:00:00,17.587071603079153,93.79911103641176,0.4008589909838267,0.0,807.2913424824781,68.4116413815819,17.5,95,0.504,0.0,793.6,21,-0.7071067811865477,0.7071067811865474,213,-0.5012418134457756,-0.8653072543632061,235.0
node_5_1,2026-08-01 22:00:00,17.190288418282158,94.36420556090991,0.4007982900570084,0.0,807.285514748279,68.4116413815819,17.8,92,0.502,0.0,794.2,22,-0.5000000000000004,0.8660254037844384,213,-0.5012418134457756,-0.8653072543632061,235.0
node_5_1,2026-08-01 23:00:00,17.6711994207007,90.01974557942857,0.3953097020130533,0.0,806.8853935690377,68.4116413815819,17.3,99,0.5,0.0,793.8,23,-0.25881904510252157,0.9659258262890681,213,-0.5012418134457756,-0.8653072543632061,235.0
node_5_1,2026-08-02 00:00:00,16.696600869446783,92.61579646354286,0.39521804472661887,0.0,806.3521898281497,68.4116413815819,16.5,100,0.499,0.0,793.4,0,0.0,1.0,214,-0.5160623910158526,-0.8565509959010037,235.0
node_5_1,2026-08-02 01:00:00,16.062276050540042,93.92930008540807,0.3970890674700365,0.0,806.1684255482522,68.4116413815819,16.5,99,0.498,0.0,793.3,1,0.25881904510252074,0.9659258262890683,214,-0.5160623910158526,-0.8565509959010037,235.0
node_5_1,2026-08-02 02:00:00,14.989773236470377,97.21305914007108,0.4082689990617822,0.0,805.5168903500773,68.4116413815819,16.6,99,0.497,0.0,793.4,2,0.49999999999999994,0.8660254037844387,214,-0.5160623910158526,-0.8565509959010037,235.0
node_5_1,2026-08-02 03:00:00,14.989530877987589,96.46586183511798,0.4097809680624077,0.0,805.4846612683549,68.4116413815819,16.5,99,0.497,0.0,792.9,3,0.7071067811865475,0.7071067811865476,214,-0.5160623910158526,-0.8565509959010037,235.0
node_5_1,2026-08-02 04:00:00,14.904766699312866,97.68649637813479,0.41875420412461406,0.0,806.1290305354411,68.4116413815819,16.4,97,0.496,0.0,793.2,4,0.8660254037844386,0.5000000000000001,214,-0.5160623910158526,-0.8565509959010037,235.0
node_5_1,2026-08-02 05:00:00,15.397085586412361,96.28133546983511,0.4335370095523339,0.0,805.5192284457445,68.4116413815819,16.7,96,0.498,0.0,793.2,5,0.9659258262890683,0.25881904510252074,214,-0.5160623910158526,-0.8565509959010037,235.0
node_5_1,2026-08-02 06:00:00,15.455811955287825,97.37299275626958,0.4320635723142702,30.69866655461766,805.9566489006128,68.4116413815819,17.1,97,0.498,28.0,793.7,6,1.0,6.123233995736766e-17,214,-0.5160623910158526,-0.8565509959010037,235.0
node_5_1,2026-08-02 07:00:00,16.840672073592078,95.49560640232018,0.430498477789772,152.61917944466606,807.576470198877,68.4116413815819,18.5,99,0.497,157.0,794.2,7,0.9659258262890683,-0.25881904510252063,214,-0.5160623910158526,-0.8565509959010037,235.0
node_5_1,2026-08-02 08:00:00,18.156180718246347,92.18210278045497,0.43005599691132446,339.1285247166884,808.63534821184,68.4116413815819,20.1,87,0.496,331.0,795.5,8,0.8660254037844387,-0.4999999999999998,214,-0.5160623910158526,-0.8565509959010037,235.0
node_5_1,2026-08-02 09:00:00,19.765225267648397,83.25280269504688,0.4282083551245772,519.2230147410995,809.2029979508761,68.4116413815819,20.4,86,0.496,548.0,796.0,9,0.7071067811865476,-0.7071067811865475,214,-0.5160623910158526,-0.8565509959010037,235.0
node_5_1,2026-08-02 10:00:00,20.681339808509637,78.16114540861243,0.4263000124110117,640.892700718305,809.3715264094483,68.4116413815819,22.1,79,0.496,638.0,796.5,10,0.49999999999999994,-0.8660254037844387,214,-0.5160623910158526,-0.8565509959010037,235.0
node_5_1,2026-08-02 11:00:00,21.313084173266546,78.0928690788484,0.42475829884318395,719.9334606591894,809.7674308747092,68.4116413815819,20.9,86,0.493,643.0,796.2,11,0.258819045102521,-0.9659258262890682,214,-0.5160623910158526,-0.8565509959010037,235.0
node_5_1,2026-08-02 12:00:00,21.779244071325387,76.36541735332386,0.4235983652269855,810.9982332271695,809.3638200569359,68.4116413815819,21.9,80,0.493,699.0,796.3,12,1.2246467991473532e-16,-1.0,214,-0.5160623910158526,-0.8565509959010037,235.0
node_5_1,2026-08-02 13:00:00,21.34048541956735,76.98242560928068,0.42427728620217453,781.8668303215952,808.7707688691537,68.4116413815819,22.4,77,0.491,751.0,796.3,13,-0.2588190451025208,-0.9659258262890683,214,-0.5160623910158526,-0.8565509959010037,235.0
node_5_1,2026-08-02 14:00:00,21.617028063917925,76.73719831717949,0.4258645498909292,668.1249347903558,807.9547755075338,68.4116413815819,20.1,88,0.498,456.0,794.7,14,-0.4999999999999997,-0.8660254037844388,214,-0.5160623910158526,-0.8565509959010037,235.0
node_5_1,2026-08-02 15:00:00,21.24294469447579,77.17210379268136,0.42632798814121925,527.979592871304,807.6233039661058,68.4116413815819,19.0,94,0.51,493.0,793.8,15,-0.7071067811865471,-0.7071067811865479,214,-0.5160623910158526,-0.8565509959010037,235.0
node_5_1,2026-08-02 16:00:00,20.821517601227285,80.01217017648287,0.4327516828365335,366.68305434323406,807.1607244209742,68.4116413815819,18.9,97,0.504,322.0,793.9,16,-0.8660254037844384,-0.5000000000000004,214,-0.5160623910158526,-0.8565509959010037,235.0
node_5_1,2026-08-02 17:00:00,19.72149236161542,88.0904454940205,0.417048921563346,231.18351471664414,807.9705265106708,68.4116413815819,19.8,95,0.503,280.0,793.9,17,-0.9659258262890683,-0.25881904510252063,214,-0.5160623910158526,-0.8565509959010037,235.0
node_5_1,2026-08-02 18:00:00,18.404620280459607,95.8698109510037,0.4273817684129252,101.58741364435063,807.4081893240219,68.4116413815819,18.2,97,0.506,130.0,793.9,18,-1.0,-1.8369701987210297e-16,214,-0.5160623910158526,-0.8565509959010037,235.0
node_5_1,2026-08-02 19:00:00,17.74911072678715,97.8698109510037,0.4297711237675001,13.463438250290086,807.5878833087922,68.4116413815819,18.0,98,0.51,14.0,794.4,19,-0.9659258262890684,0.2588190451025203,214,-0.5160623910158526,-0.8565509959010037,235.0
node_5_1,2026-08-02 20:00:00,17.577244273770667,97.03095635961611,0.43242424020119086,0.0,808.3343483130627,68.4116413815819,17.8,100,0.508,0.0,794.3,20,-0.8660254037844386,0.5000000000000001,214,-0.5160623910158526,-0.8565509959010037,235.0
node_5_1,2026-08-02 21:00:00,17.465104088407003,98.34324818906738,0.43036353927437254,0.0,808.77883875939,68.4116413815819,17.6,100,0.505,0.0,794.9,21,-0.7071067811865477,0.7071067811865474,214,-0.5160623910158526,-0.8565509959010037,235.0
node_5_1,2026-08-02 22:00:00,17.32470917681843,97.02974456720219,0.42867704289623776,0.0,808.8446351197249,68.4116413815819,17.1,100,0.504,0.0,794.4,22,-0.5000000000000004,0.8660254037844384,214,-0.5160623910158526,-0.8565509959010037,235.0
node_5_1,2026-08-02 23:00:00,17.553206261526128,96.99878820758605,0.4170704359797692,0.0,808.3355905703229,68.4116413815819,17.5,99,0.501,0.0,794.3,23,-0.25881904510252157,0.9659258262890681,214,-0.5160623910158526,-0.8565509959010037,235.0
node_5_1,2026-08-03 00:00:00,16.89645445059352,98.0607009268183,0.4239817593227433,0.0,808.2293992983996,68.4116413815819,16.7,99,0.5,0.0,793.7,0,0.0,1.0,215,-0.5307300481619331,-0.8475409228928312,235.0
node_5_1,2026-08-03 01:00:00,16.427804812780046,97.80911002418537,0.4231119483717396,0.0,807.6141634770743,68.4116413815819,16.3,100,0.499,0.0,793.0,1,0.25881904510252074,0.9659258262890683,215,-0.5307300481619331,-0.8475409228928312,235.0
node_5_1,2026-08-03 02:00:00,15.890505537153086,98.15235821325277,0.4221119483717396,0.0,806.8115525580783,68.4116413815819,16.7,100,0.498,0.0,793.4,2,0.49999999999999994,0.8660254037844387,215,-0.5307300481619331,-0.8475409228928312,235.0
node_5_1,2026-08-03 03:00:00,15.248136067621656,98.77815366456923,0.4213944956339887,0.0,805.8188649080203,68.4116413815819,16.4,100,0.497,0.0,792.3,3,0.7071067811865475,0.7071067811865476,215,-0.5307300481619331,-0.8475409228928312,235.0
node_5_1,2026-08-03 04:00:00,14.911715511530664,98.77815366456923,0.4207687001826722,0.0,805.1603808976276,68.4116413815819,15.9,100,0.497,0.0,792.0,4,0.8660254037844386,0.5000000000000001,215,-0.5307300481619331,-0.8475409228928312,235.0
node_5_1,2026-08-03 05:00:00,15.723976876135723,98.43490547550184,0.39796943445339444,0.0,805.63743872379,68.4116413815819,18.4,100,0.49,0.0,793.6,5,0.9659258262890683,0.25881904510252074,215,-0.5307300481619331,-0.8475409228928312,235.0
node_5_1,2026-08-03 06:00:00,16.055327238322242,97.77815366456923,0.39796943445339444,28.889556530432273,806.0587446377972,68.4116413815819,18.0,100,0.494,12.0,793.4,6,1.0,6.123233995736766e-17,215,-0.5307300481619331,-0.8475409228928312,235.0
node_5_1,2026-08-03 07:00:00,16.933602082132886,95.03095635961614,0.40214694246031224,127.28936547683885,807.2378327263605,68.4116413815819,17.9,100,0.496,90.0,794.0,7,0.9659258262890683,-0.25881904510252063,215,-0.5307300481619331,-0.8475409228928312,235.0
node_5_1,2026-08-03 08:00:00,18.46965910049969,88.4734372380637,0.4038422260338067,286.8479939502826,808.9476095764451,68.4116413815819,18.0,99,0.503,210.0,794.8,8,0.8660254037844387,-0.4999999999999998,215,-0.5307300481619331,-0.8475409228928312,235.0
node_5_1,2026-08-03 09:00:00,19.53299618592591,81.7571962927267,0.40340732055830486,463.967679219268,809.6312526771011,68.4116413815819,19.0,98,0.509,286.0,795.2,9,0.7071067811865476,-0.7071067811865475,215,-0.5307300481619331,-0.8475409228928312,235.0
node_5_1,2026-08-03 10:00:00,20.09681798831771,80.81547363471714,0.40381126967419056,604.0927211874164,809.6406607642273,68.4116413815819,18.9,96,0.51,316.0,795.4,10,0.49999999999999994,-0.8660254037844387,215,-0.5307300481619331,-0.8475409228928312,235.0
node_5_1,2026-08-03 11:00:00,21.52173472009821,75.09923268938016,0.4080131180340741,623.8015916108529,810.3302527783237,68.4116413815819,19.9,91,0.513,291.0,796.1,11,0.258819045102521,-0.9659258262890682,215,-0.5307300481619331,-0.8475409228928312,235.0
node_5_1,2026-08-03 12:00:00,20.934294147644128,78.79911103641177,0.40997458627151223,661.6251386393191,809.6053360465432,68.4116413815819,20.3,89,0.51,444.0,796.4,12,1.2246467991473532e-16,-1.0,215,-0.5307300481619331,-0.8475409228928312,235.0
node_5_1,2026-08-03 13:00:00,21.73056215062934,78.20306015229748,0.40872299536887935,728.7977492884017,809.5738645051152,68.4116413815819,22.3,78,0.506,626.0,796.6,13,-0.2588190451025208,-0.9659258262890683,215,-0.5307300481619331,-0.8475409228928312,235.0
node_5_1,2026-08-03 14:00:00,21.59909060920142,78.11140286586303,0.4079372663013644,689.6740738055332,808.8202083301442,68.4116413815819,22.6,77,0.505,703.0,796.1,14,-0.4999999999999997,-0.8660254037844388,215,-0.5307300481619331,-0.8475409228928312,235.0
node_5_1,2026-08-03 15:00:00,21.642702335993,79.66892198741547,0.4091217926666473,580.6895292598866,808.304972508819,68.4116413815819,19.1,96,0.52,366.0,794.6,15,-0.7071067811865471,-0.7071067811865479,215,-0.5307300481619331,-0.8475409228928312,235.0
node_5_1,2026-08-03 16:00:00,20.054478983632478,87.07529468812909,0.4193092996613386,424.1821027804549,807.7928323234553,68.4116413815819,19.5,99,0.506,299.0,794.2,16,-0.8660254037844384,-0.5000000000000004,215,-0.5307300481619331,-0.8475409228928312,235.0
node_5_1,2026-08-03 17:00:00,20.384248790446527,88.4716684010691,0.38807028128690324,249.8903157829523,807.9070682460033,68.4116413815819,19.7,96,0.494,254.0,793.9,17,-0.9659258262890683,-0.25881904510252063,215,-0.5307300481619331,-0.8475409228928312,235.0
node_5_1,2026-08-03 18:00:00,19.62412852022332,92.07529468812908,0.39047423040278895,104.08767180982132,807.686004690479,68.4116413815819,18.6,100,0.496,89.0,794.3,18,-1.0,-1.8369701987210297e-16,215,-0.5307300481619331,-0.8475409228928312,235.0
node_5_1,2026-08-03 19:00:00,18.39411635492648,97.45707463975833,0.39970663277057394,13.312291829451258,808.1090680435581,68.4116413815819,18.1,100,0.497,15.0,794.2,19,-0.9659258262890684,0.2588190451025203,215,-0.5307300481619331,-0.8475409228928312,235.0
node_5_1,2026-08-03 20:00:00,17.82073482132085,98.96904364038386,0.4502516363535422,0.0,808.7261824831967,68.4116413815819,17.6,99,0.496,0.0,794.2,20,-0.8660254037844386,0.5000000000000001,215,-0.5307300481619331,-0.8475409228928312,235.0
node_5_1,2026-08-03 21:00:00,17.490263178670297,97.77815366456923,0.44898125926777593,0.0,809.3103103008182,68.4116413815819,17.3,100,0.498,0.0,795.0,21,-0.7071067811865477,0.7071067811865474,215,-0.5307300481619331,-0.8475409228928312,235.0
node_5_1,2026-08-03 22:00:00,17.221492361615418,98.43490547550184,0.4486589684505511,0.0,809.2010233929332,68.4116413815819,16.8,100,0.498,0.0,794.6,22,-0.5000000000000004,0.8660254037844384,215,-0.5307300481619331,-0.8475409228928312,235.0
node_5_1,2026-08-03 23:00:00,17.364982909165604,98.12140185363663,0.4380523615340826,0.0,809.4193548502201,68.4116413815819,17.2,99,0.497,0.0,794.5,23,-0.25881904510252157,0.9659258262890681,215,-0.5307300481619331,-0.8475409228928312,235.0
node_5_1,2026-08-04 00:00:00,16.846651451878714,98.80911002418537,0.44016739977718744,0.0,808.5881256672751,68.4116413815819,16.4,97,0.498,0.0,793.9,0,0.0,1.0,216,-0.5452404385406507,-0.8382797052177745,235.0
node_5_1,2026-08-04 01:00:00,16.778001814065234,98.0607009268183,0.43800746616098896,0.0,808.201265751416,68.4116413815819,16.5,99,0.497,0.0,793.6,1,0.25881904510252074,0.9659258262890683,216,-0.5452404385406507,-0.8382797052177745,235.0
node_5_1,2026-08-04 02:00:00,16.294479892650664,97.59483909170034,0.4357249188987399,0.0,807.5430240995063,68.4116413815819,16.2,100,0.496,0.0,793.1,2,0.49999999999999994,0.8660254037844387,216,-0.5452404385406507,-0.8382797052177745,235.0
node_5_1,2026-08-04 03:00:00,15.979365250566781,97.49560640232016,0.43381657618517433,0.0,807.2126736360971,68.4116413815819,16.2,99,0.5,0.0,793.5,3,0.7071067811865475,0.7071067811865476,216,-0.5452404385406507,-0.8382797052177745,235.0
node_5_1,2026-08-04 04:00:00,15.34218715418122,98.4039491158857,0.4345725606854871,0.0,806.9259348994796,68.4116413815819,16.3,100,0.502,0.0,793.6,4,0.8660254037844386,0.5000000000000001,216,-0.5452404385406507,-0.8382797052177745,235.0
node_5_1,2026-08-04 05:00:00,16.220517702449925,98.4039491158857,0.3986810806251943,0.0,806.9307627349011,68.4116413815819,17.6,100,0.488,0.0,793.5,5,0.9659258262890683,0.25881904510252074,216,-0.5452404385406507,-0.8382797052177745,235.0
node_5_1,2026-08-04 06:00:00,16.472416438348983,98.02974456720219,0.40443464154067915,20.269820041185557,807.7649663745665,68.4116413815819,17.4,99,0.511,9.0,794.0,6,1.0,6.123233995736766e-17,216,-0.5452404385406507,-0.8382797052177745,235.0
node_5_1,2026-08-04 07:00:00,17.109836893217338,97.49560640232016,0.4070889697667838,102.31476086518843,808.4923423812554,68.4116413815819,17.8,99,0.517,32.0,794.4,7,0.9659258262890683,-0.25881904510252063,216,-0.5452404385406507,-0.8382797052177745,235.0
node_5_1,2026-08-04 08:00:00,18.225072714542613,92.99878820758605,0.4087445097853025,258.6932555389471,809.1762278403942,68.4116413815819,17.9,100,0.52,39.0,795.1,8,0.8660254037844387,-0.4999999999999998,216,-0.5452404385406507,-0.8382797052177745,235.0
node_5_1,2026-08-04 09:00:00,19.524315174248045,85.12897725658235,0.4076838088584841,432.39358168860264,810.2042402081363,68.4116413815819,17.9,95,0.516,51.0,795.5,9,0.7071067811865476,-0.7071067811865475,216,-0.5452404385406507,-0.8382797052177745,235.0
node_5_1,2026-08-04 10:00:00,20.252327541990162,82.25159090263294,0.4071572460965478,615.9818136392507,810.6880044880336,68.4116413815819,18.0,100,0.511,156.0,795.9,10,0.49999999999999994,-0.8660254037844387,216,-0.5452404385406507,-0.8382797052177745,235.0
node_5_1,2026-08-04 11:00:00,19.476542437934157,89.57968828580891,0.4226671416117168,577.9340400772712,810.4757431234285,68.4116413815819,17.4,96,0.518,228.0,795.8,11,0.258819045102521,-0.9659258262890682,216,-0.5452404385406507,-0.8382797052177745,235.0
node_5_1,2026-08-04 12:00:00,18.948408890950645,93.86223554805798,0.4226513360579921,499.99449808251086,810.1011445721747,68.4116413815819,18.2,100,0.511,199.0,796.2,12,1.2246467991473532e-16,-1.0,216,-0.5452404385406507,-0.8382797052177745,235.0
node_5_1,2026-08-04 13:00:00,18.960493371856245,90.34324818906738,0.4458884878921803,482.78147018153913,809.847609576445,68.4116413815819,19.2,98,0.508,282.0,796.1,13,-0.2588190451025208,-0.9659258262890683,216,-0.5452404385406507,-0.8382797052177745,235.0
node_5_1,2026-08-04 14:00:00,19.365048383948935,88.45005628139327,0.44843898865536763,461.3922125302169,809.2253037636606,68.4116413815819,19.4,92,0.504,309.0,795.7,14,-0.4999999999999997,-0.8660254037844388,216,-0.5452404385406507,-0.8382797052177745,235.0
node_5_1,2026-08-04 15:00:00,19.407079555368046,89.56509452449815,0.4469952959845061,413.04873295827485,808.6626030392875,68.4116413815819,20.9,84,0.501,331.0,795.4,15,-0.7071067811865471,-0.7071067811865479,216,-0.5452404385406507,-0.8382797052177745,235.0
node_5_1,2026-08-04 16:00:00,19.23557664007574,90.93687548835378,0.4446123042404629,316.85637199249356,807.8534373106442,68.4116413815819,21.4,82,0.499,354.0,794.9,16,-0.8660254037844384,-0.5000000000000004,216,-0.5452404385406507,-0.8382797052177745,235.0
node_5_1,2026-08-04 17:00:00,19.4116902719188,90.70866554239127,0.42658876859092654,213.3227454212829,807.9966854997115,68.4116413815819,18.6,96,0.507,269.0,793.6,17,-0.9659258262890683,-0.25881904510252063,216,-0.5452404385406507,-0.8382797052177745,235.0
node_5_1,2026-08-04 18:00:00,18.378122993306633,95.55630732913849,0.42512411854822246,74.64200335675584,807.8351058533572,68.4116413815819,17.9,99,0.507,97.0,793.8,18,-1.0,-1.8369701987210297e-16,216,-0.5452404385406507,-0.8382797052177745,235.0
node_5_1,2026-08-04 19:00:00,17.75979153601974,98.49560640232016,0.4243459648836532,8.121401853636641,807.9291569399168,68.4116413815819,17.5,100,0.506,9.0,793.9,19,-0.9659258262890684,0.2588190451025203,216,-0.5452404385406507,-0.8382797052177745,235.0
node_5_1,2026-08-04 20:00:00,17.565861628701573,99.43490547550185,0.4232245630300166,0.0,808.485787571608,68.4116413815819,17.5,100,0.505,0.0,794.1,20,-0.8660254037844386,0.5000000000000001,216,-0.5452404385406507,-0.8382797052177745,235.0
node_5_1,2026-08-04 21:00:00,17.285071805524428,99.09165728643445,0.4225071102922657,0.0,808.7173802922773,68.4116413815819,17.1,100,0.503,0.0,794.2,21,-0.7071067811865477,0.7071067811865474,216,-0.5452404385406507,-0.8382797052177745,235.0
node_5_1,2026-08-04 22:00:00,16.45098934510048,97.39637371294,0.4265322600859307,0.0,807.9812020946691,68.4116413815819,17.0,100,0.502,0.0,794.2,22,-0.5000000000000004,0.8660254037844384,216,-0.5452404385406507,-0.8382797052177745,235.0
node_5_1,2026-08-04 23:00:00,16.12683015361455,98.24401549968724,0.4272351190623708,0.0,806.9441451775249,68.4116413815819,17.3,100,0.501,0.0,794.0,23,-0.25881904510252157,0.9659258262890681,216,-0.5452404385406507,-0.8382797052177745,235.0
node_5_1,2026-08-05 00:00:00,15.876511973087958,98.77815366456923,0.4263267763488053,0.0,806.2380750848432,68.4116413815819,16.4,99,0.504,0.0,792.8,0,0.0,1.0,217,-0.5595892624101763,-0.828770087174504,235.0
node_5_1,2026-08-05 01:00:00,15.470563059647521,99.3432481890674,0.4250442290865562,0.0,805.5947057165342,68.4116413815819,16.7,99,0.505,0.0,792.5,1,0.25881904510252074,0.9659258262890683,217,-0.5595892624101763,-0.828770087174504,235.0
node_5_1,2026-08-05 02:00:00,15.23623824074078,98.6567518109326,0.42410493001337457,0.0,805.1420494403407,68.4116413815819,16.7,99,0.503,0.0,792.2,2,0.49999999999999994,0.8660254037844387,217,-0.5595892624101763,-0.828770087174504,235.0
node_5_1,2026-08-05 03:00:00,14.546403868161587,98.8698109510037,0.4234791345620581,0.0,804.4836866091894,68.4116413815819,16.4,98,0.502,0.0,792.0,3,0.7071067811865475,0.7071067811865476,217,-0.5595892624101763,-0.828770087174504,235.0
node_5_1,2026-08-05 04:00:00,14.930046968817553,99.06070092681831,0.4224791345620581,0.0,804.807724621434,68.4116413815819,16.0,99,0.502,0.0,791.8,4,0.8660254037844386,0.5000000000000001,217,-0.5595892624101763,-0.828770087174504,235.0
node_5_1,2026-08-05 05:00:00,15.92595143407858,99.09165728643445,0.41362093674295664,0.0,805.3841765513894,68.4116413815819,16.9,99,0.492,0.0,792.1,5,0.9659258262890683,0.25881904510252074,217,-0.5595892624101763,-0.828770087174504,235.0
node_5_1,2026-08-05 06:00:00,16.56534644688979,97.59605088411428,0.41362093674295664,22.680132767603027,806.2244502837366,68.4116413815819,17.2,98,0.501,8.0,792.3,6,1.0,6.123233995736766e-17,217,-0.5595892624101763,-0.828770087174504,235.0
node_5_1,2026-08-05 07:00:00,17.636970541423487,94.09165728643445,0.412964184932024,130.6995736985696,806.9768642014474,68.4116413815819,17.4,100,0.508,36.0,792.7,7,0.9659258262890683,-0.25881904510252063,217,-0.5595892624101763,-0.828770087174504,235.0
node_5_1,2026-08-05 08:00:00,18.683556724935286,90.43369368308788,0.411964184932024,281.66169668384106,807.5727686667083,68.4116413815819,17.7,100,0.513,94.0,792.9,8,0.8660254037844387,-0.4999999999999998,217,-0.5595892624101763,-0.828770087174504,235.0
node_5_1,2026-08-05 09:00:00,19.54923190602855,85.49439460990621,0.4113074331210914,435.63205662132555,807.7939534014741,68.4116413815819,18.1,100,0.511,163.0,793.1,9,0.7071067811865476,-0.7071067811865475,217,-0.5595892624101763,-0.828770087174504,235.0
node_5_1,2026-08-05 10:00:00,20.130900448741656,82.15114642083881,0.4103681340479097,456.9101638029034,807.8755007649459,68.4116413815819,18.5,98,0.509,165.0,793.4,10,0.49999999999999994,-0.8660254037844387,217,-0.5595892624101763,-0.828770087174504,235.0
node_5_1,2026-08-05 11:00:00,20.679244071325385,82.3939501281121,0.411610937755183,613.8388525272235,807.8908577655125,68.4116413815819,20.2,87,0.505,347.0,794.0,11,0.258819045102521,-0.9659258262890682,217,-0.5595892624101763,-0.828770087174504,235.0
node_5_1,2026-08-05 12:00:00,19.965917333159638,88.41217926666472,0.4221778988199284,559.6890793930986,807.0059724075963,68.4116413815819,18.6,99,0.518,340.0,793.1,12,1.2246467991473532e-16,-1.0,217,-0.5595892624101763,-0.828770087174504,235.0
node_5_1,2026-08-05 13:00:00,20.37842105624749,85.00701835836506,0.4232671325215349,606.3190557275336,806.668551952728,68.4116413815819,19.0,96,0.517,339.0,792.7,13,-0.2588190451025208,-0.9659258262890683,217,-0.5595892624101763,-0.828770087174504,235.0
node_5_1,2026-08-05 14:00:00,20.312109514101053,86.72962291423379,0.4216401252778045,519.9281907335167,805.9989024161372,68.4116413815819,21.3,87,0.513,601.0,793.1,14,-0.4999999999999997,-0.8660254037844388,217,-0.5595892624101763,-0.828770087174504,235.0
node_5_1,2026-08-05 15:00:00,20.471956960995268,84.94147026189093,0.4199524171072558,439.93126226474385,805.4120425002782,68.4116413815819,21.8,79,0.509,445.0,792.7,15,-0.7071067811865471,-0.7071067811865479,217,-0.5595892624101763,-0.828770087174504,235.0
node_5_1,2026-08-05 16:00:00,19.492197501441687,88.37001212686103,0.424626186264327,343.5815025737128,805.1806921380917,68.4116413815819,21.0,81,0.506,299.0,792.3,16,-0.8660254037844384,-0.5000000000000004,217,-0.5595892624101763,-0.828770087174504,235.0
node_5_1,2026-08-05 17:00:00,20.562427694627637,83.25618567617009,0.41678369629569767,196.46602332941805,805.8483418771277,68.4116413815819,19.8,94,0.497,111.0,791.8,17,-0.9659258262890683,-0.25881904510252063,217,-0.5595892624101763,-0.828770087174504,235.0
node_5_1,2026-08-05 18:00:00,19.391439961147114,89.75300387090422,0.4150055426311284,103.77482293578939,805.5271571423621,68.4116413815819,18.9,97,0.497,114.0,791.9,18,-1.0,-1.8369701987210297e-16,217,-0.5595892624101763,-0.828770087174504,235.0
node_5_1,2026-08-05 19:00:00,18.274567879991302,94.54752013377883,0.41328808989337745,12.907130921151595,805.7968066789529,68.4116413815819,18.1,100,0.496,15.0,791.9,19,-0.9659258262890684,0.2588190451025203,217,-0.5595892624101763,-0.828770087174504,235.0
node_5_1,2026-08-05 20:00:00,17.567861426256293,95.46465004270404,0.4118531844178756,0.0,806.1728898459498,68.4116413815819,17.5,100,0.495,0.0,792.3,20,-0.8660254037844386,0.5000000000000001,217,-0.5595892624101763,-0.828770087174504,235.0
node_5_1,2026-08-05 21:00:00,16.759059235337034,95.86859915858975,0.4111357316801247,0.0,806.086393467815,68.4116413815819,17.2,100,0.494,0.0,792.7,21,-0.7071067811865477,0.7071067811865474,217,-0.5595892624101763,-0.828770087174504,235.0
node_5_1,2026-08-05 22:00:00,16.468982504275047,95.61700825595682,0.4101357316801247,0.0,805.8399284635448,68.4116413815819,16.6,97,0.493,0.0,792.5,22,-0.5000000000000004,0.8660254037844384,217,-0.5595892624101763,-0.828770087174504,235.0
node_5_1,2026-08-05 23:00:00,16.188677398063483,97.77815366456923,0.41309962350239077,0.0,804.5162539890242,68.4116413815819,17.5,100,0.494,0.0,792.2,23,-0.25881904510252157,0.9659258262890681,217,-0.5595892624101763,-0.828770087174504,235.0
node_5_1,2026-08-06 00:00:00,15.604670759683334,98.8698109510037,0.41238217076463984,0.0,804.0131583530626,68.4116413815819,16.9,100,0.493,0.0,791.5,0,0.0,1.0,218,-0.5737722679043243,-0.8190148866680802,235.0
node_5_1,2026-08-06 01:00:00,15.838238038295502,96.15872182378453,0.4120079662159563,0.0,804.0627189932947,68.4116413815819,16.4,100,0.492,0.0,791.0,1,0.25881904510252074,0.9659258262890683,218,-0.5737722679043243,-0.8190148866680802,235.0
node_5_1,2026-08-06 02:00:00,16.31842196526567,96.06191271923225,0.41203892257557245,0.0,804.7803233751331,68.4116413815819,16.3,100,0.491,0.0,790.7,2,0.49999999999999994,0.8660254037844387,218,-0.5737722679043243,-0.8190148866680802,235.0
node_5_1,2026-08-06 03:00:00,16.49214179698362,95.90955450597949,0.41316153622162305,0.0,805.1517051111841,68.4116413815819,16.0,100,0.491,0.0,790.4,3,0.7071067811865475,0.7071067811865476,218,-0.5737722679043243,-0.8190148866680802,235.0
node_5_1,2026-08-06 04:00:00,16.456938258540916,95.62700724373042,0.4134738280510743,0.0,805.4890043868111,68.4116413815819,15.6,100,0.49,0.0,790.1,4,0.8660254037844386,0.5000000000000001,218,-0.5737722679043243,-0.8190148866680802,235.0
node_5_1,2026-08-06 05:00:00,16.662887171981353,98.49560640232016,0.4073238934226494,0.0,805.160749660586,68.4116413815819,16.7,100,0.488,0.0,790.4,5,0.9659258262890683,0.25881904510252074,218,-0.5737722679043243,-0.8190148866680802,235.0
node_5_1,2026-08-06 06:00:00,16.681976169562816,98.80911002418537,0.41695145771096054,7.838854591387566,805.9455138392609,68.4116413815819,16.8,99,0.487,20.0,791.2,6,1.0,6.123233995736766e-17,218,-0.5737722679043243,-0.8190148866680802,235.0
node_5_1,2026-08-06 07:00:00,16.894237534167875,98.5265627619363,0.4263022813029736,41.64852166015359,806.6484882959811,68.4116413815819,18.1,96,0.487,83.0,792.5,7,0.9659258262890683,-0.25881904510252063,218,-0.5737722679043243,-0.8190148866680802,235.0
node_5_1,2026-08-06 08:00:00,17.031779168277623,98.2130591400711,0.43392807675429,88.12205660146994,807.3051189276723,68.4116413815819,19.2,89,0.486,150.0,793.8,8,0.8660254037844387,-0.4999999999999998,218,-0.5737722679043243,-0.8190148866680802,235.0
node_5_1,2026-08-06 09:00:00,16.98607170430179,94.01338196889681,0.4264439857806194,113.90476432593702,807.6929787423087,68.4116413815819,19.9,82,0.487,306.0,794.5,9,0.7071067811865476,-0.7071067811865475,218,-0.5737722679043243,-0.8190148866680802,235.0
node_5_1,2026-08-06 10:00:00,16.732536708572194,95.45707463975832,0.43263729934126194,118.18630200371155,807.7555582874402,68.4116413815819,19.5,85,0.49,310.0,794.2,10,0.49999999999999994,-0.8660254037844387,218,-0.5737722679043243,-0.8190148866680802,235.0
node_5_1,2026-08-06 11:00:00,16.784556623712646,95.46465004270404,0.43803609663902987,208.2176607150423,807.5839341929066,68.4116413815819,18.4,95,0.496,262.0,794.0,11,0.258819045102521,-0.9659258262890682,218,-0.5737722679043243,-0.8190148866680802,235.0
node_5_1,2026-08-06 12:00:00,16.72570907559579,95.15114642083881,0.4405480656396554,223.68917442324545,807.5746472850217,68.4116413815819,17.6,100,0.513,129.0,793.8,12,1.2246467991473532e-16,-1.0,218,-0.5737722679043243,-0.8190148866680802,235.0
node_5_1,2026-08-06 13:00:00,16.866225166425757,95.15114642083881,0.4441370981654046,210.87975975059808,807.189883106347,68.4116413815819,17.8,99,0.516,113.0,793.5,13,-0.2588190451025208,-0.9659258262890683,218,-0.5737722679043243,-0.8190148866680802,235.0
node_5_1,2026-08-06 14:00:00,16.947136168844295,97.27376006688941,0.45015467255612396,174.3139650273573,806.7424182032992,68.4116413815819,18.4,98,0.516,170.0,793.3,14,-0.4999999999999997,-0.8660254037844388,218,-0.5737722679043243,-0.8190148866680802,235.0
node_5_1,2026-08-06 15:00:00,16.9685632620928,97.27376006688941,0.45111669783814273,147.12307505154268,806.5988064765077,68.4116413815819,18.4,97,0.517,136.0,793.2,15,-0.7071067811865471,-0.7071067811865479,218,-0.5737722679043243,-0.8190148866680802,235.0
node_5_1,2026-08-06 16:00:00,17.012174988884382,97.64796461557295,0.45420956691699116,130.8386544476123,806.2392013880963,68.4116413815819,18.1,99,0.511,87.0,792.6,16,-0.8660254037844384,-0.5000000000000004,218,-0.5737722679043243,-0.8190148866680802,235.0
node_5_1,2026-08-06 17:00:00,16.272779976073167,97.55630732913848,0.4383577327084214,105.9694914430078,805.9110678411128,68.4116413815819,18.0,99,0.515,41.0,792.6,17,-0.9659258262890683,-0.25881904510252063,218,-0.5737722679043243,-0.8190148866680802,235.0
node_5_1,2026-08-06 18:00:00,16.288015797398447,97.21305914007108,0.4393653081113671,35.954197482954456,805.6523414722373,68.4116413815819,18.0,100,0.516,35.0,792.4,18,-1.0,-1.8369701987210297e-16,218,-0.5737722679043243,-0.8190148866680802,235.0
node_5_1,2026-08-06 19:00:00,16.14749970656848,97.55630732913848,0.4400296353252454,6.220634543016804,805.9310355582302,68.4116413815819,17.6,100,0.515,6.0,792.7,19,-0.9659258262890684,0.2588190451025203,218,-0.5737722679043243,-0.8190148866680802,235.0
node_5_1,2026-08-06 20:00:00,16.21924498034357,96.71624094533698,0.43928122622787835,0.0,806.4746472850218,68.4116413815819,17.6,99,0.515,0.0,793.3,20,-0.8660254037844386,0.5000000000000001,218,-0.5737722679043243,-0.8190148866680802,235.0
node_5_1,2026-08-06 21:00:00,16.318487440049005,95.50197001285193,0.4377768326301985,0.0,807.1022656501935,68.4116413815819,17.5,98,0.517,0.0,793.7,21,-0.7071067811865477,0.7071067811865474,218,-0.5737722679043243,-0.8190148866680802,235.0
node_5_1,2026-08-06 22:00:00,16.17487571325742,95.87617456153546,0.4358375335570168,0.0,807.2992911934732,68.4116413815819,17.7,94,0.504,0.0,794.0,22,-0.5000000000000004,0.8660254037844384,218,-0.5737722679043243,-0.8190148866680802,235.0
node_5_1,2026-08-06 23:00:00,15.713932427956312,97.09044549402051,0.4346332616123054,0.0,806.5782276379489,68.4116413815819,17.3,100,0.515,0.0,793.9,23,-0.25881904510252157,0.9659258262890681,218,-0.5737722679043243,-0.8190148866680802,235.0
node_5_1,2026-08-07 00:00:00,15.360155073743925,98.0607009268183,0.44047509683310154,0.0,806.3284246392341,68.4116413815819,16.7,100,0.51,0.0,793.1,0,0.0,1.0,219,-0.5877852522924734,-0.8090169943749472,235.0
node_5_1,2026-08-07 01:00:00,15.248014888380261,98.0607009268183,0.4400401913575997,0.0,805.8911253636072,68.4116413815819,16.8,100,0.507,0.0,792.8,1,0.25881904510252074,0.9659258262890683,219,-0.5877852522924734,-0.8090169943749472,235.0
node_5_1,2026-08-07 02:00:00,15.266982706720327,98.43490547550184,0.43853579775991985,0.0,805.6284246392341,68.4116413815819,16.8,100,0.504,0.0,792.2,2,0.49999999999999994,0.8660254037844387,219,-0.5877852522924734,-0.8090169943749472,235.0
node_5_1,2026-08-07 03:00:00,15.157816978076884,98.43490547550184,0.4369707032354217,0.0,805.4940998203274,68.4116413815819,16.7,99,0.502,0.0,792.1,3,0.7071067811865475,0.7071067811865476,219,-0.5877852522924734,-0.8090169943749472,235.0
node_5_1,2026-08-07 04:00:00,14.986192883543186,98.77815366456923,0.43555796692417637,0.0,805.3415647233751,68.4116413815819,16.8,98,0.501,0.0,792.0,4,0.8660254037844386,0.5000000000000001,219,-0.5877852522924734,-0.8090169943749472,235.0
node_5_1,2026-08-07 05:00:00,15.876269614605167,99.06070092681831,0.43335773270842143,0.0,805.555800645923,68.4116413815819,16.6,100,0.505,0.0,792.4,5,0.9659258262890683,0.25881904510252074,219,-0.5877852522924734,-0.8090169943749472,235.0
node_5_1,2026-08-07 06:00:00,15.710715612753303,98.49560640232016,0.4313577327084214,21.05343017233462,805.6315202751956,68.4116413815819,16.8,100,0.503,15.0,792.6,6,1.0,6.123233995736766e-17,219,-0.5877852522924734,-0.8090169943749472,235.0
node_5_1,2026-08-07 07:00:00,16.759397533449356,95.71866453016486,0.43041843363523974,101.17801486331919,806.7768642014473,68.4116413815819,18.2,98,0.501,122.0,793.4,7,0.9659258262890683,-0.25881904510252063,219,-0.5877852522924734,-0.8090169943749472,235.0
node_5_1,2026-08-07 08:00:00,17.33499598348063,94.24522729210116,0.43053983548887637,206.81658978804256,807.3203547489976,68.4116413815819,20.3,85,0.5,320.0,794.6,8,0.8660254037844387,-0.4999999999999998,219,-0.5877852522924734,-0.8090169943749472,235.0
node_5_1,2026-08-07 09:00:00,17.83872798049542,92.73325829147564,0.43140964643988006,266.3742181515517,807.7767430222059,68.4116413815819,22.6,70,0.498,553.0,796.2,9,0.7071067811865476,-0.7071067811865475,219,-0.5877852522924734,-0.8090169943749472,235.0
node_5_1,2026-08-07 10:00:00,18.9719012565372,87.57847649339496,0.430843340122968,469.9748909199742,808.126303662438,68.4116413815819,20.0,86,0.499,479.0,795.4,10,0.49999999999999994,-0.8660254037844387,219,-0.5877852522924734,-0.8090169943749472,235.0
node_5_1,2026-08-07 11:00:00,19.942888990017725,81.58484010392672,0.4345013037263145,533.5792513179821,808.4980489362131,68.4116413815819,19.2,90,0.508,413.0,795.3,11,0.258819045102521,-0.9659258262890682,219,-0.5877852522924734,-0.8090169943749472,235.0
node_5_1,2026-08-07 12:00:00,17.763008351222748,93.96146823743815,0.4383799018726779,329.7950570314812,807.9699153892295,68.4116413815819,19.9,85,0.506,351.0,795.0,12,1.2246467991473532e-16,-1.0,219,-0.5877852522924734,-0.8090169943749472,235.0
node_5_1,2026-08-07 13:00:00,17.96932080238737,92.83127918844185,0.44725269345309016,277.8554193976323,807.654558388663,68.4116413815819,20.3,86,0.505,404.0,794.9,13,-0.2588190451025208,-0.9659258262890683,219,-0.5877852522924734,-0.8090169943749472,235.0
node_5_1,2026-08-07 14:00:00,18.380945805939252,92.77057826162354,0.4484669643855752,380.4647362072526,807.19483212101,68.4116413815819,19.1,92,0.506,220.0,794.1,14,-0.4999999999999997,-0.8660254037844388,219,-0.5877852522924734,-0.8090169943749472,235.0
node_5_1,2026-08-07 15:00:00,19.129870085118096,89.24280370727327,0.4475661970749554,404.73900786781337,806.9282782203809,68.4116413815819,19.8,89,0.503,247.0,793.9,15,-0.7071067811865471,-0.7071067811865479,219,-0.5877852522924734,-0.8090169943749472,235.0
node_5_1,2026-08-07 16:00:00,19.319189275885506,87.72260455586873,0.44592459606991414,310.31909850533697,806.8557754063111,68.4116413815819,20.6,83,0.501,264.0,793.9,16,-0.8660254037844384,-0.5000000000000004,219,-0.5877852522924734,-0.8090169943749472,235.0
node_5_1,2026-08-07 17:00:00,18.969901458982484,90.93808728076772,0.4399455534417567,176.57417482961574,806.8188701332547,68.4116413815819,18.1,99,0.506,159.0,793.2,17,-0.9659258262890683,-0.25881904510252063,219,-0.5877852522924734,-0.8090169943749472,235.0
node_5_1,2026-08-07 18:00:00,17.752327541990162,95.8698109510037,0.444497265997358,84.34920471061453,806.4686731319694,68.4116413815819,18.3,100,0.505,57.0,793.0,18,-1.0,-1.8369701987210297e-16,219,-0.5877852522924734,-0.8090169943749472,235.0
node_5_1,2026-08-07 19:00:00,16.91269017069616,97.93051187782201,0.44452822235697415,9.364205560909923,806.6597497618088,68.4116413815819,18.0,100,0.504,12.0,793.0,19,-0.9659258262890684,0.2588190451025203,219,-0.5877852522924734,-0.8090169943749472,235.0
node_5_1,2026-08-07 20:00:00,16.360155073743925,96.93051187782201,0.4417722378566614,0.0,806.6919788435312,68.4116413815819,17.6,98,0.502,0.0,793.1,20,-0.8660254037844386,0.5000000000000001,219,-0.5877852522924734,-0.8090169943749472,235.0
node_5_1,2026-08-07 21:00:00,15.81690688467653,97.18210278045495,0.4396420488076651,0.0,806.8528261892028,68.4116413815819,17.9,98,0.5,0.0,793.6,21,-0.7071067811865477,0.7071067811865474,219,-0.5877852522924734,-0.8090169943749472,235.0
node_5_1,2026-08-07 22:00:00,15.604009159018295,96.90713092115158,0.4425370095523338,0.0,807.2439028190422,68.4116413815819,17.8,96,0.499,0.0,794.1,22,-0.5000000000000004,0.8660254037844384,219,-0.5877852522924734,-0.8090169943749472,235.0
node_5_1,2026-08-07 23:00:00,16.594964609616245,95.77694187215529,0.45320552918803464,0.0,807.1711576464897,68.4116413815819,17.4,98,0.495,0.0,794.0,23,-0.25881904510252157,0.9659258262890681,219,-0.5877852522924734,-0.8090169943749472,235.0
node_5_1,2026-08-08 00:00:00,16.110957971236093,96.52535096952236,0.4476538166324333,0.0,807.0681831897695,68.4116413815819,17.2,98,0.499,0.0,794.0,0,0.0,1.0,220,-0.6016240632249227,-0.7987793728863648,235.0
node_5_1,2026-08-08 01:00:00,15.57860771027221,96.89955551820589,0.4497618365171731,0.0,806.7870298288681,68.4116413815819,17.3,97,0.5,0.0,793.7,1,0.25881904510252074,0.9659258262890683,220,-0.6016240632249227,-0.7987793728863648,235.0
node_5_1,2026-08-08 02:00:00,15.20895817368137,97.02974456720219,0.4524349509264111,0.0,806.6434181020766,68.4116413815819,17.5,93,0.5,0.0,793.4,2,0.49999999999999994,0.8660254037844387,220,-0.6016240632249227,-0.7987793728863648,235.0
node_5_1,2026-08-08 03:00:00,15.153448620008916,96.28133546983511,0.4487618365171731,0.0,805.9528261892028,68.4116413815819,17.6,89,0.499,0.0,793.4,3,0.7071067811865475,0.7071067811865476,220,-0.6016240632249227,-0.7987793728863648,235.0
node_5_1,2026-08-08 04:00:00,15.274996892498816,94.784517275101,0.44550145841918054,0.0,805.8339795501041,68.4116413815819,17.7,87,0.499,0.0,793.1,4,0.8660254037844386,0.5000000000000001,220,-0.6016240632249227,-0.7987793728863648,235.0
node_5_1,2026-08-08 05:00:00,15.662856707135152,93.81426184230318,0.43821714231993686,0.0,806.1613555567931,68.4116413815819,17.1,95,0.501,0.0,793.3,5,0.9659258262890683,0.25881904510252074,220,-0.6016240632249227,-0.7987793728863648,235.0
node_5_1,2026-08-08 06:00:00,15.337697616871859,94.28133546983513,0.44247873221034345,27.821280200668248,806.4302475530894,68.4116413815819,17.2,95,0.5,24.0,793.4,6,1.0,6.123233995736766e-17,220,-0.6016240632249227,-0.7987793728863648,235.0
node_5_1,2026-08-08 07:00:00,16.298762081414367,96.05948913440436,0.44295216944840715,156.24916258053508,807.317865009243,68.4116413815819,19.0,96,0.499,159.0,794.5,7,0.9659258262890683,-0.25881904510252063,220,-0.6016240632249227,-0.7987793728863648,235.0
node_5_1,2026-08-08 08:00:00,17.564018020325374,94.09680910455226,0.44904559557183615,314.12841073746176,808.9326161136025,68.4116413815819,22.3,72,0.498,376.0,797.0,8,0.8660254037844387,-0.4999999999999998,220,-0.6016240632249227,-0.7987793728863648,235.0
node_5_1,2026-08-08 09:00:00,18.31257876178003,90.07342814788184,0.44787687476027804,492.5051888265692,809.5162592142585,68.4116413815819,22.3,69,0.497,593.0,797.2,9,0.7071067811865476,-0.7071067811865475,220,-0.6016240632249227,-0.7987793728863648,235.0
node_5_1,2026-08-08 10:00:00,19.139768114444248,84.23184532320435,0.447204972143454,631.9182413249806,810.0029979508762,68.4116413815819,21.6,75,0.497,603.0,797.3,10,0.49999999999999994,-0.8660254037844387,220,-0.6016240632249227,-0.7987793728863648,235.0
node_5_1,2026-08-08 11:00:00,20.267957365885824,81.318350791521,0.44902988772136415,807.6572654687681,810.5492205966639,68.4116413815819,23.5,58,0.5,754.0,798.2,11,0.258819045102521,-0.9659258262890682,220,-0.6016240632249227,-0.7987793728863648,235.0
node_5_1,2026-08-08 12:00:00,21.011230794565087,76.89440370008808,0.44474612866670105,819.1088313896032,810.3425141429286,68.4116413815819,23.4,68,0.499,894.0,797.9,12,1.2246467991473532e-16,-1.0,220,-0.6016240632249227,-0.7987793728863648,235.0
node_5_1,2026-08-08 13:00:00,21.473416337126345,72.8300673960279,0.4417075969041393,814.4824266413627,809.8111637807424,68.4116413815819,22.4,74,0.502,865.0,797.0,13,-0.2588190451025208,-0.9659258262890683,220,-0.6016240632249227,-0.7987793728863648,235.0
node_5_1,2026-08-08 14:00:00,21.58631406278458,72.42611828014219,0.4381722469468433,751.9721742253885,809.2950492398811,68.4116413815819,21.8,71,0.504,788.0,796.3,14,-0.4999999999999997,-0.8660254037844388,220,-0.6016240632249227,-0.7987793728863648,235.0
node_5_1,2026-08-08 15:00:00,21.583218426822967,72.4868192069605,0.43495040061141255,646.4257681807709,808.826278422826,68.4116413815819,21.2,75,0.502,598.0,796.1,15,-0.7071067811865471,-0.7071067811865479,220,-0.6016240632249227,-0.7987793728863648,235.0
node_5_1,2026-08-08 16:00:00,21.220517702449925,74.4868192069605,0.43291944425179635,507.65170449750156,808.3354441514696,68.4116413815819,21.6,74,0.5,461.0,795.7,16,-0.8660254037844384,-0.5000000000000004,220,-0.6016240632249227,-0.7987793728863648,235.0
node_5_1,2026-08-08 17:00:00,20.69114189820626,82.55630732913849,0.43223688789936543,296.1694278117348,808.8169915149413,68.4116413815819,21.0,77,0.498,325.0,796.1,17,-0.9659258262890683,-0.25881904510252063,220,-0.6016240632249227,-0.7987793728863648,235.0
node_5_1,2026-08-08 18:00:00,19.380001611619956,92.4868192069605,0.4310459979235508,112.72018097104083,808.4151381362399,68.4116413815819,19.5,86,0.496,142.0,795.3,18,-1.0,-1.8369701987210297e-16,220,-0.6016240632249227,-0.7987793728863648,235.0
node_5_1,2026-08-08 19:00:00,18.39511625370384,94.33446099370774,0.4305118597586688,10.785729067514954,808.7579923227369,68.4116413815819,17.5,99,0.495,16.0,795.0,19,-0.9659258262890684,0.2588190451025203,220,-0.6016240632249227,-0.7987793728863648,235.0
node_5_1,2026-08-08 20:00:00,17.798211889665453,95.58605189634068,0.42960351704510324,0.0,809.2376863075071,68.4116413815819,17.1,99,0.494,0.0,794.9,20,-0.8660254037844386,0.5000000000000001,220,-0.6016240632249227,-0.7987793728863648,235.0
node_5_1,2026-08-08 21:00:00,17.145676792713218,95.27376006688942,0.42866421797192156,0.0,809.2640876550305,68.4116413815819,16.8,99,0.494,0.0,795.3,21,-0.7071067811865477,0.7071067811865474,220,-0.6016240632249227,-0.7987793728863648,235.0
node_5_1,2026-08-08 22:00:00,15.981365048121503,95.93051187782201,0.4280384225206051,0.0,808.2726422622327,68.4116413815819,16.7,98,0.493,0.0,795.7,22,-0.5000000000000004,0.8660254037844384,220,-0.6016240632249227,-0.7987793728863648,235.0
node_5_1,2026-08-08 23:00:00,16.249620683364597,95.71624094533696,0.4259504006114125,0.0,808.1193496249858,68.4116413815819,16.8,100,0.5,0.0,795.5,23,-0.25881904510252157,0.9659258262890681,220,-0.6016240632249227,-0.7987793728863648,235.0
node_5_1,2026-08-09 00:00:00,15.771684137666277,96.52535096952236,0.42535434972729824,0.0,807.8162539890242,68.4116413815819,15.9,100,0.499,0.0,795.1,0,0.0,1.0,221,-0.6152845999633277,-0.7883050558305253,235.0
node_5_1,2026-08-09 01:00:00,15.634142503556529,96.89955551820589,0.42475829884318395,0.0,807.4192284457445,68.4116413815819,15.3,100,0.498,0.0,794.2,1,0.25881904510252074,0.9659258262890683,221,-0.6152845999633277,-0.7883050558305253,235.0
node_5_1,2026-08-09 02:00:00,15.630804509112126,97.27376006688941,0.42447575158093487,0.0,807.6098203586182,68.4116413815819,15.1,100,0.497,0.0,793.7,2,0.49999999999999994,0.8660254037844387,221,-0.6152845999633277,-0.7883050558305253,235.0
node_5_1,2026-08-09 03:00:00,15.343702234770362,97.21305914007108,0.42753008889722144,0.0,807.4099415378596,68.4116413815819,15.2,100,0.496,0.0,793.4,3,0.7071067811865475,0.7071067811865476,221,-0.6152845999633277,-0.7883050558305253,235.0
node_5_1,2026-08-09 04:00:00,15.327708873150511,96.1833145728689,0.4276217461836559,0.0,807.5664509903095,68.4116413815819,15.6,100,0.495,0.0,794.1,4,0.8660254037844386,0.5000000000000001,221,-0.6152845999633277,-0.7883050558305253,235.0
node_5_1,2026-08-09 05:00:00,15.06200322721105,94.96783184796992,0.41611033422761096,0.0,806.7642036090376,68.4116413815819,15.6,97,0.495,0.0,794.3,5,0.9659258262890683,0.25881904510252074,221,-0.6152845999633277,-0.7883050558305253,235.0
node_5_1,2026-08-09 06:00:00,14.925340312637267,96.18210278045497,0.41882142335483014,25.82764381120001,807.095553971224,68.4116413815819,16.8,97,0.496,17.0,795.3,6,1.0,6.123233995736766e-17,221,-0.6152845999633277,-0.7883050558305253,235.0
node_5_1,2026-08-09 07:00:00,16.63016814805895,95.93051187782201,0.41853887609258106,161.9339471112886,808.6283941743878,68.4116413815819,18.4,95,0.496,114.0,796.5,7,0.9659258262890683,-0.25881904510252063,221,-0.6152845999633277,-0.7883050558305253,235.0
node_5_1,2026-08-09 08:00:00,18.473173978643555,93.3332492012938,0.4176305333790155,351.355522870237,810.0702789269537,68.4116413815819,19.4,92,0.495,303.0,797.2,8,0.8660254037844387,-0.4999999999999998,221,-0.6152845999633277,-0.7883050558305253,235.0
node_5_1,2026-08-09 09:00:00,20.216422167710952,80.71866453016487,0.41634798611676643,516.007634456723,811.1254249429021,68.4116413815819,20.3,87,0.495,434.0,797.7,9,0.7071067811865476,-0.7071067811865475,221,-0.6152845999633277,-0.7883050558305253,235.0
node_5_1,2026-08-09 10:00:00,21.403403262811317,71.47464903047765,0.4144396434032009,685.5836419143809,811.4656986752492,68.4116413815819,21.1,82,0.494,604.0,798.0,10,0.49999999999999994,-0.8660254037844387,221,-0.6152845999633277,-0.7883050558305253,235.0
node_5_1,2026-08-09 11:00:00,22.425466717113,67.64796461557295,0.4109352498055211,829.4217325159784,811.5241826856418,68.4116413815819,20.5,82,0.513,674.0,797.4,11,0.258819045102521,-0.9659258262890682,221,-0.6152845999633277,-0.7883050558305253,235.0
node_5_1,2026-08-09 12:00:00,22.066982706720324,70.76815467679563,0.40837015528102294,836.968293253462,810.8525585911082,68.4116413815819,20.9,81,0.509,796.0,797.4,12,1.2246467991473532e-16,-1.0,221,-0.6152845999633277,-0.7883050558305253,235.0
node_5_1,2026-08-09 13:00:00,22.267103885961724,70.04949014663076,0.40577410439690864,818.3004785537737,810.3929535026967,68.4116413815819,21.0,84,0.509,771.0,797.1,13,-0.2588190451025208,-0.9659258262890683,221,-0.6152845999633277,-0.7883050558305253,235.0
node_5_1,2026-08-09 14:00:00,22.03365778659095,71.60579747576925,0.40383480532372695,752.7444236207539,809.6272783216034,68.4116413815819,21.6,82,0.506,667.0,797.0,14,-0.4999999999999997,-0.8660254037844388,221,-0.6152845999633277,-0.7883050558305253,235.0
node_5_1,2026-08-09 15:00:00,21.886950423837753,72.69866655461766,0.40336136808566325,609.2879060255761,809.1767177825941,68.4116413815819,20.9,83,0.504,374.0,796.1,15,-0.7071067811865471,-0.7071067811865479,221,-0.6152845999633277,-0.7883050558305253,235.0
node_5_1,2026-08-09 16:00:00,21.54048541956735,75.50656478638908,0.4028569744879834,394.99914304422725,808.604972508819,68.4116413815819,20.7,84,0.502,393.0,795.7,16,-0.8660254037844384,-0.5000000000000004,221,-0.6152845999633277,-0.7883050558305253,235.0
node_5_1,2026-08-09 17:00:00,21.460427897072915,79.45707463975832,0.41008003261582815,258.48333852258463,808.8137746997382,68.4116413815819,21.4,79,0.489,296.0,795.4,17,-0.9659258262890683,-0.25881904510252063,221,-0.6152845999633277,-0.7883050558305253,235.0
node_5_1,2026-08-09 18:00:00,20.25447898363248,87.862235548058,0.40979748535357907,115.5617637957183,808.3363228710056,68.4116413815819,19.7,89,0.488,118.0,794.7,18,-1.0,-1.8369701987210297e-16,221,-0.6152845999633277,-0.7883050558305253,235.0
node_5_1,2026-08-09 19:00:00,19.14840889095065,93.23522830432758,0.40948398173171385,10.503181805265879,808.3152593154812,68.4116413815819,18.2,100,0.488,12.0,794.6,19,-0.9659258262890684,0.2588190451025203,221,-0.6152845999633277,-0.7883050558305253,235.0
node_5_1,2026-08-09 20:00:00,18.645434434230427,94.1733155850953,0.40948398173171385,0.0,808.7841513117775,68.4116413815819,18.2,100,0.488,0.0,795.1,20,-0.8660254037844386,0.5000000000000001,221,-0.6152845999633277,-0.7883050558305253,235.0
node_5_1,2026-08-09 21:00:00,18.285950525060393,94.39516192052605,0.40882722992078124,0.0,809.185151210555,68.4116413815819,18.1,100,0.487,0.0,795.7,21,-0.7071067811865477,0.7071067811865474,221,-0.6152845999633277,-0.7883050558305253,235.0
node_5_1,2026-08-09 22:00:00,17.889167340263402,94.64675282315899,0.40917047810984863,0.0,809.0580175623487,68.4116413815819,18.1,99,0.487,0.0,796.0,22,-0.5000000000000004,0.8660254037844384,221,-0.6152845999633277,-0.7883050558305253,235.0
node_5_1,2026-08-09 23:00:00,18.05484252135666,93.61579646354286,0.4148830836779438,0.0,808.8389285647672,68.4116413815819,18.3,98,0.482,0.0,795.6,23,-0.25881904510252157,0.9659258262890681,221,-0.6152845999633277,-0.7883050558305253,235.0
node_5_1,2026-08-10 00:00:00,17.49435871340927,93.6170082559568,0.4183155655686177,0.0,808.4861511093322,68.4116413815819,17.2,100,0.482,0.0,794.6,0,0.0,1.0,222,-0.6287628145958345,-0.7775971469736268,235.0
node_5_1,2026-08-10 01:00:00,17.217881543842026,93.36541735332386,0.41940843464746613,0.0,808.0044825666191,68.4116413815819,17.0,100,0.482,0.0,794.4,1,0.25881904510252074,0.9659258262890683,222,-0.6287628145958345,-0.7775971469736268,235.0
node_5_1,2026-08-10 02:00:00,17.13375372622048,92.6491764079869,0.4207155746587996,0.0,807.9326161136025,68.4116413815819,17.2,100,0.481,0.0,794.3,2,0.49999999999999994,0.8660254037844387,222,-0.6287628145958345,-0.7775971469736268,235.0
node_5_1,2026-08-10 03:00:00,16.924587997577035,93.24522729210118,0.4226485101214495,0.0,807.4608708398275,68.4116413815819,17.2,99,0.481,0.0,794.0,3,0.7071067811865475,0.7071067811865476,222,-0.6287628145958345,-0.7775971469736268,235.0
node_5_1,2026-08-10 04:00:00,16.71244781221337,94.93172367023595,0.4223052619323821,0.0,807.4769853806888,68.4116413815819,17.2,99,0.481,0.0,794.0,4,0.8660254037844386,0.5000000000000001,222,-0.6287628145958345,-0.7775971469736268,235.0
node_5_1,2026-08-10 05:00:00,17.043676995158496,96.84006638380151,0.42407730438253827,0.0,807.520475928239,68.4116413815819,17.2,100,0.482,0.0,793.4,5,0.9659258262890683,0.25881904510252074,222,-0.6287628145958345,-0.7775971469736268,235.0
node_5_1,2026-08-10 06:00:00,17.05284272380194,97.03095635961611,0.426015391663306,16.93051187782202,807.8831766526121,68.4116413815819,17.6,100,0.483,13.0,793.9,6,1.0,6.123233995736766e-17,222,-0.6287628145958345,-0.7775971469736268,235.0
node_5_1,2026-08-10 07:00:00,17.892995276907723,94.08408188348874,0.42724481340168247,98.57539816073376,808.8828131148878,68.4116413815819,18.4,98,0.484,96.0,794.4,7,0.9659258262890683,-0.25881904510252063,222,-0.6287628145958345,-0.7775971469736268,235.0
node_5_1,2026-08-10 08:00:00,18.3220075434272,93.49560640232016,0.4285273606639315,193.09792319371357,809.2414183045219,68.4116413815819,18.6,97,0.484,201.0,795.0,8,0.8660254037844387,-0.4999999999999998,222,-0.6287628145958345,-0.7775971469736268,235.0
node_5_1,2026-08-10 09:00:00,18.691414721535253,91.93172367023597,0.4296499743099821,292.79629663857327,809.7352270325987,68.4116413815819,19.6,92,0.486,332.0,795.5,9,0.7071067811865476,-0.7071067811865475,222,-0.6287628145958345,-0.7775971469736268,235.0
node_5_1,2026-08-10 10:00:00,18.86228127577438,90.84127817621545,0.4425554910870051,381.1920678560233,809.8382014893189,68.4116413815819,20.9,86,0.486,465.0,796.2,10,0.49999999999999994,-0.8660254037844387,222,-0.6287628145958345,-0.7775971469736268,235.0
node_5_1,2026-08-10 11:00:00,18.630754029888397,93.59605088411428,0.44501554635617196,377.909775054057,810.0442715820006,68.4116413815819,19.6,90,0.488,469.0,795.5,11,0.258819045102521,-0.9659258262890682,222,-0.6287628145958345,-0.7775971469736268,235.0
node_5_1,2026-08-10 12:00:00,18.79433347379741,91.28254726224907,0.4438531891551456,366.65498030083216,809.6191124917373,68.4116413815819,18.4,95,0.51,242.0,795.1,12,1.2246467991473532e-16,-1.0,222,-0.6287628145958345,-0.7775971469736268,235.0
node_5_1,2026-08-10 13:00:00,19.661008553668026,87.59483909170032,0.4453994974965105,520.0428626012763,809.3877621295509,68.4116413815819,18.8,97,0.511,280.0,794.8,13,-0.2588190451025208,-0.9659258262890683,222,-0.6287628145958345,-0.7775971469736268,235.0
node_5_1,2026-08-10 14:00:00,19.67105300184744,86.87617456153546,0.4442668848626863,391.5760868207723,808.5281570411395,68.4116413815819,19.1,94,0.508,397.0,794.2,14,-0.4999999999999997,-0.8660254037844388,222,-0.6287628145958345,-0.7775971469736268,235.0
node_5_1,2026-08-10 15:00:00,19.949110726787154,83.54050177541376,0.44810210407683193,371.7899099506334,808.3433928624647,68.4116413815819,19.1,97,0.507,293.0,794.0,15,-0.7071067811865471,-0.7071067811865479,222,-0.6287628145958345,-0.7775971469736268,235.0
node_5_1,2026-08-10 16:00:00,19.674269817050448,85.03610817773394,0.4462632494854444,248.50388200400843,807.7997811356731,68.4116413815819,19.2,96,0.504,209.0,793.9,16,-0.8660254037844384,-0.5000000000000004,222,-0.6287628145958345,-0.7775971469736268,235.0
node_5_1,2026-08-10 17:00:00,19.08516774515396,92.6567518109326,0.4445575645724617,158.5649920839755,808.243150503982,68.4116413815819,19.9,92,0.493,174.0,794.2,17,-0.9659258262890683,-0.25881904510252063,222,-0.6287628145958345,-0.7775971469736268,235.0
node_5_1,2026-08-10 18:00:00,18.354938460986194,95.40394911588571,0.44100706380927435,64.03489638531998,807.8098255838526,68.4116413815819,18.6,98,0.493,99.0,793.7,18,-1.0,-1.8369701987210297e-16,222,-0.6287628145958345,-0.7775971469736268,235.0
node_5_1,2026-08-10 19:00:00,17.9083522774744,98.49560640232016,0.44439071030115085,5.503181805265879,808.0847876728307,68.4116413815819,17.9,100,0.492,10.0,793.5,19,-0.9659258262890684,0.2588190451025203,222,-0.6287628145958345,-0.7775971469736268,235.0
node_5_1,2026-08-10 20:00:00,17.755696001280764,98.12140185363663,0.4438799530929392,0.0,808.6100679423353,68.4116413815819,17.8,99,0.491,0.0,794.1,20,-0.8660254037844386,0.5000000000000001,222,-0.6287628145958345,-0.7775971469736268,235.0
node_5_1,2026-08-10 21:00:00,17.465740449460178,97.7471973049531,0.4437795086111451,0.0,808.6828131148877,68.4116413815819,17.4,100,0.49,0.0,794.3,21,-0.7071067811865477,0.7071067811865474,222,-0.6287628145958345,-0.7775971469736268,235.0
node_5_1,2026-08-10 22:00:00,17.13153680979483,97.46465004270404,0.441495749556482,0.0,808.4768642014474,68.4116413815819,17.7,99,0.489,0.0,794.7,22,-0.5000000000000004,0.8660254037844384,222,-0.6287628145958345,-0.7775971469736268,235.0
node_5_1,2026-08-10 23:00:00,17.84974708784033,93.56267093967024,0.4428080413859333,0.0,808.1384438478016,68.4116413815819,18.0,100,0.489,0.0,794.0,23,-0.25881904510252157,0.9659258262890681,222,-0.6287628145958345,-0.7775971469736268,235.0
node_5_1,2026-08-11 00:00:00,17.358912816483773,94.93687548835378,0.4422107787094051,0.0,807.8103103008182,68.4116413815819,17.8,99,0.489,0.0,793.7,0,0.0,1.0,223,-0.6420547132365636,-0.7666588193001592,235.0
node_5_1,2026-08-11 01:00:00,17.184071906747068,96.34203639665344,0.44233096877062783,0.0,807.6576540246245,68.4116413815819,17.7,99,0.496,0.0,793.6,1,0.25881904510252074,0.9659258262890683,223,-0.6420547132365636,-0.7666588193001592,235.0
node_5_1,2026-08-11 02:00:00,16.90923099701036,96.74719730495312,0.4423904579050322,0.0,807.4829342941292,68.4116413815819,17.6,99,0.5,0.0,793.4,2,0.49999999999999994,0.8660254037844387,223,-0.6420547132365636,-0.7666588193001592,235.0
node_5_1,2026-08-11 03:00:00,16.784071906747066,96.06070092681833,0.4435725606854871,0.0,807.389004386811,68.4116413815819,17.5,99,0.504,0.0,793.4,3,0.7071067811865475,0.7071067811865476,223,-0.6420547132365636,-0.7666588193001592,235.0
node_5_1,2026-08-11 04:00:00,16.58716754270868,96.0,0.44260230525268934,0.0,807.4264248416794,68.4116413815819,17.3,100,0.507,0.0,793.2,4,0.8660254037844386,0.5000000000000001,223,-0.6420547132365636,-0.7666588193001592,235.0
node_5_1,2026-08-11 05:00:00,16.42634543664897,97.30471642650555,0.43920350795492147,0.0,807.645877376985,68.4116413815819,16.9,100,0.485,0.0,793.8,5,0.9659258262890683,0.25881904510252074,223,-0.6420547132365636,-0.7666588193001592,235.0
node_5_1,2026-08-11 06:00:00,16.56610398718436,96.2130591400711,0.43882930340623794,15.205483737125387,807.8367116483415,68.4116413815819,16.7,99,0.491,9.0,793.8,6,1.0,6.123233995736766e-17,223,-0.6420547132365636,-0.7666588193001592,235.0
node_5_1,2026-08-11 07:00:00,17.206377719531538,95.4968181947341,0.43923446431453755,99.72048561950282,808.5518262904254,68.4116413815819,17.7,97,0.491,116.0,794.4,7,0.9659258262890683,-0.25881904510252063,223,-0.6420547132365636,-0.7666588193001592,235.0
node_5_1,2026-08-11 08:00:00,17.955696001280767,93.02459274908436,0.4388305151986518,246.09292813262584,809.4949533002515,68.4116413815819,18.7,91,0.49,198.0,795.4,8,0.8660254037844387,-0.4999999999999998,223,-0.6420547132365636,-0.7666588193001592,235.0
node_5_1,2026-08-11 09:00:00,18.77156818365922,89.27739544413126,0.4392666324665676,414.92633305886767,810.0978065777302,68.4116413815819,18.3,95,0.492,210.0,795.6,9,0.7071067811865476,-0.7071067811865475,223,-0.6420547132365636,-0.7666588193001592,235.0
node_5_1,2026-08-11 10:00:00,19.272204544712395,87.36905273056571,0.44166542976433554,518.3261535439783,810.5290357606755,68.4116413815819,18.6,98,0.497,288.0,795.9,10,0.49999999999999994,-0.8660254037844387,223,-0.6420547132365636,-0.7666588193001592,235.0
node_5_1,2026-08-11 11:00:00,18.628835176403605,90.67134557224338,0.44811856437839004,585.9107799012615,810.4788387593902,68.4116413815819,17.9,98,0.511,351.0,795.8,11,0.258819045102521,-0.9659258262890682,223,-0.6420547132365636,-0.7666588193001592,235.0
node_5_1,2026-08-11 12:00:00,18.55423662514969,91.35784195037817,0.4471856289157401,303.9519401296966,810.0446351197248,68.4116413815819,18.3,100,0.518,141.0,795.7,12,1.2246467991473532e-16,-1.0,223,-0.6420547132365636,-0.7666588193001592,235.0
node_5_1,2026-08-11 13:00:00,18.824345639094243,91.26739645635764,0.4452836498127063,322.7372119200477,809.4443927612419,68.4116413815819,18.4,98,0.515,151.0,795.2,13,-0.2588190451025208,-0.9659258262890683,223,-0.6420547132365636,-0.7666588193001592,235.0
node_5_1,2026-08-11 14:00:00,18.799307728072346,93.14478281030706,0.4494681761779892,257.89895982415004,808.8160168557758,68.4116413815819,19.2,99,0.511,276.0,795.1,14,-0.4999999999999997,-0.8660254037844388,223,-0.6420547132365636,-0.7666588193001592,235.0
node_5_1,2026-08-11 15:00:00,19.18507180552443,91.88319291990052,0.4480927598368917,336.9947097649902,808.0129212198142,68.4116413815819,20.4,91,0.508,400.0,795.0,15,-0.7071067811865471,-0.7071067811865479,223,-0.6420547132365636,-0.7666588193001592,235.0
node_5_1,2026-08-11 16:00:00,19.119517803672565,91.16574018214959,0.4457482998554103,211.49980356141265,807.4410547667977,68.4116413815819,20.8,86,0.505,327.0,794.7,16,-0.8660254037844384,-0.5000000000000004,223,-0.6420547132365636,-0.7666588193001592,235.0
node_5_1,2026-08-11 17:00:00,19.877728990736244,88.08044650624689,0.45158311671784135,162.77572327830725,808.2310103186182,68.4116413815819,19.7,92,0.517,246.0,794.8,17,-0.9659258262890683,-0.25881904510252063,223,-0.6420547132365636,-0.7666588193001592,235.0
node_5_1,2026-08-11 18:00:00,18.944161712124078,92.4868192069605,0.44979617585791243,86.54989146626335,807.6783540424246,68.4116413815819,19.3,95,0.511,103.0,794.3,18,-1.0,-1.8369701987210297e-16,223,-0.6420547132365636,-0.7666588193001592,235.0
node_5_1,2026-08-11 19:00:00,18.006498898772936,94.9602564450242,0.44723108133341427,7.443692670861507,807.785181675401,68.4116413815819,18.1,97,0.508,10.0,793.3,19,-0.9659258262890684,0.2588190451025203,223,-0.6420547132365636,-0.7666588193001592,235.0
node_5_1,2026-08-11 20:00:00,17.646893810361505,95.77694187215529,0.44560528588209786,0.0,808.5287934021926,68.4116413815819,17.9,94,0.506,0.0,794.0,20,-0.8660254037844386,0.5000000000000001,223,-0.6420547132365636,-0.7666588193001592,235.0
node_5_1,2026-08-11 21:00:00,17.487288721950076,95.31108003703731,0.4440401913575997,0.0,809.0320102173957,68.4116413815819,18.2,89,0.504,0.0,794.8,21,-0.7071067811865477,0.7071067811865474,223,-0.6420547132365636,-0.7666588193001592,235.0
node_5_1,2026-08-11 22:00:00,17.027925992021437,95.21942275060286,0.4427576440953506,0.0,809.1918576642898,68.4116413815819,18.3,85,0.502,0.0,795.2,22,-0.5000000000000004,0.8660254037844384,223,-0.6420547132365636,-0.7666588193001592,235.0
node_5_1,2026-08-11 23:00:00,17.106741257255724,94.25037911021899,0.4418493013817851,0.0,808.7637241173064,68.4116413815819,18.2,85,0.5,0.0,794.8,23,-0.25881904510252157,0.9659258262890681,223,-0.6420547132365636,-0.7666588193001592,235.0
node_5_1,2026-08-12 00:00:00,16.90947335549315,94.56388273208421,0.4408493013817851,0.0,808.9108254826299,68.4116413815819,18.3,80,0.499,0.0,795.1,0,0.0,1.0,224,-0.655156357209085,-0.7554933140726804,235.0
node_5_1,2026-08-12 01:00:00,16.621613540856814,96.06706453735008,0.439566754119536,0.0,808.9269400234912,68.4116413815819,18.3,78,0.498,0.0,795.2,1,0.25881904510252074,0.9659258262890683,224,-0.655156357209085,-0.7554933140726804,235.0
node_5_1,2026-08-12 02:00:00,16.455938359763554,95.97540725091562,0.4392842068572869,0.0,808.6986852972664,68.4116413815819,18.6,76,0.497,0.0,795.2,2,0.49999999999999994,0.8660254037844387,224,-0.655156357209085,-0.7554933140726804,235.0
node_5_1,2026-08-12 03:00:00,16.255938359763555,95.60120270223209,0.4382842068572869,0.0,808.4520991137545,68.4116413815819,19.0,73,0.496,0.0,795.0,3,0.7071067811865475,0.7071067811865476,224,-0.655156357209085,-0.7554933140726804,235.0
node_5_1,2026-08-12 04:00:00,16.06200845244539,95.22699815354855,0.4376274550463543,0.0,808.3772582040177,68.4116413815819,19.3,72,0.495,0.0,795.2,4,0.8660254037844386,0.5000000000000001,224,-0.655156357209085,-0.7554933140726804,235.0
node_5_1,2026-08-12 05:00:00,16.66188727320399,95.60120270223209,0.43665841140597045,0.0,808.6077298466685,68.4116413815819,18.7,79,0.491,0.0,795.2,5,0.9659258262890683,0.25881904510252074,224,-0.655156357209085,-0.7554933140726804,235.0
node_5_1,2026-08-12 06:00:00,16.590384357911688,96.00636361053176,0.4356584114059705,25.639177420213286,808.6927363838258,68.4116413815819,19.3,77,0.49,25.0,795.7,6,1.0,6.123233995736766e-17,224,-0.655156357209085,-0.7554933140726804,235.0
node_5_1,2026-08-12 07:00:00,17.971658898054415,93.53171458005411,0.4353758641437214,168.18129333975568,809.2393225673376,68.4116413815819,21.4,80,0.49,183.0,797.1,7,0.9659258262890683,-0.25881904510252063,224,-0.655156357209085,-0.7554933140726804,235.0
node_5_1,2026-08-12 08:00:00,19.771022537001237,87.12655367175445,0.4340623605218562,356.14003334390395,810.3442715820007,68.4116413815819,22.3,72,0.489,393.0,798.1,8,0.8660254037844387,-0.4999999999999998,224,-0.655156357209085,-0.7554933140726804,235.0
node_5_1,2026-08-12 09:00:00,21.129870085118093,75.97540725091562,0.4324056087109236,574.6332684137395,810.9372015905415,68.4116413815819,23.5,65,0.488,596.0,798.5,9,0.7071067811865476,-0.7071067811865475,224,-0.655156357209085,-0.7554933140726804,235.0
node_5_1,2026-08-12 10:00:00,22.167411719227843,70.60120270223209,0.429748856899991,716.1325101933015,811.1179914137186,68.4116413815819,24.9,60,0.486,766.0,798.9,10,0.49999999999999994,-0.8660254037844387,224,-0.655156357209085,-0.7554933140726804,235.0
node_5_1,2026-08-12 11:00:00,22.89630280650593,68.00515181811781,0.4264663096377419,757.5155975764333,811.110800243018,68.4116413815819,24.2,66,0.488,849.0,798.3,11,0.258819045102521,-0.9659258262890682,224,-0.655156357209085,-0.7554933140726804,235.0
node_5_1,2026-08-12 12:00:00,22.21183669077206,74.54630834136488,0.4271761869725471,818.1625641462357,810.3989024161372,68.4116413815819,24.5,69,0.488,846.0,798.4,12,1.2246467991473532e-16,-1.0,224,-0.655156357209085,-0.7554933140726804,235.0
node_5_1,2026-08-12 13:00:00,22.249620683364597,77.97757843962488,0.4297610270764738,708.5918041457842,809.7858835112377,68.4116413815819,24.7,68,0.486,798.0,798.1,13,-0.2588190451025208,-0.9659258262890683,224,-0.655156357209085,-0.7554933140726804,235.0
node_5_1,2026-08-12 14:00:00,22.496206866876395,76.91687751280656,0.43028516625358226,646.5878573186462,809.5354441514695,68.4116413815819,24.6,67,0.484,739.0,797.9,14,-0.4999999999999997,-0.8660254037844388,224,-0.655156357209085,-0.7554933140726804,235.0
node_5_1,2026-08-12 15:00:00,22.069346041999232,78.22401752414001,0.43093434266156916,478.4468713798812,809.2575076057713,68.4116413815819,23.9,72,0.483,569.0,797.4,15,-0.7071067811865471,-0.7071067811865479,224,-0.655156357209085,-0.7554933140726804,235.0
node_5_1,2026-08-12 16:00:00,21.853746682949772,78.94268205430488,0.43040020449668714,424.5090908117396,808.9412718856686,68.4116413815819,23.2,78,0.483,454.0,796.8,16,-0.8660254037844384,-0.5000000000000004,224,-0.655156357209085,-0.7554933140726804,235.0
node_5_1,2026-08-12 17:00:00,21.522547964850848,77.06771928518337,0.42471007274131045,283.460062070601,809.3410295271858,68.4116413815819,22.1,82,0.48,279.0,796.3,17,-0.9659258262890683,-0.25881904510252063,224,-0.655156357209085,-0.7554933140726804,235.0
node_5_1,2026-08-12 18:00:00,20.766280870883822,83.34269114448675,0.4259565118258256,123.55449304123461,809.5262784228262,68.4116413815819,20.7,91,0.481,114.0,796.2,18,-1.0,-1.8369701987210297e-16,224,-0.655156357209085,-0.7554933140726804,235.0
node_5_1,2026-08-12 19:00:00,19.366402050125217,90.53236932788741,0.4252700154476908,10.25037911021899,809.3244250441246,68.4116413815819,19.3,100,0.481,10.0,796.4,19,-0.9659258262890684,0.2588190451025203,224,-0.655156357209085,-0.7554933140726804,235.0
node_5_1,2026-08-12 20:00:00,18.91310941287841,92.18790934640606,0.424583519069556,0.0,809.8437564001889,68.4116413815819,19.3,99,0.481,0.0,797.2,20,-0.8660254037844386,0.5000000000000001,224,-0.655156357209085,-0.7554933140726804,235.0
node_5_1,2026-08-12 21:00:00,18.58175905069189,92.18790934640606,0.42386606633180507,0.0,810.497170216677,68.4116413815819,19.1,99,0.481,0.0,797.9,21,-0.7071067811865477,0.7071067811865474,224,-0.655156357209085,-0.7554933140726804,235.0
node_5_1,2026-08-12 22:00:00,18.131319690923906,92.03555113315329,0.4235228181427377,0.0,810.7193548502203,68.4116413815819,18.4,98,0.482,0.0,797.5,22,-0.5000000000000004,0.8660254037844384,224,-0.655156357209085,-0.7554933140726804,235.0
node_5_1,2026-08-12 23:00:00,18.174416235903703,89.88198112748657,0.4173331399593371,0.0,810.2226928446646,68.4116413815819,18.4,98,0.485,0.0,797.3,23,-0.25881904510252157,0.9659258262890681,224,-0.655156357209085,-0.7554933140726804,235.0
node_5_1,2026-08-13 00:00:00,17.659059235337033,91.25618567617009,0.41767638814840446,0.0,810.163966475789,68.4116413815819,17.7,99,0.485,0.0,796.7,0,0.0,1.0,225,-0.6680638642135333,-0.7441039398713608,235.0
node_5_1,2026-08-13 01:00:00,17.299454146925605,92.76057927384993,0.41767638814840446,0.0,809.5044825666191,68.4116413815819,17.4,99,0.484,0.0,796.0,1,0.25881904510252074,0.9659258262890683,225,-0.6680638642135333,-0.7441039398713608,235.0
node_5_1,2026-08-13 02:00:00,16.833778965832344,95.29592923114588,0.41801963633747186,0.0,808.7862722885736,68.4116413815819,17.2,97,0.484,0.0,795.4,2,0.49999999999999994,0.8660254037844387,225,-0.6680638642135333,-0.7441039398713608,235.0
node_5_1,2026-08-13 03:00:00,16.49028841828216,96.70866554239126,0.41801963633747186,0.0,808.2155269135758,68.4116413815819,17.4,95,0.484,0.0,795.3,3,0.7071067811865475,0.7071067811865476,225,-0.6680638642135333,-0.7441039398713608,235.0
node_5_1,2026-08-13 04:00:00,16.109498595105016,97.64796461557295,0.41801963633747186,0.0,807.6844189098722,68.4116413815819,18.1,93,0.483,0.0,795.7,4,0.8660254037844386,0.5000000000000001,225,-0.6680638642135333,-0.7441039398713608,235.0
node_5_1,2026-08-13 05:00:00,16.39128831705952,95.02216916425647,0.4171322509957488,0.0,807.3906101817954,68.4116413815819,18.4,95,0.472,0.0,795.7,5,0.9659258262890683,0.25881904510252074,225,-0.6680638642135333,-0.7441039398713608,235.0
node_5_1,2026-08-13 06:00:00,16.618906682231252,95.27376006688942,0.4170715500689305,19.397585505353955,807.6472408134866,68.4116413815819,18.8,95,0.473,20.0,796.2,6,1.0,6.123233995736766e-17,225,-0.6680638642135333,-0.7441039398713608,235.0
node_5_1,2026-08-13 07:00:00,18.841550793128043,90.09165728643445,0.4167283018798631,145.2370948445748,809.0390497440087,68.4116413815819,20.4,87,0.473,135.0,796.7,7,0.9659258262890683,-0.25881904510252063,225,-0.6680638642135333,-0.7441039398713608,235.0
node_5_1,2026-08-13 08:00:00,20.830385266929873,80.72623993311058,0.41635409733117956,340.3543042763889,810.3464884984262,68.4116413815819,21.6,80,0.473,330.0,797.2,8,0.8660254037844387,-0.4999999999999998,225,-0.6680638642135333,-0.7441039398713608,235.0
node_5_1,2026-08-13 09:00:00,21.936213001128916,70.57751709709964,0.41501084914211217,565.0287872350709,810.7925899649726,68.4116413815819,23.5,69,0.472,550.0,797.8,9,0.7071067811865476,-0.7071067811865475,225,-0.6680638642135333,-0.7441039398713608,235.0
node_5_1,2026-08-13 10:00:00,22.549110726787156,67.76083166996857,0.4133850536907957,723.8169921397573,811.0520738741426,68.4116413815819,23.6,70,0.473,692.0,798.0,10,0.49999999999999994,-0.8660254037844387,225,-0.6680638642135333,-0.7441039398713608,235.0
node_5_1,2026-08-13 11:00:00,22.64379817439989,73.37541634109746,0.4136378563858426,809.6796870291431,811.5924687857312,68.4116413815819,23.2,74,0.471,783.0,798.4,11,0.258819045102521,-0.9659258262890682,225,-0.6680638642135333,-0.7441039398713608,235.0
node_5_1,2026-08-13 12:00:00,22.151474062066058,74.83643100655966,0.41260690002622646,783.2160988232571,810.5243038648832,68.4116413815819,22.2,79,0.474,638.0,797.7,12,1.2246467991473532e-16,-1.0,225,-0.6680638642135333,-0.7441039398713608,235.0
node_5_1,2026-08-13 13:00:00,22.66683106263273,73.46101466546219,0.4116663891606308,794.1332151293141,809.945488599649,68.4116413815819,22.3,77,0.476,728.0,797.1,13,-0.2588190451025208,-0.9659258262890683,225,-0.6680638642135333,-0.7441039398713608,235.0
node_5_1,2026-08-13 14:00:00,22.049772327452192,78.35420657313631,0.4153440983434059,654.7695075592073,809.3490994174223,68.4116413815819,21.5,82,0.48,591.0,796.7,14,-0.4999999999999997,-0.8660254037844388,225,-0.6680638642135333,-0.7441039398713608,235.0
node_5_1,2026-08-13 15:00:00,21.329562251851975,82.20427194471142,0.41762028199512324,460.61170648224294,808.9270359631207,68.4116413815819,21.2,86,0.484,545.0,795.7,15,-0.7071067811865471,-0.7071067811865479,225,-0.6680638642135333,-0.7441039398713608,235.0
node_5_1,2026-08-13 16:00:00,21.457422975506496,81.67528559794724,0.41868098292194156,373.8720730415315,808.5171126941827,68.4116413815819,20.8,94,0.494,497.0,795.2,16,-0.8660254037844384,-0.5000000000000004,225,-0.6680638642135333,-0.7441039398713608,235.0
node_5_1,2026-08-13 17:00:00,22.02349215917014,79.08165829866084,0.40676562185001097,279.90895201048954,808.7886156094751,68.4116413815819,20.0,89,0.503,270.0,795.1,17,-0.9659258262890683,-0.25881904510252063,225,-0.6680638642135333,-0.7441039398713608,235.0
node_5_1,2026-08-13 18:00:00,20.551868064636444,88.45586284734436,0.40676562185001097,116.4819720373047,808.304972508819,68.4116413815819,19.2,98,0.502,113.0,795.0,18,-1.0,-1.8369701987210297e-16,225,-0.6680638642135333,-0.7441039398713608,235.0
node_5_1,2026-08-13 19:00:00,19.408377517086258,91.36299376849595,0.40676562185001097,8.563882732084199,808.4495841343878,68.4116413815819,18.6,100,0.5,10.0,794.9,19,-0.9659258262890684,0.2588190451025203,225,-0.6680638642135333,-0.7441039398713608,235.0
node_5_1,2026-08-13 20:00:00,18.799332967684208,91.01974557942856,0.40676562185001097,0.0,808.725424942902,68.4116413815819,18.1,98,0.498,0.0,795.0,20,-0.8660254037844386,0.5000000000000001,225,-0.6680638642135333,-0.7441039398713608,235.0
node_5_1,2026-08-13 21:00:00,17.98433950484172,92.01974557942857,0.40676562185001097,0.0,808.423692743442,68.4116413815819,18.1,96,0.496,0.0,795.1,21,-0.7071067811865477,0.7071067811865474,225,-0.6680638642135333,-0.7441039398713608,235.0
node_5_1,2026-08-13 22:00:00,17.506645317626194,92.01974557942857,0.40676562185001097,0.0,807.9490941921881,68.4116413815819,18.3,93,0.495,0.0,795.4,22,-0.5000000000000004,0.8660254037844384,225,-0.6680638642135333,-0.7441039398713608,235.0
node_5_1,2026-08-13 23:00:00,17.572441677960846,91.58484010392671,0.40080657719740076,0.0,807.2057248238792,68.4116413815819,18.2,93,0.493,0.0,794.6,23,-0.25881904510252157,0.9659258262890681,225,-0.6680638642135333,-0.7441039398713608,235.0
node_5_1,2026-08-14 00:00:00,16.925976673690442,92.5241391771084,0.40114982538646815,0.0,806.5998970896802,68.4116413815819,17.8,93,0.492,0.0,794.4,0,0.0,1.0,226,-0.680773409477016,-0.732494071613579,235.0
node_5_1,2026-08-14 01:00:00,16.463397128558796,93.43248189067394,0.40183632176460293,0.0,806.2565277213715,68.4116413815819,17.9,91,0.491,0.0,794.3,1,0.25881904510252074,0.9659258262890683,226,-0.680773409477016,-0.732494071613579,235.0
node_5_1,2026-08-14 02:00:00,16.13514240233389,94.05948913440437,0.4024621172159194,0.0,806.1535532646512,68.4116413815819,18.0,90,0.49,0.0,794.5,2,0.49999999999999994,0.8660254037844387,226,-0.680773409477016,-0.732494071613579,235.0
node_5_1,2026-08-14 03:00:00,15.663518307800192,95.71624094533696,0.40283632176460293,0.0,805.4697889847539,68.4116413815819,18.1,89,0.489,0.0,794.2,3,0.7071067811865475,0.7071067811865476,226,-0.680773409477016,-0.732494071613579,235.0
node_5_1,2026-08-14 04:00:00,15.43538476081668,95.250379110219,0.4039279790510374,0.0,805.2448722529732,68.4116413815819,17.7,91,0.489,0.0,793.7,4,0.8660254037844386,0.5000000000000001,226,-0.680773409477016,-0.732494071613579,235.0
node_5_1,2026-08-14 05:00:00,16.06042267183858,97.49560640232016,0.40313982639869456,0.0,805.6316109895909,68.4116413815819,18.4,98,0.477,0.0,794.0,5,0.9659258262890683,0.25881904510252074,226,-0.680773409477016,-0.732494071613579,235.0
node_5_1,2026-08-14 06:00:00,15.950499402900562,96.93051187782201,0.4038882354960616,14.117766476394792,805.9477255304522,68.4116413815819,18.3,99,0.477,16.0,794.4,6,1.0,6.123233995736766e-17,226,-0.680773409477016,-0.732494071613579,235.0
node_5_1,2026-08-14 07:00:00,16.8650736235608,96.46465004270404,0.41236465336353384,91.53691865051528,807.5219605439819,68.4116413815819,19.2,94,0.477,88.0,795.0,7,0.9659258262890683,-0.25881904510252063,226,-0.680773409477016,-0.732494071613579,235.0
node_5_1,2026-08-14 08:00:00,18.274269817050445,94.90076731061983,0.41928814688299076,169.42617053248554,809.2950744794928,68.4116413815819,20.1,88,0.476,243.0,796.0,8,0.8660254037844387,-0.4999999999999998,226,-0.680773409477016,-0.732494071613579,235.0
node_5_1,2026-08-14 09:00:00,18.469714804957757,89.27618365171732,0.42353095059026413,268.16559022655355,810.098048936213,68.4116413815819,21.7,75,0.476,430.0,797.0,9,0.7071067811865476,-0.7071067811865475,226,-0.680773409477016,-0.732494071613579,235.0
node_5_1,2026-08-14 10:00:00,19.244676893935857,88.45828643217227,0.424713053370719,355.8468893356613,810.4223293069404,68.4116413815819,21.8,75,0.477,610.0,797.3,10,0.49999999999999994,-0.8660254037844387,226,-0.680773409477016,-0.732494071613579,235.0
node_5_1,2026-08-14 11:00:00,20.152383246448224,85.18089098804101,0.4260650887551461,454.58393769724466,810.8628453977703,68.4116413815819,18.9,95,0.484,568.0,796.8,11,0.258819045102521,-0.9659258262890682,226,-0.680773409477016,-0.732494071613579,235.0
node_5_1,2026-08-14 12:00:00,19.98758678489093,84.58605189634068,0.42546903787103185,382.3993658810526,810.7538008483683,68.4116413815819,20.0,89,0.487,471.0,797.3,12,1.2246467991473532e-16,-1.0,226,-0.680773409477016,-0.732494071613579,235.0
node_5_1,2026-08-14 13:00:00,20.24928761048661,84.80789823177142,0.42762897148723034,536.0156692009969,810.5376863075071,68.4116413815819,21.9,77,0.485,646.0,797.5,13,-0.2588190451025208,-0.9659258262890683,226,-0.680773409477016,-0.732494071613579,235.0
node_5_1,2026-08-14 14:00:00,18.503105199870465,89.75477270789881,0.4422519410020042,417.9980880088434,810.3202335697562,68.4116413815819,19.6,87,0.486,291.0,796.4,14,-0.4999999999999997,-0.8660254037844388,226,-0.680773409477016,-0.732494071613579,235.0
node_5_1,2026-08-14 15:00:00,18.509054113310903,89.66432721387831,0.4428777364533207,266.1211515216821,809.7665773947853,68.4116413815819,19.6,90,0.486,368.0,796.3,15,-0.7071067811865471,-0.7071067811865479,226,-0.680773409477016,-0.732494071613579,235.0
node_5_1,2026-08-14 16:00:00,18.697792647483205,91.15993361619847,0.44133481109307904,209.04227164449043,809.081692036869,68.4116413815819,19.0,94,0.488,253.0,795.6,16,-0.8660254037844384,-0.5000000000000004,226,-0.680773409477016,-0.732494071613579,235.0
node_5_1,2026-08-14 17:00:00,18.97788063482384,91.03095635961614,0.43253822134474784,123.77290414319879,809.1691883137812,68.4116413815819,18.7,97,0.5,209.0,795.2,17,-0.9659258262890683,-0.25881904510252063,226,-0.680773409477016,-0.732494071613579,235.0
node_5_1,2026-08-14 18:00:00,18.280218730490883,90.74962088978101,0.4431833600237782,59.85158181245107,808.8297933009701,68.4116413815819,18.6,100,0.499,75.0,794.8,18,-1.0,-1.8369701987210297e-16,226,-0.680773409477016,-0.732494071613579,235.0
node_5_1,2026-08-14 19:00:00,17.727683633538646,93.65675181093259,0.4405487773771021,4.68649637813479,808.4300356594529,68.4116413815819,17.9,100,0.497,9.0,794.1,19,-0.9659258262890684,0.2588190451025203,226,-0.680773409477016,-0.732494071613579,235.0
node_5_1,2026-08-14 20:00:00,17.206377719531538,95.6567518109326,0.4379141947304259,0.0,808.6333736538971,68.4116413815819,17.4,100,0.495,0.0,794.1,20,-0.8660254037844386,0.5000000000000001,226,-0.680773409477016,-0.732494071613579,235.0
node_5_1,2026-08-14 21:00:00,17.134632445756445,96.6270072437304,0.43550145841918053,0.0,809.0120677398901,68.4116413815819,17.3,99,0.493,0.0,794.6,21,-0.7071067811865477,0.7071067811865474,226,-0.680773409477016,-0.732494071613579,235.0
node_5_1,2026-08-14 22:00:00,17.13153680979483,96.19210176822855,0.43399706482150074,0.0,809.3029020112467,68.4116413815819,16.9,100,0.492,0.0,794.9,22,-0.5000000000000004,0.8660254037844384,226,-0.680773409477016,-0.732494071613579,235.0
node_5_1,2026-08-14 23:00:00,17.463008351222747,96.52777455435026,0.4302189111569315,0.0,809.0586539234018,68.4116413815819,17.6,100,0.49,0.0,795.1,23,-0.25881904510252157,0.9659258262890681,226,-0.680773409477016,-0.732494071613579,235.0
node_5_1,2026-08-15 00:00:00,16.86003389450253,96.15357000566672,0.42971451755925166,0.0,808.4343735526744,68.4116413815819,16.8,100,0.49,0.0,794.5,0,0.0,1.0,227,-0.6932812268869771,-0.7206671495538615,235.0
node_5_1,2026-08-15 01:00:00,16.4538426225793,95.78057724939714,0.4291791676019557,0.0,808.0069975459855,68.4116413815819,16.2,99,0.489,0.0,793.5,1,0.25881904510252074,0.9659258262890683,227,-0.6932812268869771,-0.7206671495538615,235.0
node_5_1,2026-08-15 02:00:00,16.115422268933585,96.25401448746084,0.43309508571846694,0.0,807.9908830051243,68.4116413815819,15.6,100,0.488,0.0,793.0,2,0.49999999999999994,0.8660254037844387,227,-0.6932812268869771,-0.7206671495538615,235.0
node_5_1,2026-08-15 03:00:00,15.680218730490886,95.68891996296267,0.44172265000677796,0.0,807.9635069984354,68.4116413815819,15.2,100,0.487,0.0,792.6,3,0.7071067811865475,0.7071067811865476,227,-0.6932812268869771,-0.7206671495538615,235.0
node_5_1,2026-08-15 04:00:00,15.668078545127221,95.4063727007136,0.4411575554822798,0.0,808.0475136368156,68.4116413815819,15.2,100,0.487,0.0,792.6,4,0.8660254037844386,0.5000000000000001,227,-0.6932812268869771,-0.7206671495538615,235.0
node_5_1,2026-08-15 05:00:00,15.22321933584115,98.30471642650555,0.4385241846280177,0.0,807.0833230714652,68.4116413815819,15.8,100,0.488,0.0,793.3,5,0.9659258262890683,0.25881904510252074,227,-0.6932812268869771,-0.7206671495538615,235.0
node_5_1,2026-08-15 06:00:00,14.854933235751858,97.64796461557295,0.4372416373657686,20.386374725166394,806.8838077884309,68.4116413815819,15.9,98,0.487,16.0,793.7,6,1.0,6.123233995736766e-17,227,-0.6932812268869771,-0.7206671495538615,235.0
node_5_1,2026-08-15 07:00:00,16.31539180408739,95.46465004270404,0.4369590901035195,127.17113965911606,808.6602597183862,68.4116413815819,18.4,95,0.486,115.0,795.6,7,0.9659258262890683,-0.25881904510252063,227,-0.6932812268869771,-0.7206671495538615,235.0
node_5_1,2026-08-15 08:00:00,17.382799184640717,96.52535096952236,0.4370817037495701,231.3152175334106,809.9618707386048,68.4116413815819,20.2,81,0.485,298.0,797.1,8,0.8660254037844387,-0.4999999999999998,227,-0.6932812268869771,-0.7206671495538615,235.0
node_5_1,2026-08-15 09:00:00,18.75885711202571,85.88859713413696,0.43645590829825365,393.3431885263482,810.7736473862442,68.4116413815819,21.8,72,0.485,472.0,797.7,9,0.7071067811865476,-0.7071067811865475,227,-0.6932812268869771,-0.7206671495538615,235.0
node_5_1,2026-08-15 10:00:00,19.882501121699864,81.3929907318168,0.434265018322439,579.1699136548922,811.1856663923666,68.4116413815819,21.1,75,0.485,542.0,797.5,10,0.49999999999999994,-0.8660254037844387,227,-0.6932812268869771,-0.7206671495538615,235.0
node_5_1,2026-08-15 11:00:00,20.359493473078885,79.42152350660503,0.43256973474894456,713.8182900967197,811.279353941202,68.4116413815819,21.2,75,0.485,571.0,797.7,11,0.258819045102521,-0.9659258262890682,227,-0.6932812268869771,-0.7206671495538615,235.0
node_5_1,2026-08-15 12:00:00,20.098429008536378,82.97267901762571,0.4329982766139147,558.6131178094905,810.6107043033885,68.4116413815819,21.2,75,0.486,542.0,797.1,12,1.2246467991473532e-16,-1.0,227,-0.6932812268869771,-0.7206671495538615,235.0
node_5_1,2026-08-15 13:00:00,20.829264188911118,80.5365617497099,0.43155579573546715,680.8445492422761,810.1037554911707,68.4116413815819,21.1,77,0.486,362.0,796.5,13,-0.2588190451025208,-0.9659258262890683,227,-0.6932812268869771,-0.7206671495538615,235.0
node_5_1,2026-08-15 14:00:00,21.020340818750462,79.81668542713109,0.4286164966622854,643.7548609366115,809.250220495441,68.4116413815819,22.2,72,0.486,549.0,796.2,14,-0.4999999999999997,-0.8660254037844388,227,-0.6932812268869771,-0.7206671495538615,235.0
node_5_1,2026-08-15 15:00:00,20.974512175533235,79.31229182945125,0.42739465032685464,515.594788903521,808.4218445899747,68.4116413815819,22.5,70,0.486,610.0,795.4,15,-0.7071067811865471,-0.7071067811865479,227,-0.6932812268869771,-0.7206671495538615,235.0
node_5_1,2026-08-15 16:00:00,20.7753908950692,81.55509553672454,0.4258295558023565,405.32294556505815,807.7339847753385,68.4116413815819,21.7,74,0.487,485.0,794.5,16,-0.8660254037844384,-0.5000000000000004,227,-0.6932812268869771,-0.7206671495538615,235.0
node_5_1,2026-08-15 17:00:00,20.796388975810192,79.76542644350573,0.4377777397741505,277.5408064238758,807.7520738741426,68.4116413815819,21.4,77,0.494,327.0,794.2,17,-0.9659258262890683,-0.25881904510252063,227,-0.6932812268869771,-0.7206671495538615,235.0
node_5_1,2026-08-15 18:00:00,19.505675883695034,86.67376915707126,0.4335015561224332,111.22003204752687,807.5028767716348,68.4116413815819,19.6,88,0.492,122.0,793.7,18,-1.0,-1.8369701987210297e-16,227,-0.6932812268869771,-0.7206671495538615,235.0
node_5_1,2026-08-15 19:00:00,18.43031979214655,92.95389283449244,0.43200473792769906,7.563882732084199,807.5193548502202,68.4116413815819,17.4,99,0.491,10.0,793.1,19,-0.9659258262890684,0.2588190451025203,227,-0.6932812268869771,-0.7206671495538615,235.0
node_5_1,2026-08-15 20:00:00,17.94865124943344,94.7396219020074,0.4305995770193994,0.0,808.0134059367797,68.4116413815819,17.4,99,0.49,0.0,793.8,20,-0.8660254037844386,0.5000000000000001,227,-0.6932812268869771,-0.7206671495538615,235.0
node_5_1,2026-08-15 21:00:00,17.614205251285302,95.64917640798689,0.4302551170379181,0.0,808.4234503849591,68.4116413815819,17.2,99,0.489,0.0,794.1,21,-0.7071067811865477,0.7071067811865474,227,-0.6932812268869771,-0.7206671495538615,235.0
node_5_1,2026-08-15 22:00:00,17.385829345819,96.58847548116857,0.43259594164215753,0.0,808.311189020354,68.4116413815819,16.8,99,0.488,0.0,794.0,22,-0.5000000000000004,0.8660254037844384,227,-0.6932812268869771,-0.7206671495538615,235.0
node_5_1,2026-08-15 23:00:00,17.73702624588155,93.5796882858089,0.43058473086197,0.0,807.8958320197873,68.4116413815819,17.2,99,0.488,0.0,793.6,23,-0.25881904510252157,0.9659258262890681,227,-0.6932812268869771,-0.7206671495538615,235.0
node_5_1,2026-08-16 00:00:00,16.858453339130058,94.61064464542505,0.42996014720306747,0.0,807.2586539234019,68.4116413815819,16.4,100,0.487,0.0,792.9,0,0.0,1.0,228,-0.7055836101071774,-0.70862667826446,235.0
node_5_1,2026-08-16 01:00:00,16.44865124943344,95.1757391699232,0.42889944627624915,0.0,806.5214758270163,68.4116413815819,16.4,99,0.486,0.0,792.4,1,0.25881904510252074,0.9659258262890683,228,-0.7055836101071774,-0.70862667826446,235.0
node_5_1,2026-08-16 02:00:00,15.780243970102749,96.14478281030706,0.42783874534943084,0.0,805.49434217881,68.4116413815819,16.3,98,0.485,0.0,791.9,2,0.49999999999999994,0.8660254037844387,228,-0.7055836101071774,-0.70862667826446,235.0
node_5_1,2026-08-16 03:00:00,14.931046867594915,96.67892097518907,0.4267780444226125,0.0,804.4170115293189,68.4116413815819,16.5,97,0.485,0.0,791.2,3,0.7071067811865475,0.7071067811865476,228,-0.7055836101071774,-0.70862667826446,235.0
node_5_1,2026-08-16 04:00:00,14.207008855350377,97.96146823743815,0.42615224897129605,0.0,803.918253786579,68.4116413815819,16.2,97,0.484,0.0,791.2,4,0.8660254037844386,0.5000000000000001,228,-0.7055836101071774,-0.70862667826446,235.0
node_5_1,2026-08-16 05:00:00,15.413321306514998,95.99121280464034,0.41641449360953586,0.0,804.1326108883683,68.4116413815819,16.6,100,0.48,0.0,791.9,5,0.9659258262890683,0.25881904510252074,228,-0.7055836101071774,-0.70862667826446,235.0
node_5_1,2026-08-16 06:00:00,14.991136672971923,97.0828700910748,0.42026334718869707,19.584840103926727,804.4367064231072,68.4116413815819,16.6,99,0.479,18.0,792.2,6,1.0,6.123233995736766e-17,228,-0.7055836101071774,-0.70862667826446,235.0
node_5_1,2026-08-16 07:00:00,16.710957971236095,96.7396219020074,0.4225161498837439,120.87345312967963,806.3005334507334,68.4116413815819,19.2,85,0.479,140.0,793.9,7,0.9659258262890683,-0.25881904510252063,228,-0.7055836101071774,-0.70862667826446,235.0
node_5_1,2026-08-16 08:00:00,18.509473355493153,94.33567278612168,0.4245325124820493,313.8278005682301,808.2483671167397,68.4116413815819,21.0,75,0.478,325.0,795.2,8,0.8660254037844387,-0.4999999999999998,228,-0.7055836101071774,-0.70862667826446,235.0
node_5_1,2026-08-16 09:00:00,19.79411635492648,83.09650445609024,0.4231583079333658,539.078484326911,808.7846664935893,68.4116413815819,22.4,66,0.477,559.0,795.8,9,0.7071067811865476,-0.7071067811865475,228,-0.7055836101071774,-0.70862667826446,235.0
node_5_1,2026-08-16 10:00:00,20.695752614757016,80.71230091963312,0.4218757606711167,627.119458014439,808.7937110429913,68.4116413815819,23.0,65,0.476,676.0,795.9,10,0.49999999999999994,-0.8660254037844387,228,-0.7055836101071774,-0.70862667826446,235.0
node_5_1,2026-08-16 11:00:00,20.559604881995014,83.76542644350573,0.4315780626029762,663.1629529900474,809.0591438656018,68.4116413815819,23.1,63,0.478,740.0,796.4,11,0.258819045102521,-0.9659258262890682,228,-0.7055836101071774,-0.70862667826446,235.0
node_5_1,2026-08-16 12:00:00,20.29929795774708,82.47530377831094,0.42779869714599306,621.8619743813063,808.6432716832234,68.4116413815819,22.3,70,0.48,817.0,795.4,12,1.2246467991473532e-16,-1.0,228,-0.7055836101071774,-0.70862667826446,235.0
node_5_1,2026-08-16 13:00:00,20.47735568268679,83.37607108893077,0.43025819537057924,669.8101970025755,808.37759650213,68.4116413815819,22.7,67,0.483,830.0,795.4,13,-0.2588190451025208,-0.9659258262890683,228,-0.7055836101071774,-0.70862667826446,235.0
node_5_1,2026-08-16 14:00:00,20.187278951624812,84.84072113163481,0.4239562071773636,539.4765522510012,807.5837877740532,68.4116413815819,21.7,74,0.488,742.0,794.4,14,-0.4999999999999997,-0.8660254037844388,228,-0.7055836101071774,-0.70862667826446,235.0
node_5_1,2026-08-16 15:00:00,20.420846230236982,85.03161110744942,0.42741449360953593,470.5027977936894,807.2271571423621,68.4116413815819,22.4,68,0.488,647.0,794.6,15,-0.7071067811865471,-0.7071067811865479,228,-0.7055836101071774,-0.70862667826446,235.0
node_5_1,2026-08-16 16:00:00,20.18203187402088,85.50383655309918,0.42644423817673804,378.36487184744726,806.9462461399435,68.4116413815819,22.1,69,0.487,509.0,794.5,16,-0.8660254037844384,-0.5000000000000004,228,-0.7055836101071774,-0.70862667826446,235.0
node_5_1,2026-08-16 17:00:00,19.72691632291881,86.9153610719306,0.42654983447665,241.5826234643082,807.392711144214,68.4116413815819,20.2,85,0.487,307.0,794.1,17,-0.9659258262890683,-0.25881904510252063,228,-0.7055836101071774,-0.70862667826446,235.0
node_5_1,2026-08-16 18:00:00,18.8850063307411,91.54115652324705,0.42738990086045153,90.01909083159526,807.1716475886896,68.4116413815819,18.9,91,0.486,118.0,793.7,18,-1.0,-1.8369701987210297e-16,228,-0.7055836101071774,-0.70862667826446,235.0
node_5_1,2026-08-16 19:00:00,18.196510155051588,93.50898837121699,0.42632919993363316,6.159933616198484,807.3069723063737,68.4116413815819,17.5,96,0.485,9.0,793.3,19,-0.9659258262890684,0.2588190451025203,228,-0.7055836101071774,-0.70862667826446,235.0
node_5_1,2026-08-16 20:00:00,17.76528097210646,93.73083470664774,0.42536015629324936,0.0,807.8759854819115,68.4116413815819,17.3,94,0.485,0.0,793.8,20,-0.8660254037844386,0.5000000000000001,228,-0.7055836101071774,-0.70862667826446,235.0
node_5_1,2026-08-16 21:00:00,17.171593423271084,95.23522830432756,0.42988156723706783,0.0,807.8710364672484,68.4116413815819,17.0,92,0.484,0.0,793.8,21,-0.7071067811865477,0.7071067811865474,228,-0.7055836101071774,-0.70862667826446,235.0
node_5_1,2026-08-16 22:00:00,16.440485419567352,96.36541735332386,0.4332803645348357,0.0,807.4530685476857,68.4116413815819,16.8,89,0.483,0.0,794.0,22,-0.5000000000000004,0.8660254037844384,228,-0.7055836101071774,-0.70862667826446,235.0
node_5_1,2026-08-16 23:00:00,16.337874500571317,93.12720841958775,0.4333971716149352,0.0,806.3320049921613,68.4116413815819,17.0,89,0.483,0.0,793.7,23,-0.25881904510252157,0.9659258262890681,228,-0.7055836101071774,-0.70862667826446,235.0
node_5_1,2026-08-17 00:00:00,15.178875308366864,95.29592923114588,0.4315261488715175,0.0,805.1396808798274,68.4116413815819,16.1,91,0.483,0.0,792.9,0,0.0,1.0,229,-0.7176769136759615,-0.6963762255968726,235.0
node_5_1,2026-08-17 01:00:00,15.250499402900562,96.11382645069092,0.4308693970605849,0.0,805.0142794310814,68.4116413815819,15.9,90,0.482,0.0,792.6,1,0.25881904510252074,0.9659258262890683,229,-0.7176769136759615,-0.6963762255968726,235.0
node_5_1,2026-08-17 02:00:00,14.988041037010312,96.39637371294,0.43024360160926844,0.0,804.4174962462844,68.4116413815819,15.8,91,0.482,0.0,792.2,2,0.49999999999999994,0.8660254037844387,229,-0.7176769136759615,-0.6963762255968726,235.0
node_5_1,2026-08-17 03:00:00,14.782092123569875,96.51777556657665,0.42912098796321785,0.0,804.0398020590688,68.4116413815819,15.8,91,0.481,0.0,791.9,3,0.7071067811865475,0.7071067811865476,229,-0.7176769136759615,-0.6963762255968726,235.0
node_5_1,2026-08-17 04:00:00,14.831531584560496,96.08287009107478,0.42809003160360176,0.0,804.0022604249591,68.4116413815819,15.8,89,0.481,0.0,791.4,4,0.8660254037844386,0.5000000000000001,229,-0.7176769136759615,-0.6963762255968726,235.0
node_5_1,2026-08-17 05:00:00,14.780577042980733,96.08408188348875,0.42370517331931135,0.0,804.424687416985,68.4116413815819,16.0,94,0.479,0.0,792.3,5,0.9659258262890683,0.25881904510252074,229,-0.7176769136759615,-0.6963762255968726,235.0
node_5_1,2026-08-17 06:00:00,14.738303513078835,97.11382645069094,0.429852936759027,16.29986925684975,805.3901202395955,68.4116413815819,16.4,95,0.479,19.0,793.0,6,1.0,6.123233995736766e-17,229,-0.7176769136759615,-0.6963762255968726,235.0
node_5_1,2026-08-17 07:00:00,15.739672174814716,96.86981095100369,0.43467962117393166,111.77002801847698,806.9608960794394,68.4116413815819,19.0,80,0.478,145.0,794.3,7,0.9659258262890683,-0.25881904510252063,229,-0.7176769136759615,-0.6963762255968726,235.0
node_5_1,2026-08-17 08:00:00,17.63509192311016,87.91318988322134,0.43825350289378945,290.49268482668907,808.5461502003141,68.4116413815819,20.6,71,0.477,380.0,795.2,8,0.8660254037844387,-0.4999999999999998,229,-0.7176769136759615,-0.6963762255968726,235.0
node_5_1,2026-08-17 09:00:00,18.62270937926371,84.5711534865679,0.43841464830240184,449.29037918964167,809.0978065777302,68.4116413815819,22.1,66,0.475,562.0,795.9,9,0.7071067811865476,-0.7071067811865475,229,-0.7176769136759615,-0.6963762255968726,235.0
node_5_1,2026-08-17 10:00:00,19.906256540290144,80.24765087692907,0.4357193647289074,674.1764597729681,809.660386122862,68.4116413815819,23.1,63,0.474,722.0,796.6,10,0.49999999999999994,-0.8660254037844387,229,-0.7176769136759615,-0.6963762255968726,235.0
node_5_1,2026-08-17 11:00:00,20.009680704038814,81.29320099785599,0.44306690304305,658.058211581744,809.8539524924558,68.4116413815819,23.6,61,0.482,778.0,796.9,11,0.258819045102521,-0.9659258262890682,229,-0.7176769136759615,-0.6963762255968726,235.0
node_5_1,2026-08-17 12:00:00,20.07647696315083,85.74906384520035,0.4416839112990068,692.3589357302023,809.2442715820007,68.4116413815819,21.7,73,0.486,812.0,795.6,12,1.2246467991473532e-16,-1.0,229,-0.7176769136759615,-0.6963762255968726,235.0
node_5_1,2026-08-17 13:00:00,19.923790222111,87.74542846795852,0.4440456932750888,660.888763365707,808.3293992983997,68.4116413815819,21.0,78,0.49,802.0,795.5,13,-0.2588190451025208,-0.9659258262890683,229,-0.7176769136759615,-0.6963762255968726,235.0
node_5_1,2026-08-17 14:00:00,19.759145404641302,88.83829754680691,0.4437273424835678,471.57371619219464,808.3534373106443,68.4116413815819,19.7,87,0.494,649.0,794.8,14,-0.4999999999999997,-0.8660254037844388,229,-0.7176769136759615,-0.6963762255968726,235.0
node_5_1,2026-08-17 15:00:00,19.924184224681383,87.89899847362523,0.4466514907508581,418.15692381185465,807.8251825844193,68.4116413815819,19.5,89,0.495,392.0,794.3,15,-0.7071067811865471,-0.7071067811865479,229,-0.7176769136759615,-0.6963762255968726,235.0
node_5_1,2026-08-17 16:00:00,19.97298732461883,86.99944295541935,0.44399473893992547,337.395471306258,807.4777176813714,68.4116413815819,19.1,94,0.498,336.0,793.4,16,-0.8660254037844384,-0.5000000000000004,229,-0.7176769136759615,-0.6963762255968726,235.0
node_5_1,2026-08-17 17:00:00,20.001120871602346,88.02918752262153,0.4414320680002552,246.23608999737021,807.9119213210367,68.4116413815819,19.0,93,0.507,251.0,793.9,17,-0.9659258262890683,-0.25881904510252063,229,-0.7176769136759615,-0.6963762255968726,235.0
node_5_1,2026-08-17 18:00:00,18.9531407867428,93.3490547550185,0.43481899977000227,89.14564450334971,807.622208127699,68.4116413815819,18.4,97,0.504,99.0,793.9,18,-1.0,-1.8369701987210297e-16,229,-0.7176769136759615,-0.6963762255968726,235.0
node_5_1,2026-08-17 19:00:00,18.205797062936426,94.07408289571514,0.4331932043186858,5.877386353949409,807.9918576642899,68.4116413815819,17.6,99,0.501,7.0,793.8,19,-0.9659258262890684,0.2588190451025203,229,-0.7176769136759615,-0.6963762255968726,235.0
node_5_1,2026-08-17 20:00:00,17.90282260621621,92.95146924966454,0.43256740886736933,0.0,808.4981701154545,68.4116413815819,16.9,99,0.499,0.0,794.0,20,-0.8660254037844386,0.5000000000000001,229,-0.7176769136759615,-0.6963762255968726,235.0
node_5_1,2026-08-17 21:00:00,16.4866523608969,95.0904454940205,0.4460614011255609,0.0,808.6910041843657,68.4116413815819,16.8,97,0.497,0.0,794.2,21,-0.7071067811865477,0.7071067811865474,229,-0.7176769136759615,-0.6963762255968726,235.0
node_5_1,2026-08-17 22:00:00,15.862493169410968,96.71624094533698,0.4461915901745572,0.0,808.1165268123532,68.4116413815819,16.8,94,0.495,0.0,794.6,22,-0.5000000000000004,0.8660254037844384,229,-0.7176769136759615,-0.6963762255968726,235.0
node_5_1,2026-08-17 23:00:00,16.917300887246913,95.89955551820589,0.4461788629534936,0.0,808.265723914861,68.4116413815819,16.6,99,0.494,0.0,794.2,23,-0.25881904510252157,0.9659258262890681,229,-0.7176769136759615,-0.6963762255968726,235.0
node_5_1,2026-08-18 00:00:00,15.980122790861355,96.24280370727328,0.44476612664224824,0.0,807.5944633580516,68.4116413815819,15.9,100,0.493,0.0,793.6,0,0.0,1.0,230,-0.7295575540864876,-0.6839194216246105,235.0
node_5_1,2026-08-18 01:00:00,15.580243970102746,96.99121280464033,0.44597282217178763,0.0,807.1198648067975,68.4116413815819,15.5,100,0.492,0.0,793.1,1,0.25881904510252074,0.9659258262890683,230,-0.7295575540864876,-0.6839194216246105,235.0
node_5_1,2026-08-18 02:00:00,15.258180515801067,96.99121280464033,0.4432851140012389,0.0,806.6137947141158,68.4116413815819,15.5,100,0.491,0.0,792.5,2,0.49999999999999994,0.8660254037844387,230,-0.7295575540864876,-0.6839194216246105,235.0
node_5_1,2026-08-18 03:00:00,15.170441880406125,96.70866554239126,0.4416890631171246,0.0,806.385539987891,68.4116413815819,15.4,99,0.49,0.0,792.1,3,0.7071067811865475,0.7071067811865476,230,-0.7295575540864876,-0.6839194216246105,235.0
node_5_1,2026-08-18 04:00:00,15.036117061499386,96.7396219020074,0.4400930122330103,0.0,806.1545531634285,68.4116413815819,15.2,98,0.49,0.0,792.0,4,0.8660254037844386,0.5000000000000001,230,-0.7295575540864876,-0.6839194216246105,235.0
node_5_1,2026-08-18 05:00:00,14.515295864457858,96.70987733480521,0.43579289058004195,0.0,805.4961903322774,68.4116413815819,16.3,100,0.491,0.0,792.7,5,0.9659258262890683,0.25881904510252074,230,-0.7295575540864876,-0.6839194216246105,235.0
node_5_1,2026-08-18 06:00:00,14.955448417563638,97.05312552387261,0.43878652696951015,13.094385519724364,806.5674508890868,68.4116413815819,16.1,99,0.49,15.0,792.9,6,1.0,6.123233995736766e-17,230,-0.7295575540864876,-0.6839194216246105,235.0
node_5_1,2026-08-18 07:00:00,16.06798260549769,97.39637371294,0.4385956369936955,102.82972409809071,807.5822019934465,68.4116413815819,18.1,98,0.489,157.0,794.0,7,0.9659258262890683,-0.25881904510252063,230,-0.7295575540864876,-0.6839194216246105,235.0
node_5_1,2026-08-18 08:00:00,17.459089700183235,96.32688559076203,0.43909245518842965,226.98173901340624,809.0029020112465,68.4116413815819,20.1,84,0.488,368.0,795.6,8,0.8660254037844387,-0.4999999999999998,230,-0.7295575540864876,-0.6839194216246105,235.0
node_5_1,2026-08-18 09:00:00,18.284885151499704,91.28956562061413,0.4385273606639315,352.04563431627656,809.836226931376,68.4116413815819,22.2,68,0.487,573.0,797.1,9,0.7071067811865476,-0.7071067811865475,230,-0.7295575540864876,-0.6839194216246105,235.0
node_5_1,2026-08-18 10:00:00,18.96397324006298,86.41460285149262,0.4369932224990495,391.62043471879036,810.4513415734598,68.4116413815819,22.9,63,0.486,691.0,797.5,10,0.49999999999999994,-0.8660254037844387,230,-0.7295575540864876,-0.6839194216246105,235.0
node_5_1,2026-08-18 11:00:00,19.164851959598945,86.12205660146994,0.4370539234258678,481.21573995325286,810.8887620283282,68.4116413815819,22.3,69,0.49,790.0,798.0,11,0.258819045102521,-0.9659258262890682,230,-0.7295575540864876,-0.6839194216246105,235.0
node_5_1,2026-08-18 12:00:00,19.218629313811334,86.09110024185381,0.4334939807194874,453.9611595556131,810.2857875716079,68.4116413815819,22.2,72,0.488,614.0,797.7,12,1.2246467991473532e-16,-1.0,230,-0.7295575540864876,-0.6839194216246105,235.0
node_5_1,2026-08-18 13:00:00,19.687278951624812,85.40460386371902,0.43604392443809425,491.5939665638605,810.0665773947852,68.4116413815819,20.8,78,0.487,514.0,797.1,13,-0.2588190451025208,-0.9659258262890683,230,-0.7295575540864876,-0.6839194216246105,235.0
node_5_1,2026-08-18 14:00:00,19.621846129014344,85.49504935773952,0.4365073626883843,396.5014407829493,809.3696730307468,68.4116413815819,19.2,87,0.491,414.0,796.0,14,-0.4999999999999997,-0.8660254037844388,230,-0.7295575540864876,-0.6839194216246105,235.0
node_5_1,2026-08-18 15:00:00,19.415139675279335,88.05772029740977,0.4380315018654927,363.75574157873405,808.6819343953518,68.4116413815819,20.4,82,0.491,279.0,795.6,15,-0.7071067811865471,-0.7071067811865479,230,-0.7295575540864876,-0.6839194216246105,235.0
node_5_1,2026-08-18 16:00:00,18.8531407867428,90.66134658446975,0.43731283733532783,254.01192251763422,808.4353482118399,68.4116413815819,19.5,86,0.491,284.0,795.3,16,-0.8660254037844384,-0.5000000000000004,230,-0.7295575540864876,-0.6839194216246105,235.0
node_5_1,2026-08-18 17:00:00,19.403458967269387,88.40975568183681,0.43871855528820813,165.3222385648815,808.9847876728306,68.4116413815819,18.2,94,0.474,173.0,794.9,17,-0.9659258262890683,-0.25881904510252063,230,-0.7295575540864876,-0.6839194216246105,235.0
node_5_1,2026-08-18 18:00:00,18.095752614757018,94.17452737750925,0.44401933168900987,45.33315149804113,809.0110678411127,68.4116413815819,17.7,99,0.48,38.0,795.0,18,-1.0,-1.8369701987210297e-16,230,-0.7295575540864876,-0.6839194216246105,235.0
node_5_1,2026-08-18 19:00:00,17.48880380253922,95.80032282882571,0.4414915571346596,2.7559845003127688,809.4798386581676,68.4116413815819,17.7,99,0.48,4.0,795.3,19,-0.9659258262890684,0.2588190451025203,230,-0.7295575540864876,-0.6839194216246105,235.0
node_5_1,2026-08-18 20:00:00,17.266619168996144,96.17452737750925,0.4427367844267608,0.0,809.839443746579,68.4116413815819,17.5,99,0.48,0.0,795.8,20,-0.8660254037844386,0.5000000000000001,230,-0.7295575540864876,-0.6839194216246105,235.0
node_5_1,2026-08-18 21:00:00,16.994873895221048,96.80032282882571,0.43537530709914074,0.0,810.15258383072,68.4116413815819,17.3,100,0.48,0.0,796.0,21,-0.7071067811865477,0.7071067811865474,230,-0.7295575540864876,-0.6839194216246105,235.0
node_5_1,2026-08-18 22:00:00,16.70713525982611,96.45707463975832,0.43814830894559215,0.0,810.0747684642631,68.4116413815819,16.8,99,0.48,0.0,795.7,22,-0.5000000000000004,0.8660254037844384,230,-0.7295575540864876,-0.6839194216246105,235.0
node_5_1,2026-08-18 23:00:00,16.75460016287387,98.2130591400711,0.43948640531654176,0.0,809.5062400056911,68.4116413815819,17.2,100,0.476,0.0,795.5,23,-0.25881904510252157,0.9659258262890681,230,-0.7295575540864876,-0.6839194216246105,235.0
node_2_3,2026-08-01 00:00:00,17.306519427288706,92.88068863847039,0.4176180253094388,0.0,807.5457731643608,63.719215816248216,27.7,88,0.356,0.0,967.3,0,0.0,1.0,213,-0.5012418134457756,-0.8653072543632061,246.0
node_2_3,2026-08-01 01:00:00,17.36832195823256,91.90987345280726,0.4176472101237757,0.0,807.4399362014933,63.719215816248216,27.6,89,0.357,0.0,967.2,1,0.25881904510252074,0.9659258262890683,213,-0.5012418134457756,-0.8653072543632061,246.0
node_2_3,2026-08-01 02:00:00,17.041798414911163,93.20429370035811,0.41797081518566337,0.0,807.1017387324372,63.719215816248216,27.3,90,0.357,0.0,967.0,2,0.49999999999999994,0.8660254037844387,213,-0.5012418134457756,-0.8653072543632061,246.0
node_2_3,2026-08-01 03:00:00,16.574158921099933,94.17510888602123,0.4179416303713265,0.0,806.6606227819474,63.719215816248216,26.6,91,0.357,0.0,967.1,3,0.7071067811865475,0.7071067811865476,213,-0.5012418134457756,-0.8653072543632061,246.0
node_2_3,2026-08-01 04:00:00,16.130124489176414,93.49871394790893,0.4172652354332142,0.0,806.3431118933452,63.719215816248216,25.8,89,0.358,0.0,967.0,4,0.8660254037844386,0.5000000000000001,213,-0.5012418134457756,-0.8653072543632061,246.0
node_2_3,2026-08-01 05:00:00,16.597506772569428,95.00000000000001,0.40070557975244947,0.0,807.0457731643606,63.719215816248216,25.4,96,0.341,0.0,967.1,5,0.9659258262890683,0.25881904510252074,213,-0.5012418134457756,-0.8653072543632061,246.0
node_2_3,2026-08-01 06:00:00,16.56222778494697,95.32360506188772,0.4120609417328561,21.352789876224584,807.3781336705495,63.719215816248216,25.5,96,0.359,17.0,967.0,6,1.0,6.123233995736766e-17,213,-0.5012418134457756,-0.8653072543632061,246.0
node_2_3,2026-08-01 07:00:00,17.16222778494697,94.29442024755085,0.41688583284683495,150.639493811229,807.7545286086618,63.719215816248216,26.4,94,0.359,110.0,967.2,7,0.9659258262890683,-0.25881904510252063,213,-0.5012418134457756,-0.8653072543632061,246.0
node_2_3,2026-08-01 08:00:00,18.341798414911167,91.49871394790893,0.41720943790872267,347.4832813228161,808.3603655715292,63.719215816248216,28.2,82,0.359,298.0,967.8,8,0.8660254037844387,-0.4999999999999998,213,-0.5012418134457756,-0.8653072543632061,246.0
node_2_3,2026-08-01 09:00:00,19.350553859212226,86.41115950489831,0.4165622277849472,517.1571041567464,808.7749579786976,63.719215816248216,29.6,73,0.357,443.0,967.7,9,0.7071067811865476,-0.7071067811865475,213,-0.5012418134457756,-0.8653072543632061,246.0
node_2_3,2026-08-01 10:00:00,20.49166980970206,79.97081518566313,0.4155914125992841,665.2180458896021,809.0924688672997,63.719215816248216,30.1,73,0.355,514.0,967.5,10,0.49999999999999994,-0.8660254037844387,213,-0.5012418134457756,-0.8653072543632061,246.0
node_2_3,2026-08-01 11:00:00,20.753215130227694,79.5012860520911,0.4191218834657121,753.9579546647524,809.1805377311467,63.719215816248216,30.8,70,0.349,725.0,967.4,11,0.258819045102521,-0.9659258262890682,213,-0.5012418134457756,-0.8653072543632061,246.0
node_2_3,2026-08-01 12:00:00,21.150553859212224,77.7639493811229,0.4175330429706104,786.7802736745489,808.6365032992232,63.719215816248216,31.0,69,0.348,796.0,966.9,12,1.2246467991473532e-16,-1.0,213,-0.5012418134457756,-0.8653072543632061,246.0
node_2_3,2026-08-01 13:00:00,20.580253094385522,81.93905826714412,0.4198248911139791,749.8678281175594,807.6131554477537,63.719215816248216,31.2,68,0.346,698.0,966.2,13,-0.2588190451025208,-0.9659258262890683,213,-0.5012418134457756,-0.8653072543632061,246.0
node_2_3,2026-08-01 14:00:00,20.39166980970206,81.73476456678604,0.4274721012377545,612.0660859412201,807.339421780657,63.719215816248216,31.7,64,0.343,669.0,965.4,14,-0.4999999999999997,-0.8660254037844388,213,-0.5012418134457756,-0.8653072543632061,246.0
node_2_3,2026-08-01 15:00:00,20.033042970610104,83.2042937003581,0.4279124455569896,474.47813711445156,806.4248293734884,63.719215816248216,30.2,73,0.345,601.0,964.9,15,-0.7071067811865471,-0.7071067811865479,213,-0.5012418134457756,-0.8653072543632061,246.0
node_2_3,2026-08-01 16:00:00,20.371240439666245,80.17510888602122,0.4270000000000002,385.7321924626038,806.6099797559018,63.719215816248216,30.0,76,0.347,368.0,964.7,16,-0.8660254037844384,-0.5000000000000004,213,-0.5012418134457756,-0.8653072543632061,246.0
node_2_3,2026-08-01 17:00:00,20.682914365400993,82.55708357658267,0.3959922836874538,223.6231695178029,806.9627696321264,63.719215816248216,28.7,85,0.311,235.0,964.7,17,-0.9659258262890683,-0.25881904510252063,213,-0.5012418134457756,-0.8653072543632061,246.0
node_2_3,2026-08-01 18:00:00,19.682914365400993,87.49871394790895,0.39352275455388186,102.03175691851902,806.7747007682792,63.719215816248216,28.5,87,0.312,106.0,964.9,18,-1.0,-1.8369701987210297e-16,213,-0.5012418134457756,-0.8653072543632061,246.0
node_2_3,2026-08-01 19:00:00,18.518193353023452,92.52789876224581,0.39178798998709574,14.058369628673733,806.7953873487334,63.719215816248216,27.9,89,0.313,13.0,965.5,19,-0.9659258262890684,0.2588190451025203,213,-0.5012418134457756,-0.8653072543632061,246.0
node_2_3,2026-08-01 20:00:00,18.10943790872239,92.5278987622458,0.3910824102346466,0.0,807.0396789910751,63.719215816248216,27.6,89,0.314,0.0,965.9,20,-0.8660254037844386,0.5000000000000001,213,-0.5012418134457756,-0.8653072543632061,246.0
node_2_3,2026-08-01 21:00:00,17.633042970610106,93.52789876224581,0.39040601529653435,0.0,807.4457731643606,63.719215816248216,27.7,89,0.314,0.0,966.8,21,-0.7071067811865477,0.7071067811865474,213,-0.5012418134457756,-0.8653072543632061,246.0
node_2_3,2026-08-01 22:00:00,17.221369044875356,94.17510888602123,0.3903768304821975,0.0,807.4253437943248,63.719215816248216,27.7,88,0.315,0.0,967.3,22,-0.5000000000000004,0.8660254037844384,213,-0.5012418134457756,-0.8653072543632061,246.0
node_2_3,2026-08-01 23:00:00,17.689008538686586,89.90987345280725,0.3840824102346466,0.0,807.0340992386259,63.719215816248216,28.3,85,0.31,0.0,966.5,23,-0.25881904510252157,0.9659258262890681,213,-0.5012418134457756,-0.8653072543632061,246.0
node_2_3,2026-08-02 00:00:00,16.70677663770692,92.5278987622458,0.3840824102346466,0.0,806.504914424289,63.719215816248216,27.9,86,0.311,0.0,966.7,0,0.0,1.0,214,-0.5160623910158526,-0.8565509959010037,246.0
node_2_3,2026-08-02 01:00:00,16.071497650084464,93.82231900979663,0.3857004355440852,0.0,806.3226825233094,63.719215816248216,27.7,86,0.312,0.0,966.8,1,0.25881904510252074,0.9659258262890683,214,-0.5160623910158526,-0.8565509959010037,246.0
node_2_3,2026-08-02 02:00:00,14.971497650084464,97.05836962867374,0.39735021777204277,0.0,805.6934977089725,63.719215816248216,26.0,92,0.346,0.0,967.0,2,0.49999999999999994,0.8660254037844387,214,-0.5160623910158526,-0.8565509959010037,246.0
node_2_3,2026-08-02 03:00:00,14.989008538686585,96.32360506188772,0.39929184814336904,0.0,805.6404506223298,63.719215816248216,24.6,99,0.439,0.0,967.7,3,0.7071067811865475,0.7071067811865476,214,-0.5160623910158526,-0.8565509959010037,246.0
node_2_3,2026-08-02 04:00:00,14.891927020120272,97.70557975244915,0.40929442024755114,0.0,806.2993346718399,63.719215816248216,24.9,99,0.433,0.0,968.0,4,0.8660254037844386,0.5000000000000001,214,-0.5160623910158526,-0.8565509959010037,246.0
node_2_3,2026-08-02 05:00:00,15.37175486050268,96.41115950489831,0.42876909358948734,0.0,805.6582187213501,63.719215816248216,26.6,96,0.337,0.0,967.3,5,0.9659258262890683,0.25881904510252074,214,-0.5160623910158526,-0.8565509959010037,246.0
node_2_3,2026-08-02 06:00:00,15.409952329558827,97.41115950489831,0.42712188346571195,30.2918481433687,806.0905792275389,63.719215816248216,26.8,95,0.338,22.0,967.5,6,1.0,6.123233995736766e-17,214,-0.5160623910158526,-0.8565509959010037,246.0
node_2_3,2026-08-02 07:00:00,16.759566513931503,95.38197469056146,0.4254746733419365,151.87811653428824,807.7165883500238,63.719215816248216,27.4,92,0.338,130.0,967.8,7,0.9659258262890683,-0.25881904510252063,214,-0.5160623910158526,-0.8565509959010037,246.0
node_2_3,2026-08-02 08:00:00,18.129867278758205,92.08755444301062,0.4247982784038242,339.06954971373557,808.8309235467741,63.719215816248216,28.0,86,0.338,274.0,968.1,8,0.8660254037844387,-0.4999999999999998,214,-0.5160623910158526,-0.8565509959010037,246.0
node_2_3,2026-08-02 09:00:00,19.73862272305926,83.26523543321397,0.4228274632181611,520.6669981897169,809.3866319044323,63.719215816248216,29.1,79,0.337,404.0,968.1,9,0.7071067811865476,-0.7071067811865475,214,-0.5160623910158526,-0.8565509959010037,246.0
node_2_3,2026-08-02 10:00:00,20.66514626638066,78.26523543321397,0.4208274632181611,646.5451147240049,809.5659453239782,63.719215816248216,30.0,74,0.335,532.0,968.0,10,0.49999999999999994,-0.8660254037844387,214,-0.5160623910158526,-0.8565509959010037,246.0
node_2_3,2026-08-02 11:00:00,21.353215130227696,77.91244555698941,0.4188274632181611,730.7837374470639,809.9540141878254,63.719215816248216,31.0,73,0.333,651.0,968.1,11,0.258819045102521,-0.9659258262890682,214,-0.5160623910158526,-0.8565509959010037,246.0
node_2_3,2026-08-02 12:00:00,21.782914365400995,76.08755444301062,0.41747467334193655,808.2901677075197,809.5070612744681,63.719215816248216,30.9,73,0.332,644.0,967.7,12,1.2246467991473532e-16,-1.0,214,-0.5160623910158526,-0.8565509959010037,246.0
node_2_3,2026-08-02 13:00:00,21.40068246442133,76.52789876224581,0.417856648032498,780.6446380195933,808.9335848177896,63.719215816248216,31.8,70,0.331,690.0,967.3,13,-0.2588190451025208,-0.9659258262890683,214,-0.5160623910158526,-0.8565509959010037,246.0
node_2_3,2026-08-02 14:00:00,21.589008538686585,76.58626839091954,0.41923862272305945,665.3107445409771,808.0983058301671,63.719215816248216,30.9,75,0.33,654.0,966.2,14,-0.4999999999999997,-0.8660254037844388,214,-0.5160623910158526,-0.8565509959010037,246.0
node_2_3,2026-08-02 15:00:00,21.256648032497814,76.93905826714412,0.41973733667096835,525.9304502862645,807.777619249713,63.719215816248216,31.2,73,0.329,615.0,965.8,15,-0.7071067811865471,-0.7071067811865479,214,-0.5160623910158526,-0.8565509959010037,246.0
node_2_3,2026-08-02 16:00:00,20.859566513931497,79.58626839091954,0.4260291848143371,363.41026783656525,807.3099797559017,63.719215816248216,31.4,70,0.327,470.0,965.2,16,-0.8660254037844384,-0.5000000000000004,214,-0.5160623910158526,-0.8565509959010037,246.0
node_2_3,2026-08-02 17:00:00,19.72085462403892,88.0875544430106,0.4072042937003584,230.9253060779002,808.1510957063916,63.719215816248216,30.0,83,0.332,278.0,965.7,17,-0.9659258262890683,-0.25881904510252063,214,-0.5160623910158526,-0.8565509959010037,246.0
node_2_3,2026-08-02 18:00:00,18.36197057452876,95.70557975244915,0.4191193113615299,99.28413183082229,807.5659453239782,63.719215816248216,27.0,94,0.352,80.0,966.5,18,-1.0,-1.8369701987210297e-16,214,-0.5160623910158526,-0.8565509959010037,246.0
node_2_3,2026-08-02 19:00:00,17.712099179737866,97.70557975244917,0.422090126547193,13.498713947908922,807.7749579786976,63.719215816248216,26.3,96,0.36,6.0,967.0,19,-0.9659258262890684,0.2588190451025203,214,-0.5160623910158526,-0.8565509959010037,246.0
node_2_3,2026-08-02 20:00:00,17.5532151302277,96.97081518566314,0.42500000000000027,0.0,808.5160739291874,63.719215816248216,26.3,97,0.391,0.0,967.6,20,-0.8660254037844386,0.5000000000000001,214,-0.5160623910158526,-0.8565509959010037,246.0
node_2_3,2026-08-02 21:00:00,17.447378167360323,98.35278987622458,0.4229708151856634,0.0,808.9662025343964,63.719215816248216,26.3,97,0.392,0.0,968.4,21,-0.7071067811865477,0.7071067811865474,214,-0.5160623910158526,-0.8565509959010037,246.0
node_2_3,2026-08-02 22:00:00,17.309180698304175,97.05836962867374,0.4212652354332142,0.0,809.022168102473,63.719215816248216,26.3,97,0.39,0.0,968.2,22,-0.5000000000000004,0.8660254037844384,214,-0.5160623910158526,-0.8565509959010037,246.0
node_2_3,2026-08-02 23:00:00,17.52403031589083,97.08755444301062,0.4082626633290321,0.0,808.5134126581719,63.719215816248216,27.2,98,0.372,0.0,967.8,23,-0.25881904510252157,0.9659258262890681,214,-0.5160623910158526,-0.8565509959010037,246.0
node_2_3,2026-08-03 00:00:00,16.876820192115407,98.02918481433687,0.4163236050618879,0.0,808.4192496210394,63.719215816248216,26.8,97,0.371,0.0,967.9,0,0.0,1.0,215,-0.5307300481619331,-0.8475409228928312,246.0
node_2_3,2026-08-03 01:00:00,16.40626221687049,97.67639493811228,0.4156180253094388,0.0,807.8163311396056,63.719215816248216,26.7,95,0.371,0.0,967.5,1,0.25881904510252074,0.9659258262890683,215,-0.5307300481619331,-0.8475409228928312,246.0
node_2_3,2026-08-03 02:00:00,15.865146266380659,98.02918481433687,0.4146180253094388,0.0,806.984227843835,63.719215816248216,26.4,95,0.37,0.0,967.5,2,0.49999999999999994,0.8660254037844387,215,-0.5307300481619331,-0.8475409228928312,246.0
node_2_3,2026-08-03 03:00:00,15.235961452043792,98.70557975244917,0.41394163037132653,0.0,805.9844850542534,63.719215816248216,26.1,96,0.369,0.0,966.7,3,0.7071067811865475,0.7071067811865476,215,-0.5307300481619331,-0.8475409228928312,246.0
node_2_3,2026-08-03 04:00:00,14.918450563441668,98.70557975244917,0.4132652354332142,0.0,805.328776696595,63.719215816248216,26.3,95,0.369,0.0,966.9,4,0.8660254037844386,0.5000000000000001,215,-0.5307300481619331,-0.8475409228928312,246.0
node_2_3,2026-08-03 05:00:00,15.715532082007982,98.35278987622459,0.38779056209127793,0.0,805.7669741656512,63.719215816248216,26.2,98,0.334,0.0,966.9,5,0.9659258262890683,0.25881904510252074,215,-0.5307300481619331,-0.8475409228928312,246.0
node_2_3,2026-08-03 06:00:00,16.044974106763064,97.70557975244915,0.38779056209127793,28.615453205256408,806.1728111285186,63.719215816248216,25.3,99,0.347,17.0,967.6,6,1.0,6.123233995736766e-17,215,-0.5307300481619331,-0.8475409228928312,246.0
node_2_3,2026-08-03 07:00:00,16.841798414911167,94.97081518566314,0.3926154532052567,126.48585342699818,807.4256010047432,63.719215816248216,25.9,97,0.35,99.0,967.8,7,0.9659258262890683,-0.25881904510252063,215,-0.5307300481619331,-0.8475409228928312,246.0
node_2_3,2026-08-03 08:00:00,18.38557563641647,88.64721012377542,0.394557083576583,283.2369422872104,809.1280050653404,63.719215816248216,27.5,91,0.351,299.0,968.5,8,0.8660254037844387,-0.4999999999999998,215,-0.5307300481619331,-0.8475409228928312,246.0
node_2_3,2026-08-03 09:00:00,19.48557563641647,81.88326074265252,0.39420429370035837,459.6086285610432,809.818992410621,63.719215816248216,28.3,87,0.351,394.0,968.4,9,0.7071067811865476,-0.7071067811865475,215,-0.5307300481619331,-0.8475409228928312,246.0
node_2_3,2026-08-03 10:00:00,20.050553859212226,81.0875544430106,0.3945862683909198,604.4489523001148,809.8014815220189,63.719215816248216,29.6,83,0.352,567.0,968.7,10,0.49999999999999994,-0.8660254037844387,215,-0.5307300481619331,-0.8475409228928312,246.0
node_2_3,2026-08-03 11:00:00,21.503343735436804,75.32360506188772,0.3985836962867376,628.8592201366798,810.5041427930344,63.719215816248216,30.6,75,0.347,634.0,968.9,11,0.258819045102521,-0.9659258262890682,215,-0.5307300481619331,-0.8475409228928312,246.0
node_2_3,2026-08-03 12:00:00,21.006519427288705,78.5278987622458,0.40028927603918685,664.5613361166138,809.7513529168098,63.719215816248216,31.0,74,0.344,740.0,968.7,12,1.2246467991473532e-16,-1.0,215,-0.5307300481619331,-0.8475409228928312,246.0
node_2_3,2026-08-03 13:00:00,21.768321958232562,77.90987345280726,0.3989364861629623,730.7132960649957,809.7306663363559,63.719215816248216,31.4,70,0.342,707.0,967.9,13,-0.2588190451025208,-0.9659258262890683,215,-0.5307300481619331,-0.8475409228928312,246.0
node_2_3,2026-08-03 14:00:00,21.647635377778535,77.90987345280725,0.3979073013486254,689.732192462604,808.9805377311467,63.719215816248216,31.8,67,0.34,678.0,967.1,14,-0.4999999999999997,-0.8660254037844388,215,-0.5307300481619331,-0.8475409228928312,246.0
node_2_3,2026-08-03 15:00:00,21.67415892109993,79.23347851469497,0.3988197469056148,582.2283343063307,808.477619249713,63.719215816248216,31.8,68,0.337,586.0,966.3,15,-0.7071067811865471,-0.7071067811865479,215,-0.5307300481619331,-0.8475409228928312,246.0
node_2_3,2026-08-03 16:00:00,20.10626221687049,86.44034431923521,0.4097931341954601,424.0875544430106,807.9717822868456,63.719215816248216,31.1,68,0.336,452.0,965.8,16,-0.8660254037844384,-0.5000000000000004,215,-0.5307300481619331,-0.8475409228928312,246.0
node_2_3,2026-08-03 17:00:00,20.5033437354368,87.49871394790895,0.37631588874934163,249.21547378541987,808.0598511506927,63.719215816248216,31.0,73,0.338,257.0,965.8,17,-0.9659258262890683,-0.25881904510252063,215,-0.5307300481619331,-0.8475409228928312,246.0
node_2_3,2026-08-03 18:00:00,19.691669809702056,91.44034431923521,0.378697863439903,106.4352001108708,807.8365032992233,63.719215816248216,29.6,83,0.339,104.0,966.4,18,-1.0,-1.8369701987210297e-16,215,-0.5307300481619331,-0.8475409228928312,246.0
node_2_3,2026-08-03 19:00:00,18.412099179737865,97.08755444301062,0.3893768304821975,13.381974690561446,808.289550385866,63.719215816248216,28.9,86,0.339,10.0,966.8,19,-0.9659258262890684,0.2588190451025203,215,-0.5307300481619331,-0.8475409228928312,246.0
node_2_3,2026-08-03 20:00:00,17.788494117850156,99.02918481433687,0.44733132137443427,0.0,808.930923546774,63.719215816248216,28.3,90,0.338,0.0,967.8,20,-0.8660254037844386,0.5000000000000001,215,-0.5307300481619331,-0.8475409228928312,246.0
node_2_3,2026-08-03 21:00:00,17.482657154982782,97.70557975244915,0.4455939847034661,0.0,809.4868891148506,63.719215816248216,28.2,89,0.34,0.0,968.8,21,-0.7071067811865477,0.7071067811865474,215,-0.5307300481619331,-0.8475409228928312,246.0
node_2_3,2026-08-03 22:00:00,17.22085462403892,98.35278987622459,0.44506351383703824,0.0,809.3956445591516,63.719215816248216,27.3,93,0.342,0.0,968.7,22,-0.5000000000000004,0.8660254037844384,215,-0.5307300481619331,-0.8475409228928312,246.0
node_2_3,2026-08-03 23:00:00,17.35613361166138,98.05836962867374,0.43306094173285603,0.0,809.5956445591517,63.719215816248216,26.3,96,0.378,0.0,969.2,23,-0.25881904510252157,0.9659258262890681,215,-0.5307300481619331,-0.8475409228928312,246.0
node_2_3,2026-08-04 00:00:00,16.856133611661384,98.6763949381123,0.4347081518566315,0.0,808.7574470900954,63.719215816248216,25.6,98,0.382,0.0,968.5,0,0.0,1.0,216,-0.5452404385406507,-0.8382797052177745,246.0
node_2_3,2026-08-04 01:00:00,16.785575636416468,98.02918481433687,0.43235536198040697,0.0,808.3781336705495,63.719215816248216,25.8,97,0.386,0.0,968.5,1,0.25881904510252074,0.9659258262890683,216,-0.5452404385406507,-0.8382797052177745,246.0
node_2_3,2026-08-04 02:00:00,16.285832846834683,97.70557975244915,0.43003175691851914,0.0,807.704914424289,63.719215816248216,25.7,97,0.386,0.0,968.4,2,0.49999999999999994,0.8660254037844387,216,-0.5452404385406507,-0.8382797052177745,246.0
node_2_3,2026-08-04 03:00:00,15.974158921099935,97.38197469056145,0.4280317569185192,0.0,807.3903220171206,63.719215816248216,25.5,98,0.385,0.0,968.4,3,0.7071067811865475,0.7071067811865476,216,-0.5452404385406507,-0.8382797052177745,246.0
node_2_3,2026-08-04 04:00:00,15.324287526309044,98.38197469056146,0.42900257210418236,0.0,807.1022531532736,63.719215816248216,25.6,98,0.384,0.0,968.4,4,0.8660254037844386,0.5000000000000001,216,-0.5452404385406507,-0.8382797052177745,246.0
node_2_3,2026-08-04 05:00:00,16.24471689634485,98.38197469056146,0.389291848143369,0.0,807.1078329057227,63.719215816248216,25.4,99,0.389,0.0,967.7,5,0.9659258262890683,0.25881904510252074,216,-0.5452404385406507,-0.8382797052177745,246.0
node_2_3,2026-08-04 06:00:00,16.44763537777854,98.05836962867374,0.3954377722150533,19.501286052091103,807.9518673376463,63.719215816248216,24.8,100,0.389,21.0,968.4,6,1.0,6.123233995736766e-17,216,-0.5452404385406507,-0.8382797052177745,246.0
node_2_3,2026-08-04 07:00:00,17.07999588396731,97.38197469056145,0.3982600912248499,99.18539730274993,808.6606227819473,63.719215816248216,25.1,99,0.395,102.0,968.5,7,0.9659258262890683,-0.25881904510252063,216,-0.5452404385406507,-0.8382797052177745,246.0
node_2_3,2026-08-04 08:00:00,18.182914365400997,93.0875544430106,0.39999485579163596,253.92273397371815,809.334099238626,63.719215816248216,26.8,95,0.396,302.0,969.1,8,0.8660254037844387,-0.4999999999999998,216,-0.5452404385406507,-0.8382797052177745,246.0
node_2_3,2026-08-04 09:00:00,19.450553859212228,85.38197469056144,0.39896567097729907,422.3948352114726,810.3839706334168,63.719215816248216,28.5,87,0.394,484.0,969.9,9,0.7071067811865476,-0.7071067811865475,216,-0.5452404385406507,-0.8382797052177745,246.0
node_2_3,2026-08-04 10:00:00,20.200425254003118,82.35278987622458,0.3986128811010745,607.2240817662998,810.8662025343965,63.719215816248216,29.6,80,0.392,596.0,969.9,10,0.49999999999999994,-0.8660254037844387,216,-0.5452404385406507,-0.8382797052177745,246.0
node_2_3,2026-08-04 11:00:00,19.544459685926633,89.05836962867376,0.41255708357658294,569.9425220396597,810.6691210158301,63.719215816248216,26.7,94,0.43,464.0,970.0,11,0.258819045102521,-0.9659258262890682,216,-0.5452404385406507,-0.8382797052177745,246.0
node_2_3,2026-08-04 12:00:00,19.0033437354368,93.38197469056146,0.4132334785146953,501.6738228339301,810.2868891148505,63.719215816248216,28.0,88,0.421,478.0,969.9,12,1.2246467991473532e-16,-1.0,216,-0.5452404385406507,-0.8382797052177745,246.0
node_2_3,2026-08-04 13:00:00,18.88557563641647,90.35278987622459,0.440121883465712,466.4601323851771,810.0280050653405,63.719215816248216,26.9,93,0.424,499.0,969.2,13,-0.2588190451025208,-0.9659258262890683,216,-0.5452404385406507,-0.8382797052177745,246.0
node_2_3,2026-08-04 14:00:00,19.223773105472617,88.99999999999999,0.4433579340845891,441.9296615187492,809.4073184848863,63.719215816248216,26.9,92,0.42,493.0,968.6,14,-0.4999999999999997,-0.8660254037844388,216,-0.5452404385406507,-0.8382797052177745,246.0
node_2_3,2026-08-04 15:00:00,19.31793614260524,89.64721012377542,0.44176909358948735,411.8068863847037,808.8484344353761,63.719215816248216,28.2,86,0.416,522.0,967.4,15,-0.7071067811865471,-0.7071067811865479,216,-0.5452404385406507,-0.8382797052177745,246.0
node_2_3,2026-08-04 16:00:00,19.13278576019189,91.14592407168433,0.4392094379087226,311.700435544085,808.0484344353763,63.719215816248216,28.8,82,0.41,373.0,966.3,16,-0.8660254037844384,-0.5000000000000004,216,-0.5452404385406507,-0.8382797052177745,246.0
node_2_3,2026-08-04 17:00:00,19.37973867354909,90.44034431923521,0.4186154532052566,212.2815597266401,808.2012243116008,63.719215816248216,28.3,85,0.406,254.0,966.5,17,-0.9659258262890683,-0.25881904510252063,216,-0.5452404385406507,-0.8382797052177745,246.0
node_2_3,2026-08-04 18:00:00,18.376820192115407,95.41115950489832,0.41720429370035833,72.2892760391866,808.0484344353761,63.719215816248216,28.0,89,0.403,88.0,966.6,18,-1.0,-1.8369701987210297e-16,216,-0.5452404385406507,-0.8382797052177745,246.0
node_2_3,2026-08-04 19:00:00,17.776820192115405,98.38197469056146,0.41649871394790916,8.05836962867374,808.1367605096414,63.719215816248216,26.6,93,0.413,9.0,967.3,19,-0.9659258262890684,0.2588190451025203,216,-0.5452404385406507,-0.8382797052177745,246.0
node_2_3,2026-08-04 20:00:00,17.579738673549095,99.35278987622458,0.4154403443192354,0.0,808.6927260777179,63.719215816248216,26.3,96,0.421,0.0,968.1,20,-0.8660254037844386,0.5000000000000001,216,-0.5452404385406507,-0.8382797052177745,246.0
node_2_3,2026-08-04 21:00:00,17.303343735436805,99.0,0.41476394938112315,0.0,808.9046572138709,63.719215816248216,26.1,95,0.423,0.0,968.7,21,-0.7071067811865477,0.7071067811865474,216,-0.5452404385406507,-0.8382797052177745,246.0
node_2_3,2026-08-04 22:00:00,16.450553859212224,97.05836962867374,0.41955965568076503,0.0,808.1696354366666,63.719215816248216,25.1,98,0.423,0.0,968.7,22,-0.5000000000000004,0.8660254037844384,216,-0.5452404385406507,-0.8382797052177745,246.0
node_2_3,2026-08-04 23:00:00,16.130124489176417,98.02918481433687,0.42082489111397897,0.0,807.1110085975747,63.719215816248216,24.8,99,0.421,0.0,968.5,23,-0.25881904510252157,0.9659258262890681,216,-0.5452404385406507,-0.8382797052177745,246.0
node_2_3,2026-08-05 00:00:00,15.859566513931501,98.70557975244917,0.419824891113979,0.0,806.408090116141,63.719215816248216,24.6,99,0.426,0.0,967.6,0,0.0,1.0,217,-0.5595892624101763,-0.828770087174504,246.0
node_2_3,2026-08-05 01:00:00,15.447892588196755,99.35278987622459,0.4185012860520913,0.0,805.7640556842175,63.719215816248216,24.7,98,0.423,0.0,967.0,1,0.25881904510252074,0.9659258262890683,217,-0.5595892624101763,-0.828770087174504,246.0
node_2_3,2026-08-05 02:00:00,15.212613600574295,98.64721012377541,0.41753047086642814,0.0,805.328776696595,63.719215816248216,24.7,97,0.418,0.0,966.8,2,0.49999999999999994,0.8660254037844387,217,-0.5595892624101763,-0.828770087174504,246.0
node_2_3,2026-08-05 03:00:00,14.527463218160946,98.70557975244915,0.4168540759283159,0.0,804.6643128946357,63.719215816248216,24.7,97,0.414,0.0,966.6,3,0.7071067811865475,0.7071067811865476,217,-0.5595892624101763,-0.828770087174504,246.0
node_2_3,2026-08-05 04:00:00,14.91845056344167,99.02918481433687,0.41585407592831586,0.0,804.9934977089725,63.719215816248216,24.6,98,0.411,0.0,966.4,4,0.8660254037844386,0.5000000000000001,217,-0.5595892624101763,-0.828770087174504,246.0
node_2_3,2026-08-05 05:00:00,15.906519427288707,99.0,0.40549871394790915,0.0,805.575472399534,63.719215816248216,25.4,97,0.396,0.0,966.2,5,0.9659258262890683,0.25881904510252074,217,-0.5595892624101763,-0.828770087174504,246.0
node_2_3,2026-08-05 06:00:00,16.5298672787582,97.61802530943856,0.40549871394790915,22.294420247550857,806.4224253128912,63.719215816248216,25.4,99,0.396,23.0,966.5,6,1.0,6.123233995736766e-17,217,-0.5595892624101763,-0.828770087174504,246.0
node_2_3,2026-08-05 07:00:00,17.60626221687049,94.0,0.40485150382413376,129.3553619804068,807.1752151891158,63.719215816248216,26.3,94,0.395,131.0,966.9,7,0.9659258262890683,-0.25881904510252063,217,-0.5595892624101763,-0.828770087174504,246.0
node_2_3,2026-08-05 08:00:00,18.638622723059264,90.4403443192352,0.40385150382413376,278.7373366709683,807.7632840529627,63.719215816248216,27.1,90,0.393,292.0,967.0,8,0.8660254037844387,-0.4999999999999998,217,-0.5595892624101763,-0.828770087174504,246.0
node_2_3,2026-08-05 09:00:00,19.503343735436808,85.46952913357205,0.4032042937003583,433.6025926843457,807.9778764601313,63.719215816248216,28.2,85,0.392,418.0,966.9,9,0.7071067811865476,-0.7071067811865475,217,-0.5595892624101763,-0.828770087174504,246.0
node_2_3,2026-08-05 10:00:00,20.103343735436802,82.11673925734748,0.4022334785146952,458.61030899689206,808.0866319044324,63.719215816248216,29.5,78,0.389,635.0,966.7,10,0.49999999999999994,-0.8660254037844387,217,-0.5595892624101763,-0.828770087174504,246.0
node_2_3,2026-08-05 11:00:00,20.682914365400997,82.23347851469495,0.40335021777204266,615.2961006833998,808.0807949415648,63.719215816248216,30.9,73,0.388,772.0,966.7,11,0.258819045102521,-0.9659258262890682,217,-0.5595892624101763,-0.828770087174504,246.0
node_2_3,2026-08-05 12:00:00,20.103343735436802,87.38197469056149,0.41258626839091983,567.5218628855481,807.1924688672997,63.719215816248216,30.7,75,0.385,741.0,965.8,12,1.2246467991473532e-16,-1.0,217,-0.5595892624101763,-0.828770087174504,246.0
node_2_3,2026-08-05 13:00:00,20.482914365400994,84.08755444301065,0.41376137727694107,606.6437463512601,806.8601083611109,63.719215816248216,29.9,78,0.386,482.0,965.1,13,-0.2588190451025208,-0.9659258262890683,217,-0.5595892624101763,-0.828770087174504,246.0
node_2_3,2026-08-05 14:00:00,20.377077402533622,86.26266332903182,0.41217253678183935,522.3948352114722,806.1747007682794,63.719215816248216,31.2,68,0.384,701.0,964.1,14,-0.4999999999999997,-0.8660254037844388,217,-0.5595892624101763,-0.828770087174504,246.0
node_2_3,2026-08-05 15:00:00,20.521369044875353,84.40858740071619,0.41055451147240074,437.4128399407474,805.5953873487333,63.719215816248216,30.7,68,0.384,551.0,963.8,15,-0.7071067811865471,-0.7071067811865479,217,-0.5595892624101763,-0.828770087174504,246.0
node_2_3,2026-08-05 16:00:00,19.644716896344846,87.35021777204246,0.41443777221505335,341.18539730274995,805.3659453239783,63.719215816248216,28.5,81,0.383,318.0,963.6,16,-0.8660254037844384,-0.5000000000000004,217,-0.5595892624101763,-0.828770087174504,246.0
node_2_3,2026-08-05 17:00:00,20.647635377778535,82.61545320525642,0.40696567097729913,202.7536609643941,806.0216536816365,63.719215816248216,28.9,83,0.378,156.0,963.7,17,-0.9659258262890683,-0.25881904510252063,217,-0.5595892624101763,-0.828770087174504,246.0
node_2_3,2026-08-05 18:00:00,19.51235639015608,88.90987345280728,0.40526009122485,104.81717480143229,805.7070612744681,63.719215816248216,28.1,89,0.378,90.0,963.8,18,-1.0,-1.8369701987210297e-16,217,-0.5595892624101763,-0.828770087174504,246.0
node_2_3,2026-08-05 19:00:00,18.353472340645908,94.17510888602122,0.4035836962867376,13.087554443010603,805.9924688672997,63.719215816248216,27.2,96,0.378,11.0,964.7,19,-0.9659258262890684,0.2588190451025203,217,-0.5595892624101763,-0.828770087174504,246.0
node_2_3,2026-08-05 20:00:00,17.60943790872239,95.41115950489831,0.40223090641051307,0.0,806.3545286086617,63.719215816248216,27.0,97,0.378,0.0,965.7,20,-0.8660254037844386,0.5000000000000001,217,-0.5595892624101763,-0.828770087174504,246.0
node_2_3,2026-08-05 21:00:00,16.78317157581921,95.79313419545977,0.4015545114724008,0.0,806.2489488562126,63.719215816248216,26.9,97,0.377,0.0,966.2,21,-0.7071067811865477,0.7071067811865474,217,-0.5595892624101763,-0.828770087174504,246.0
node_2_3,2026-08-05 22:00:00,16.51553208200798,95.4403443192352,0.4005545114724008,0.0,806.0078329057228,63.719215816248216,26.7,97,0.377,0.0,966.4,22,-0.5000000000000004,0.8660254037844384,217,-0.5595892624101763,-0.828770087174504,246.0
node_2_3,2026-08-05 23:00:00,16.20411536669145,97.70557975244915,0.4030849823388288,0.0,804.6523817584828,63.719215816248216,27.2,97,0.369,0.0,965.8,23,-0.25881904510252157,0.9659258262890681,217,-0.5595892624101763,-0.828770087174504,246.0
node_2_3,2026-08-06 00:00:00,15.639394354313907,98.70557975244915,0.4024085874007165,0.0,804.1553002399164,63.719215816248216,25.6,97,0.439,0.0,965.8,0,0.0,1.0,218,-0.5737722679043243,-0.8190148866680802,246.0
node_2_3,2026-08-06 01:00:00,15.842312835747594,96.44034431923518,0.4020849823388287,0.0,804.1934977089725,63.719215816248216,25.3,99,0.431,0.0,965.6,1,0.25881904510252074,0.9659258262890683,218,-0.5737722679043243,-0.8190148866680802,246.0
node_2_3,2026-08-06 02:00:00,16.362484995365186,95.94163037132626,0.4020557975244919,0.0,804.946030374779,63.719215816248216,24.9,99,0.437,0.0,965.5,2,0.49999999999999994,0.8660254037844387,218,-0.5737722679043243,-0.8190148866680802,246.0
node_2_3,2026-08-06 03:00:00,16.52111183445714,95.9124455569894,0.40302661271015505,0.0,805.3399362014934,63.719215816248216,24.7,99,0.436,0.0,965.4,3,0.7071067811865475,0.7071067811865476,218,-0.5737722679043243,-0.8190148866680802,246.0
node_2_3,2026-08-06 04:00:00,16.462227784946972,95.58884049510169,0.4034085874007165,0.0,805.6810521519832,63.719215816248216,24.4,99,0.436,0.0,965.7,4,0.8660254037844386,0.5000000000000001,218,-0.5737722679043243,-0.8190148866680802,246.0
node_2_3,2026-08-06 05:00:00,16.67390171068172,98.38197469056146,0.39720429370035837,0.0,805.3486916457944,63.719215816248216,25.0,100,0.436,0.0,964.9,5,0.9659258262890683,0.25881904510252074,218,-0.5737722679043243,-0.8190148866680802,246.0
node_2_3,2026-08-06 06:00:00,16.70626221687049,98.6763949381123,0.40802918481433714,7.73476456678603,806.1457731643607,63.719215816248216,25.1,99,0.431,4.0,965.8,6,1.0,6.123233995736766e-17,218,-0.5737722679043243,-0.8190148866680802,246.0
node_2_3,2026-08-06 07:00:00,16.903343735436803,98.35278987622459,0.4177055797524494,42.647210123775395,806.851610127228,63.719215816248216,25.2,96,0.439,54.0,966.5,7,0.9659258262890683,-0.25881904510252063,218,-0.5737722679043243,-0.8190148866680802,246.0
node_2_3,2026-08-06 08:00:00,17.026948797324515,98.05836962867374,0.4253819746905617,86.73476456678607,807.5075756953045,63.719215816248216,25.2,97,0.439,120.0,967.4,8,0.8660254037844387,-0.4999999999999998,218,-0.5737722679043243,-0.8190148866680802,246.0
node_2_3,2026-08-06 09:00:00,17.018193353023452,93.49871394790893,0.4189098734528075,119.76909358948704,807.9017387324371,63.719215816248216,25.0,99,0.433,102.0,967.9,9,0.7071067811865476,-0.7071067811865475,218,-0.5737722679043243,-0.8190148866680802,246.0
node_2_3,2026-08-06 10:00:00,16.759309303513284,95.08755444301062,0.42505836962867405,122.54422305567176,807.9693782262484,63.719215816248216,24.8,100,0.438,136.0,968.2,10,0.49999999999999994,-0.8660254037844387,218,-0.5737722679043243,-0.8190148866680802,246.0
node_2_3,2026-08-06 11:00:00,16.75347234064591,95.41115950489831,0.42994163037132654,210.80431428052148,807.7929832881362,63.719215816248216,25.1,99,0.438,165.0,968.3,11,0.258819045102521,-0.9659258262890682,218,-0.5737722679043243,-0.8190148866680802,246.0
node_2_3,2026-08-06 12:00:00,16.724030315890825,95.11673925734748,0.43288326074265276,222.35625364873994,807.8017387324371,63.719215816248216,25.4,97,0.429,100.0,968.0,12,1.2246467991473532e-16,-1.0,218,-0.5737722679043243,-0.8190148866680802,246.0
node_2_3,2026-08-06 13:00:00,16.85347234064591,95.11673925734748,0.4374137316090807,208.83092699067635,807.4046572138709,63.719215816248216,26.0,96,0.427,251.0,967.5,13,-0.2588190451025208,-0.9659258262890683,218,-0.5737722679043243,-0.8190148866680802,246.0
node_2_3,2026-08-06 14:00:00,16.92111183445714,97.08755444301062,0.44388583284683486,176.5287904305789,806.9486916457943,63.719215816248216,26.3,95,0.434,223.0,966.8,14,-0.4999999999999997,-0.8660254037844388,218,-0.5737722679043243,-0.8190148866680802,246.0
node_2_3,2026-08-06 15:00:00,16.918193353023455,97.08755444301062,0.44582746321816114,149.2051853686912,806.8221681024729,63.719215816248216,26.3,96,0.438,126.0,966.4,15,-0.7071067811865471,-0.7071067811865479,218,-0.5737722679043243,-0.8190148866680802,246.0
node_2_3,2026-08-06 16:00:00,16.94471689634485,97.41115950489834,0.4487399087751506,130.80945848888587,806.4603655715291,63.719215816248216,25.6,98,0.439,57.0,965.8,16,-0.8660254037844384,-0.5000000000000004,218,-0.5737722679043243,-0.8190148866680802,246.0
node_2_3,2026-08-06 17:00:00,16.221369044875356,97.41115950489834,0.43179570629964215,101.29699235173314,806.1192496210392,63.719215816248216,25.7,96,0.43,31.0,965.5,17,-0.9659258262890683,-0.25881904510252063,218,-0.5737722679043243,-0.8190148866680802,246.0
node_2_3,2026-08-06 18:00:00,16.224287526309045,97.05836962867374,0.43311931136152987,36.23090641051279,805.8810521519831,63.719215816248216,25.6,96,0.427,56.0,965.1,18,-1.0,-1.8369701987210297e-16,218,-0.5737722679043243,-0.8190148866680802,246.0
node_2_3,2026-08-06 19:00:00,16.094845501553962,97.41115950489834,0.4340901265471929,6.381974690561443,806.1752151891158,63.719215816248216,25.1,96,0.423,9.0,965.7,19,-0.9659258262890684,0.2588190451025203,218,-0.5737722679043243,-0.8190148866680802,246.0
node_2_3,2026-08-06 20:00:00,16.16248499536519,96.7639493811229,0.4334429164234175,0.0,806.7017387324372,63.719215816248216,24.9,97,0.42,0.0,966.4,20,-0.8660254037844386,0.5000000000000001,218,-0.5737722679043243,-0.8190148866680802,246.0
node_2_3,2026-08-06 21:00:00,16.23012448917642,95.79313419545977,0.43182489111397904,0.0,807.2929832881362,63.719215816248216,24.9,95,0.418,0.0,967.2,21,-0.7071067811865477,0.7071067811865474,218,-0.5737722679043243,-0.8190148866680802,246.0
node_2_3,2026-08-06 22:00:00,16.10360094585502,96.11673925734746,0.42985407592831587,0.0,807.4871463252688,63.719215816248216,24.9,96,0.425,0.0,967.4,22,-0.5000000000000004,0.8660254037844384,218,-0.5737722679043243,-0.8190148866680802,246.0
node_2_3,2026-08-06 23:00:00,15.691927020120273,97.0875544430106,0.42903175691851914,0.0,806.7637984737992,63.719215816248216,25.3,96,0.427,0.0,967.3,23,-0.25881904510252157,0.9659258262890681,218,-0.5737722679043243,-0.8190148866680802,246.0
node_2_3,2026-08-07 00:00:00,15.350553859212225,98.02918481433687,0.4358274632181611,0.0,806.5431118933452,63.719215816248216,25.0,96,0.423,0.0,967.0,0,0.0,1.0,219,-0.5877852522924734,-0.8090169943749472,246.0
node_2_3,2026-08-07 01:00:00,15.244716896344851,98.02918481433687,0.43547467334193646,0.0,806.1019959428554,63.719215816248216,25.0,94,0.42,0.0,966.6,1,0.25881904510252074,0.9659258262890683,219,-0.5877852522924734,-0.8090169943749472,246.0
node_2_3,2026-08-07 02:00:00,15.285832846834683,98.35278987622459,0.433856648032498,0.0,805.8431118933452,63.719215816248216,24.9,92,0.418,0.0,966.1,2,0.49999999999999994,0.8660254037844387,219,-0.5877852522924734,-0.8090169943749472,246.0
node_2_3,2026-08-07 03:00:00,15.185832846834682,98.35278987622459,0.4322094379087225,0.0,805.7078329057226,63.719215816248216,24.8,91,0.416,0.0,965.9,3,0.7071067811865475,0.7071067811865476,219,-0.5877852522924734,-0.8090169943749472,246.0
node_2_3,2026-08-07 04:00:00,15.009437908722393,98.70557975244917,0.43059141259928396,0.0,805.5637984737992,63.719215816248216,24.8,92,0.414,0.0,966.1,4,0.8660254037844386,0.5000000000000001,219,-0.5877852522924734,-0.8090169943749472,246.0
node_2_3,2026-08-07 05:00:00,15.877077402533622,99.02918481433687,0.42679570629964214,0.0,805.7518673376462,63.719215816248216,25.0,96,0.413,0.0,965.9,5,0.9659258262890683,0.25881904510252074,219,-0.5877852522924734,-0.8090169943749472,246.0
node_2_3,2026-08-07 06:00:00,15.703600945855019,98.38197469056146,0.4247957062996421,21.55451147240049,805.8401934119115,63.719215816248216,25.2,96,0.412,24.0,966.2,6,1.0,6.123233995736766e-17,219,-0.5877852522924734,-0.8090169943749472,246.0
node_2_3,2026-08-07 07:00:00,16.71819335302345,95.58884049510169,0.42382489111397903,101.03779279521649,806.9752151891157,63.719215816248216,26.7,92,0.41,142.0,966.7,7,0.9659258262890683,-0.25881904510252063,219,-0.5877852522924734,-0.8090169943749472,246.0
node_2_3,2026-08-07 08:00:00,17.315274871589768,93.94163037132627,0.4238832607426527,207.99831956415096,807.5104941767382,63.719215816248216,27.9,83,0.409,278.0,967.0,8,0.8660254037844387,-0.4999999999999998,219,-0.5877852522924734,-0.8090169943749472,246.0
node_2_3,2026-08-07 09:00:00,17.853472340645908,92.00000000000003,0.4245888404951019,273.2901677075195,807.9839706334169,63.719215816248216,28.0,82,0.407,206.0,967.5,9,0.7071067811865476,-0.7071067811865475,219,-0.5877852522924734,-0.8090169943749472,246.0
node_2_3,2026-08-07 10:00:00,18.897763982987648,87.14592407168436,0.42402918481433705,461.1382077591382,808.3221681024729,63.719215816248216,27.8,85,0.407,154.0,967.7,10,0.49999999999999994,-0.8660254037844387,219,-0.5877852522924734,-0.8090169943749472,246.0
node_2_3,2026-08-07 11:00:00,19.83304297061011,81.55708357658267,0.42758884049510193,509.18539730275063,808.6898075962843,63.719215816248216,28.4,82,0.414,134.0,967.7,11,0.258819045102521,-0.9659258262890682,219,-0.5877852522924734,-0.8090169943749472,246.0
node_2_3,2026-08-07 12:00:00,17.76514626638066,93.70557975244915,0.4315304708664282,317.92876985041585,808.1486916457943,63.719215816248216,28.1,81,0.412,166.0,967.5,12,1.2246467991473532e-16,-1.0,219,-0.5877852522924734,-0.8090169943749472,246.0
node_2_3,2026-08-07 13:00:00,17.950553859212224,92.41115950489832,0.44129699235173314,276.65839020883726,807.8545286086617,63.719215816248216,29.1,76,0.409,460.0,967.1,13,-0.2588190451025208,-0.9659258262890683,219,-0.5877852522924734,-0.8090169943749472,246.0
node_2_3,2026-08-07 14:00:00,18.306519427288706,92.38197469056146,0.44226780753739636,369.32360506188803,807.4014815220189,63.719215816248216,29.2,76,0.407,343.0,966.2,14,-0.4999999999999997,-0.8660254037844388,219,-0.5877852522924734,-0.8090169943749472,246.0
node_2_3,2026-08-07 15:00:00,19.00360094585502,89.11673925734749,0.44159141259928403,397.66867862556603,807.1131554477537,63.719215816248216,30.2,74,0.405,566.0,965.5,15,-0.7071067811865471,-0.7071067811865479,219,-0.5877852522924734,-0.8090169943749472,246.0
node_2_3,2026-08-07 16:00:00,19.138879933477483,88.1751088860212,0.440591412599284,301.0163242934264,807.0131554477537,63.719215816248216,29.8,76,0.402,433.0,965.2,16,-0.8660254037844384,-0.5000000000000004,219,-0.5877852522924734,-0.8090169943749472,246.0
node_2_3,2026-08-07 17:00:00,18.868064747814348,91.05836962867374,0.4344137316090807,169.2042937003583,807.0306663363558,63.719215816248216,29.9,78,0.393,198.0,964.9,17,-0.9659258262890683,-0.25881904510252063,219,-0.5877852522924734,-0.8090169943749472,246.0
node_2_3,2026-08-07 18:00:00,17.70042525400312,95.70557975244915,0.43956222778494713,81.43005590250665,806.6513529168099,63.719215816248216,28.7,87,0.393,92.0,965.2,18,-1.0,-1.8369701987210297e-16,219,-0.5877852522924734,-0.8090169943749472,246.0
node_2_3,2026-08-07 19:00:00,16.89458829113574,97.73476456678604,0.4395330429706103,9.175108886021217,806.8338420282078,63.719215816248216,27.8,91,0.393,11.0,965.8,19,-0.9659258262890684,0.2588190451025203,219,-0.5877852522924734,-0.8090169943749472,246.0
node_2_3,2026-08-07 20:00:00,16.350553859212226,96.73476456678603,0.43656222778494713,0.0,806.8868891148505,63.719215816248216,27.3,93,0.393,0.0,966.2,20,-0.8660254037844386,0.5000000000000001,219,-0.5877852522924734,-0.8090169943749472,246.0
node_2_3,2026-08-07 21:00:00,15.797763982987647,97.08755444301062,0.43426780753739636,0.0,807.0460303747789,63.719215816248216,27.1,95,0.393,0.0,967.1,21,-0.7071067811865477,0.7071067811865474,219,-0.5877852522924734,-0.8090169943749472,246.0
node_2_3,2026-08-07 22:00:00,15.559566513931502,97.08755444301062,0.43776909358948735,0.0,807.4285194861768,63.719215816248216,26.7,97,0.393,0.0,967.7,22,-0.5000000000000004,0.8660254037844384,219,-0.5877852522924734,-0.8090169943749472,246.0
node_2_3,2026-08-07 23:00:00,16.55081106963044,95.79313419545977,0.44971329606499577,0.0,807.3460303747789,63.719215816248216,27.2,96,0.393,0.0,967.2,23,-0.25881904510252157,0.9659258262890681,219,-0.5877852522924734,-0.8090169943749472,246.0
node_2_3,2026-08-08 00:00:00,16.086090057252896,96.44034431923518,0.4435647998891293,0.0,807.2401934119116,63.719215816248216,26.8,98,0.392,0.0,967.4,0,0.0,1.0,220,-0.6016240632249227,-0.7987793728863648,246.0
node_2_3,2026-08-08 01:00:00,15.541798414911165,96.7639493811229,0.44612445556989405,0.0,806.9900648067024,63.719215816248216,26.5,97,0.394,0.0,967.1,1,0.25881904510252074,0.9659258262890683,220,-0.6016240632249227,-0.7987793728863648,246.0
node_2_3,2026-08-08 02:00:00,15.1563908220796,97.05836962867374,0.44933132137443427,0.0,806.863541263381,63.719215816248216,25.4,96,0.41,0.0,966.9,2,0.49999999999999994,0.8660254037844387,220,-0.6016240632249227,-0.7987793728863648,246.0
node_2_3,2026-08-08 03:00:00,15.106519427288706,96.41115950489831,0.44512445556989405,0.0,806.1460303747789,63.719215816248216,25.2,96,0.409,0.0,966.4,3,0.7071067811865475,0.7071067811865476,220,-0.6016240632249227,-0.7987793728863648,246.0
node_2_3,2026-08-08 04:00:00,15.19484550155396,95.11673925734746,0.4415356150747924,0.0,805.996158979988,63.719215816248216,25.1,96,0.407,0.0,966.4,4,0.8660254037844386,0.5000000000000001,220,-0.6016240632249227,-0.7987793728863648,246.0
node_2_3,2026-08-08 05:00:00,15.589008538686588,94.1751088860212,0.4330635138370382,0.0,806.3049144242891,63.719215816248216,26.4,93,0.392,0.0,966.8,5,0.9659258262890683,0.25881904510252074,220,-0.6016240632249227,-0.7987793728863648,246.0
node_2_3,2026-08-08 06:00:00,15.25372955106413,94.41115950489832,0.43756479988912933,27.262663329031838,806.5579615109319,63.719215816248216,27.0,90,0.392,21.0,967.1,6,1.0,6.123233995736766e-17,220,-0.6016240632249227,-0.7987793728863648,246.0
node_2_3,2026-08-08 07:00:00,16.156648032497817,96.11673925734749,0.4382120100129047,151.48328132281614,807.4696354366666,63.719215816248216,28.3,89,0.392,149.0,967.6,7,0.9659258262890683,-0.25881904510252063,220,-0.6016240632249227,-0.7987793728863648,246.0
node_2_3,2026-08-08 08:00:00,17.324030315890834,94.49871394790891,0.4453605061887712,303.05668919282505,809.1075756953046,63.719215816248216,29.2,83,0.391,331.0,968.2,8,0.8660254037844387,-0.4999999999999998,220,-0.6016240632249227,-0.7987793728863648,246.0
node_2_3,2026-08-08 09:00:00,18.04737816736033,90.85150382413349,0.44377166569366955,479.10734250895246,809.6985630405852,63.719215816248216,30.1,77,0.389,517.0,968.8,9,0.7071067811865476,-0.7071067811865475,220,-0.6016240632249227,-0.7987793728863648,246.0
node_2_3,2026-08-08 10:00:00,18.997249562151218,84.44291642341734,0.44247724544611866,628.1021983005878,810.1866319044323,63.719215816248216,30.9,74,0.387,643.0,969.1,10,0.49999999999999994,-0.8660254037844387,220,-0.6016240632249227,-0.7987793728863648,246.0
node_2_3,2026-08-08 11:00:00,20.261970574528753,80.94420247550843,0.44347724544611866,810.3433931278291,810.7452587435242,63.719215816248216,31.9,71,0.385,778.0,969.0,11,0.258819045102521,-0.9659258262890682,220,-0.6016240632249227,-0.7987793728863648,246.0
node_2_3,2026-08-08 12:00:00,21.05347234064591,76.26523543321399,0.4392411948272416,819.6214890819539,810.5012243116007,63.719215816248216,32.2,64,0.383,768.0,968.9,12,1.2246467991473532e-16,-1.0,220,-0.6016240632249227,-0.7987793728863648,246.0
node_2_3,2026-08-08 13:00:00,21.462484995365188,72.49871394790893,0.4359467745796908,813.2472307039388,809.9717822868456,63.719215816248216,32.3,62,0.38,762.0,968.1,13,-0.2588190451025208,-0.9659258262890683,220,-0.6016240632249227,-0.7987793728863648,246.0
node_2_3,2026-08-08 14:00:00,21.600682464421332,72.11673925734749,0.4323579340845891,750.9922836874537,809.4452587435243,63.719215816248216,32.1,63,0.376,735.0,967.4,14,-0.4999999999999997,-0.8660254037844388,220,-0.6016240632249227,-0.7987793728863648,246.0
node_2_3,2026-08-08 15:00:00,21.60360094585502,72.14592407168436,0.4290635138370382,648.2892760391865,808.9834562125803,63.719215816248216,32.0,63,0.374,621.0,966.8,15,-0.7071067811865471,-0.7071067811865479,220,-0.6016240632249227,-0.7987793728863648,246.0
node_2_3,2026-08-08 16:00:00,21.24471689634485,74.14592407168436,0.4270926986513751,508.0721218179177,808.4834562125804,63.719215816248216,31.7,66,0.372,470.0,966.3,16,-0.8660254037844384,-0.5000000000000004,220,-0.6016240632249227,-0.7987793728863648,246.0
node_2_3,2026-08-08 17:00:00,20.70626221687049,82.41115950489832,0.42697338728984546,295.72704825423955,808.9922116568814,63.719215816248216,31.5,71,0.378,291.0,966.6,17,-0.9659258262890683,-0.25881904510252063,220,-0.6016240632249227,-0.7987793728863648,246.0
node_2_3,2026-08-08 18:00:00,19.415274871589766,92.14592407168436,0.4256497822279577,113.35021777204241,808.5924688672997,63.719215816248216,27.6,85,0.385,103.0,967.3,18,-1.0,-1.8369701987210297e-16,220,-0.6016240632249227,-0.7987793728863648,246.0
node_2_3,2026-08-08 19:00:00,18.426948797324513,94.11673925734748,0.42497338728984546,11.029184814336862,808.8866319044323,63.719215816248216,25.9,94,0.392,6.0,968.0,19,-0.9659258262890684,0.2588190451025203,220,-0.6016240632249227,-0.7987793728863648,246.0
node_2_3,2026-08-08 20:00:00,17.824030315890823,95.46952913357207,0.42397338728984546,0.0,809.3956445591516,63.719215816248216,25.5,95,0.393,0.0,968.4,20,-0.8660254037844386,0.5000000000000001,220,-0.6016240632249227,-0.7987793728863648,246.0
node_2_3,2026-08-08 21:00:00,17.179995883967308,95.08755444301062,0.42300257210418235,0.0,809.4282622757587,63.719215816248216,25.7,93,0.392,0.0,969.2,21,-0.7071067811865477,0.7071067811865474,220,-0.6016240632249227,-0.7987793728863648,246.0
node_2_3,2026-08-08 22:00:00,16.003858156273232,95.73476456678604,0.42232617716607007,0.0,808.4258582151613,63.719215816248216,26.0,92,0.391,0.0,969.7,22,-0.5000000000000004,0.8660254037844384,220,-0.6016240632249227,-0.7987793728863648,246.0
node_2_3,2026-08-08 23:00:00,16.215789292426198,95.7639493811229,0.42006351383703827,0.0,808.249463277049,63.719215816248216,27.0,90,0.391,0.0,969.5,23,-0.25881904510252157,0.9659258262890681,220,-0.6016240632249227,-0.7987793728863648,246.0
node_2_3,2026-08-09 00:00:00,15.753986761482345,96.44034431923518,0.4194454885275997,0.0,807.9523817584827,63.719215816248216,26.8,90,0.39,0.0,969.4,0,0.0,1.0,221,-0.6152845999633277,-0.7883050558305253,246.0
node_2_3,2026-08-09 01:00:00,15.630381699594633,96.7639493811229,0.4188274632181611,0.0,807.5582187213502,63.719215816248216,26.6,90,0.39,0.0,968.9,1,0.25881904510252074,0.9659258262890683,221,-0.6152845999633277,-0.7883050558305253,246.0
node_2_3,2026-08-09 02:00:00,15.65081106963044,97.08755444301062,0.41850385815627344,0.0,807.7757296099521,63.719215816248216,26.4,91,0.389,0.0,968.9,2,0.49999999999999994,0.8660254037844387,221,-0.6152845999633277,-0.7883050558305253,246.0
node_2_3,2026-08-09 03:00:00,15.389008538686582,97.05836962867374,0.421121883465712,0.0,807.5669741656511,63.719215816248216,26.3,91,0.389,0.0,968.9,3,0.7071067811865475,0.7071067811865476,221,-0.6152845999633277,-0.7883050558305253,246.0
node_2_3,2026-08-09 04:00:00,15.353729551064125,96.00000000000001,0.42112188346571194,0.0,807.7316951780288,63.719215816248216,26.2,91,0.388,0.0,968.9,4,0.8660254037844386,0.5000000000000001,221,-0.6152845999633277,-0.7883050558305253,246.0
node_2_3,2026-08-09 05:00:00,15.004115366691451,95.11673925734748,0.41041630371326276,0.0,806.873325549355,63.719215816248216,27.0,90,0.375,0.0,969.0,5,0.9659258262890683,0.25881904510252074,221,-0.6152845999633277,-0.7883050558305253,246.0
node_2_3,2026-08-09 06:00:00,14.90411536669145,96.08755444301062,0.4126815391464768,25.67382283393014,807.2027675741101,63.719215816248216,26.2,92,0.375,20.0,969.6,6,1.0,6.123233995736766e-17,221,-0.6152845999633277,-0.7883050558305253,246.0
node_2_3,2026-08-09 07:00:00,16.60969511914061,95.73476456678604,0.4123579340845891,161.54679515985404,808.7582187213502,63.719215816248216,25.9,89,0.375,125.0,970.0,7,0.9659258262890683,-0.25881904510252063,221,-0.6152845999633277,-0.7883050558305253,246.0
node_2_3,2026-08-09 08:00:00,18.47999588396731,93.20429370035808,0.41135793408458904,351.8626839091953,810.2224253128911,63.719215816248216,27.8,83,0.374,296.0,970.4,8,0.8660254037844387,-0.4999999999999998,221,-0.6152845999633277,-0.7883050558305253,246.0
node_2_3,2026-08-09 09:00:00,20.232785760191888,80.58884049510169,0.41003432902270137,520.2686992057291,811.2985630405852,63.719215816248216,29.6,75,0.372,487.0,970.5,9,0.7071067811865476,-0.7071067811865475,221,-0.6152845999633277,-0.7883050558305253,246.0
node_2_3,2026-08-09 10:00:00,21.403343735436806,71.55965568076482,0.4080343290227014,692.611200665225,811.6455159539425,63.719215816248216,30.6,69,0.37,652.0,970.4,10,0.49999999999999994,-0.8660254037844387,221,-0.6152845999633277,-0.7883050558305253,246.0
node_2_3,2026-08-09 11:00:00,22.44154120449295,67.41115950489834,0.4044163037132628,831.7013272124179,811.7012243116008,63.719215816248216,31.8,63,0.368,712.0,970.0,11,0.258819045102521,-0.9659258262890682,221,-0.6152845999633277,-0.7883050558305253,246.0
node_2_3,2026-08-09 12:00:00,22.085832846834684,70.55708357658267,0.4017690935894874,839.3511094403756,811.0248293734885,63.719215816248216,31.9,62,0.366,795.0,969.4,12,1.2246467991473532e-16,-1.0,221,-0.6152845999633277,-0.7883050558305253,246.0
node_2_3,2026-08-09 13:00:00,22.27707740253362,69.96824308148098,0.3991510682800489,820.1064508406189,810.5630268425446,63.719215816248216,32.3,60,0.363,839.0,968.8,13,-0.2588190451025208,-0.9659258262890683,221,-0.6152845999633277,-0.7883050558305253,246.0
node_2_3,2026-08-09 14:00:00,22.06540347679887,71.37940258637931,0.39718025309438576,755.0824102346462,809.798305830167,63.719215816248216,32.3,61,0.362,688.0,968.0,14,-0.4999999999999997,-0.8660254037844388,221,-0.6152845999633277,-0.7883050558305253,246.0
node_2_3,2026-08-09 15:00:00,21.941798414911162,72.29184814336871,0.3965330429706103,613.2309064105127,809.3452587435243,63.719215816248216,32.0,63,0.361,579.0,967.4,15,-0.7071067811865471,-0.7071067811865479,221,-0.6152845999633277,-0.7883050558305253,246.0
node_2_3,2026-08-09 16:00:00,21.600682464421332,75.0557975244916,0.39591501766117176,397.9596351006013,808.777619249713,63.719215816248216,31.5,67,0.362,438.0,966.8,16,-0.8660254037844384,-0.5000000000000004,221,-0.6152845999633277,-0.7883050558305253,246.0
node_2_3,2026-08-09 17:00:00,21.517936142605237,79.08755444301062,0.40312188346571204,261.35536198040666,809.0038855826162,63.719215816248216,30.3,76,0.362,266.0,966.6,17,-0.9659258262890683,-0.25881904510252063,221,-0.6152845999633277,-0.7883050558305253,246.0
node_2_3,2026-08-09 18:00:00,20.306262216870486,87.38197469056146,0.4027982784038243,116.75880517275856,808.507061274468,63.719215816248216,29.4,85,0.361,111.0,966.7,18,-1.0,-1.8369701987210297e-16,221,-0.6152845999633277,-0.7883050558305253,246.0
node_2_3,2026-08-09 19:00:00,19.203343735436803,92.79313419545979,0.40250385815627343,10.705579752449154,808.4837134229986,63.719215816248216,28.3,90,0.361,9.0,967.3,19,-0.9659258262890684,0.2588190451025203,221,-0.6152845999633277,-0.7883050558305253,246.0
node_2_3,2026-08-09 20:00:00,18.697506772569426,93.85150382413352,0.40250385815627343,0.0,808.9367605096415,63.719215816248216,27.8,90,0.361,0.0,967.9,20,-0.8660254037844386,0.5000000000000001,221,-0.6152845999633277,-0.7883050558305253,246.0
node_2_3,2026-08-09 21:00:00,18.326948797324512,94.14592407168436,0.40185664803249804,0.0,809.351610127228,63.719215816248216,27.6,88,0.361,0.0,968.6,21,-0.7071067811865477,0.7071067811865474,221,-0.6152845999633277,-0.7883050558305253,246.0
node_2_3,2026-08-09 22:00:00,17.915274871589766,94.49871394790894,0.4022094379087226,0.0,809.2253437943249,63.719215816248216,27.6,88,0.361,0.0,969.0,22,-0.5000000000000004,0.8660254037844384,221,-0.6152845999633277,-0.7883050558305253,246.0
node_2_3,2026-08-09 23:00:00,18.079995883967307,93.5278987622458,0.40823605061887736,0.0,808.992983288136,63.719215816248216,28.1,85,0.36,0.0,968.5,23,-0.25881904510252157,0.9659258262890681,221,-0.6152845999633277,-0.7883050558305253,246.0
node_2_3,2026-08-10 00:00:00,17.49458829113574,93.4403443192352,0.4117639493811231,0.0,808.6664597448147,63.719215816248216,27.7,87,0.36,0.0,968.2,0,0.0,1.0,222,-0.6287628145958345,-0.7775971469736268,246.0
node_2_3,2026-08-10 01:00:00,17.17390171068172,93.08755444301062,0.41267639493811253,0.0,808.1664597448147,63.719215816248216,27.4,88,0.36,0.0,967.9,1,0.25881904510252074,0.9659258262890683,222,-0.6287628145958345,-0.7775971469736268,246.0
node_2_3,2026-08-10 02:00:00,17.117936142605238,92.32360506188772,0.413559655680765,0.0,808.1075756953046,63.719215816248216,27.2,89,0.36,0.0,967.8,2,0.49999999999999994,0.8660254037844387,222,-0.6287628145958345,-0.7775971469736268,246.0
node_2_3,2026-08-10 03:00:00,16.91793614260524,92.94163037132628,0.4151193113615299,0.0,807.6399362014932,63.719215816248216,27.1,89,0.36,0.0,967.6,3,0.7071067811865475,0.7071067811865476,222,-0.6287628145958345,-0.7775971469736268,246.0
node_2_3,2026-08-10 04:00:00,16.712099179737866,94.64721012377542,0.4147665214853053,0.0,807.6664597448147,63.719215816248216,26.6,91,0.361,0.0,967.7,4,0.8660254037844386,0.5000000000000001,222,-0.6287628145958345,-0.7775971469736268,246.0
node_2_3,2026-08-10 05:00:00,17.05029664879401,96.64721012377542,0.41644806063178186,0.0,807.7017387324372,63.719215816248216,25.4,98,0.361,0.0,967.7,5,0.9659258262890683,0.25881904510252074,222,-0.6287628145958345,-0.7775971469736268,246.0
node_2_3,2026-08-10 06:00:00,17.05029664879401,96.97081518566314,0.41850643026045564,16.734764566786033,808.0606227819472,63.719215816248216,25.4,98,0.404,9.0,968.1,6,1.0,6.123233995736766e-17,222,-0.6287628145958345,-0.7775971469736268,246.0
node_2_3,2026-08-10 07:00:00,17.906005006452276,93.6763949381123,0.42012445556989414,99.64463801959323,809.0868891148505,63.719215816248216,25.3,98,0.435,69.0,968.7,7,0.9659258262890683,-0.25881904510252063,222,-0.6287628145958345,-0.7775971469736268,246.0
node_2_3,2026-08-10 08:00:00,18.370726018829814,93.38197469056146,0.4214480606317819,195.97081518566307,809.4338420282077,63.719215816248216,25.5,96,0.437,138.0,969.2,8,0.8660254037844387,-0.4999999999999998,222,-0.6287628145958345,-0.7775971469736268,246.0
node_2_3,2026-08-10 09:00:00,18.7736445002635,91.64721012377544,0.422418875817445,302.94163037132597,809.9396789910751,63.719215816248216,25.7,96,0.434,197.0,969.1,9,0.7071067811865476,-0.7071067811865475,222,-0.6287628145958345,-0.7775971469736268,246.0
node_2_3,2026-08-10 10:00:00,18.91767893218702,90.55965568076482,0.4373047086642797,392.78541788291295,810.0455159539424,63.719215816248216,27.0,92,0.425,339.0,969.3,10,0.49999999999999994,-0.8660254037844387,222,-0.6287628145958345,-0.7775971469736268,246.0
node_2_3,2026-08-10 11:00:00,18.57338728984529,93.61802530943855,0.4404532048401461,388.28759560333725,810.2484344353761,63.719215816248216,27.6,89,0.416,463.0,969.2,11,0.258819045102521,-0.9659258262890682,222,-0.6287628145958345,-0.7775971469736268,246.0
node_2_3,2026-08-10 12:00:00,18.75587640124317,91.3236050618877,0.4392755238499428,358.8927603918656,809.8131554477536,63.719215816248216,27.5,87,0.413,219.0,968.9,12,1.2246467991473532e-16,-1.0,222,-0.6287628145958345,-0.7775971469736268,246.0
node_2_3,2026-08-10 13:00:00,19.63544703120736,87.70557975244915,0.4405381871789745,510.6420659154114,809.5837134229987,63.719215816248216,28.3,79,0.409,326.0,968.6,13,-0.2588190451025208,-0.9659258262890683,222,-0.6287628145958345,-0.7775971469736268,246.0
node_2_3,2026-08-10 14:00:00,19.65905209309507,87.11673925734746,0.43941887581744493,379.7716656936697,808.7219108920548,63.719215816248216,28.8,76,0.407,393.0,967.7,14,-0.4999999999999997,-0.8660254037844388,222,-0.6287628145958345,-0.7775971469736268,246.0
node_2_3,2026-08-10 15:00:00,19.912099179737865,84.08755444301059,0.4434163037132628,364.47467334193664,808.5248293734885,63.719215816248216,28.9,76,0.404,356.0,967.1,15,-0.7071067811865471,-0.7071067811865479,222,-0.6287628145958345,-0.7775971469736268,246.0
node_2_3,2026-08-10 16:00:00,19.647378167360323,85.46952913357205,0.4416815391464768,244.36050618877118,807.998305830167,63.719215816248216,29.1,75,0.401,329.0,966.7,16,-0.8660254037844384,-0.5000000000000004,222,-0.6287628145958345,-0.7775971469736268,246.0
node_2_3,2026-08-10 17:00:00,19.055876401243168,92.64721012377542,0.44130213656009737,156.16224836511051,808.4423402620906,63.719215816248216,27.8,86,0.435,207.0,966.8,17,-0.9659258262890683,-0.25881904510252063,222,-0.6287628145958345,-0.7775971469736268,246.0
node_2_3,2026-08-10 18:00:00,18.332528549773674,95.38197469056146,0.4370660859412203,64.55708357658264,808.0219108920547,63.719215816248216,27.0,90,0.428,100.0,966.7,18,-1.0,-1.8369701987210297e-16,222,-0.6287628145958345,-0.7775971469736268,246.0
node_2_3,2026-08-10 19:00:00,17.9001680435849,98.38197469056146,0.4393021365600975,5.705579752449152,808.2778764601312,63.719215816248216,26.0,94,0.424,9.0,967.1,19,-0.9659258262890684,0.2588190451025203,222,-0.6287628145958345,-0.7775971469736268,246.0
node_2_3,2026-08-10 20:00:00,17.764889055962442,98.05836962867374,0.43827295174576064,0.0,808.8044000034527,63.719215816248216,25.9,94,0.421,0.0,967.9,20,-0.8660254037844386,0.5000000000000001,222,-0.6287628145958345,-0.7775971469736268,246.0
node_2_3,2026-08-10 21:00:00,17.488494117850152,97.73476456678603,0.43803690112688354,0.0,808.8868891148505,63.719215816248216,25.8,94,0.419,0.0,968.3,21,-0.7071067811865477,0.7071067811865474,222,-0.6287628145958345,-0.7775971469736268,246.0
node_2_3,2026-08-10 22:00:00,17.144459685926634,97.41115950489832,0.43580085050800643,0.0,808.6752151891158,63.719215816248216,25.6,95,0.417,0.0,968.4,22,-0.5000000000000004,0.8660254037844384,222,-0.6287628145958345,-0.7775971469736268,246.0
node_2_3,2026-08-10 23:00:00,17.853215130227696,93.82231900979662,0.4371828251985679,0.0,808.3280050653402,63.719215816248216,26.4,93,0.417,0.0,967.5,23,-0.25881904510252157,0.9659258262890681,222,-0.6287628145958345,-0.7775971469736268,246.0
node_2_3,2026-08-11 00:00:00,17.353215130227696,95.14592407168435,0.4366523543321399,0.0,807.9868891148506,63.719215816248216,25.9,94,0.416,0.0,967.5,0,0.0,1.0,223,-0.6420547132365636,-0.7666588193001592,246.0
node_2_3,2026-08-11 01:00:00,17.18849411785015,96.4403443192352,0.43679827840382424,0.0,807.851610127228,63.719215816248216,25.9,94,0.414,0.0,967.4,1,0.25881904510252074,0.9659258262890683,223,-0.6420547132365636,-0.7666588193001592,246.0
node_2_3,2026-08-11 02:00:00,16.923773105472613,96.73476456678603,0.4369150176611717,0.0,807.6781336705494,63.719215816248216,26.0,94,0.412,0.0,967.5,2,0.49999999999999994,0.8660254037844387,223,-0.6420547132365636,-0.7666588193001592,246.0
node_2_3,2026-08-11 03:00:00,16.788494117850153,96.02918481433687,0.43800257210418236,0.0,807.5810521519832,63.719215816248216,26.0,95,0.411,0.0,967.4,3,0.7071067811865475,0.7071067811865476,223,-0.6420547132365636,-0.7666588193001592,246.0
node_2_3,2026-08-11 04:00:00,16.585575636416465,96.0,0.4370609417328561,0.0,807.6134126581719,63.719215816248216,25.8,95,0.41,0.0,967.3,4,0.8660254037844386,0.5000000000000001,223,-0.6420547132365636,-0.7666588193001592,246.0
node_2_3,2026-08-11 05:00:00,16.465146266380657,97.05836962867374,0.43417768099020354,0.0,807.8195068314576,63.719215816248216,26.2,89,0.411,0.0,968.3,5,0.9659258262890683,0.25881904510252074,223,-0.6420547132365636,-0.7666588193001592,246.0
node_2_3,2026-08-11 06:00:00,16.56222778494697,96.05836962867374,0.4338540759283158,14.734764566786042,808.0195068314574,63.719215816248216,25.4,90,0.413,15.0,968.5,6,1.0,6.123233995736766e-17,223,-0.6420547132365636,-0.7666588193001592,246.0
node_2_3,2026-08-11 07:00:00,17.209180698304177,95.29442024755085,0.43414849617586665,101.19914949199374,808.7311807571923,63.719215816248216,25.0,96,0.425,84.0,968.8,7,0.9659258262890683,-0.25881904510252063,223,-0.6420547132365636,-0.7666588193001592,246.0
node_2_3,2026-08-11 08:00:00,17.964889055962445,92.55965568076482,0.43376652148530526,249.85753970083084,809.6927260777179,63.719215816248216,26.1,94,0.423,230.0,969.2,8,0.8660254037844387,-0.4999999999999998,223,-0.6420547132365636,-0.7666588193001592,246.0
node_2_3,2026-08-11 09:00:00,18.808923487885963,88.82489111397881,0.43403175691851925,420.72793992257255,810.3073184848863,63.719215816248216,27.5,89,0.421,418.0,969.7,9,0.7071067811865476,-0.7071067811865475,223,-0.6420547132365636,-0.7666588193001592,246.0
node_2_3,2026-08-11 10:00:00,19.35003943837579,86.82489111397881,0.43591501766117174,532.1262389065598,810.7455159539425,63.719215816248216,28.2,84,0.419,547.0,969.9,10,0.49999999999999994,-0.8660254037844387,223,-0.6420547132365636,-0.7666588193001592,246.0
node_2_3,2026-08-11 11:00:00,18.706005006452273,90.05836962867376,0.44141630371326285,592.7914537596106,810.6662025343965,63.719215816248216,25.7,95,0.433,512.0,970.3,11,0.258819045102521,-0.9659258262890682,223,-0.6420547132365636,-0.7666588193001592,246.0
node_2_3,2026-08-11 12:00:00,18.62377310547261,90.76394938112293,0.4408566480324981,315.88068863847,810.222168102473,63.719215816248216,25.8,96,0.435,155.0,969.9,12,1.2246467991473532e-16,-1.0,223,-0.6420547132365636,-0.7666588193001592,246.0
node_2_3,2026-08-11 13:00:00,18.83544703120736,90.67639493811231,0.43926780753739636,329.5528310365513,809.639678991075,63.719215816248216,26.5,94,0.432,291.0,969.2,13,-0.2588190451025208,-0.9659258262890683,223,-0.6420547132365636,-0.7666588193001592,246.0
node_2_3,2026-08-11 14:00:00,18.79141259928384,92.70557975244918,0.44318025309438575,263.032648586852,809.0160739291874,63.719215816248216,26.7,93,0.429,208.0,968.0,14,-0.4999999999999997,-0.8660254037844388,223,-0.6420547132365636,-0.7666588193001592,246.0
node_2_3,2026-08-11 15:00:00,19.203343735436803,91.20429370035811,0.44194420247550864,347.12702767407586,808.218992410621,63.719215816248216,27.4,88,0.425,264.0,967.1,15,-0.7071067811865471,-0.7071067811865479,223,-0.6420547132365636,-0.7666588193001592,246.0
node_2_3,2026-08-11 16:00:00,19.129867278758198,90.52789876224583,0.43967896704229464,217.39997941983637,807.6601083611108,63.719215816248216,28.7,79,0.421,407.0,966.3,16,-0.8660254037844384,-0.5000000000000004,223,-0.6420547132365636,-0.7666588193001592,246.0
node_2_3,2026-08-11 17:00:00,19.818193353023453,87.93905826714412,0.4473871188989259,159.3974073156545,808.4365032992232,63.719215816248216,28.5,82,0.43,165.0,966.7,17,-0.9659258262890683,-0.25881904510252063,223,-0.6420547132365636,-0.7666588193001592,246.0
node_2_3,2026-08-11 18:00:00,18.915274871589766,92.14592407168436,0.4454454885275997,85.53818717897445,807.9012243116008,63.719215816248216,27.6,89,0.426,104.0,966.1,18,-1.0,-1.8369701987210297e-16,223,-0.6420547132365636,-0.7666588193001592,246.0
node_2_3,2026-08-11 19:00:00,18.00042525400312,94.79313419545977,0.44279827840382424,7.58884049510168,808.0365032992231,63.719215816248216,26.4,95,0.423,9.0,966.3,19,-0.9659258262890684,0.2588190451025203,223,-0.6420547132365636,-0.7666588193001592,246.0
node_2_3,2026-08-11 20:00:00,17.638622723059264,95.79313419545977,0.4411218834657119,0.0,808.7630268425446,63.719215816248216,26.0,97,0.42,0.0,967.3,20,-0.8660254037844386,0.5000000000000001,223,-0.6420547132365636,-0.7666588193001592,246.0
node_2_3,2026-08-11 21:00:00,17.476820192115408,95.46952913357205,0.4394746733419366,0.0,809.2513529168099,63.719215816248216,25.8,96,0.418,0.0,967.9,21,-0.7071067811865477,0.7071067811865474,223,-0.6420547132365636,-0.7666588193001592,246.0
node_2_3,2026-08-11 22:00:00,16.99750677256943,95.46952913357205,0.4381510682800488,0.0,809.3956445591516,63.719215816248216,25.6,96,0.416,0.0,968.7,22,-0.5000000000000004,0.8660254037844384,223,-0.6420547132365636,-0.7666588193001592,246.0
node_2_3,2026-08-11 23:00:00,17.082914365400995,94.44034431923518,0.4371510682800488,0.0,808.9545286086618,63.719215816248216,25.6,96,0.415,0.0,968.4,23,-0.25881904510252157,0.9659258262890681,223,-0.6420547132365636,-0.7666588193001592,246.0
node_2_3,2026-08-12 00:00:00,16.906262216870488,94.73476456678603,0.4361510682800488,0.0,809.1367605096414,63.719215816248216,25.3,95,0.414,0.0,968.5,0,0.0,1.0,224,-0.655156357209085,-0.7554933140726804,246.0
node_2_3,2026-08-12 01:00:00,16.612099179737864,96.44034431923518,0.43482746321816107,0.0,809.1632840529628,63.719215816248216,25.0,94,0.412,0.0,968.4,1,0.25881904510252074,0.9659258262890683,224,-0.655156357209085,-0.7554933140726804,246.0
node_2_3,2026-08-12 02:00:00,16.44737816736032,96.44034431923518,0.43450385815627335,0.0,808.930923546774,63.719215816248216,25.0,93,0.411,0.0,968.4,2,0.49999999999999994,0.8660254037844387,224,-0.655156357209085,-0.7554933140726804,246.0
node_2_3,2026-08-12 03:00:00,16.247378167360324,96.11673925734746,0.43350385815627335,0.0,808.6985630405852,63.719215816248216,24.9,92,0.41,0.0,968.0,3,0.7071067811865475,0.7071067811865476,224,-0.655156357209085,-0.7554933140726804,246.0
node_2_3,2026-08-12 04:00:00,16.05029664879401,95.79313419545974,0.432856648032498,0.0,808.6338420282077,63.719215816248216,24.6,94,0.409,0.0,967.8,4,0.8660254037844386,0.5000000000000001,224,-0.655156357209085,-0.7554933140726804,246.0
node_2_3,2026-08-12 05:00:00,16.65905209309507,96.11673925734746,0.43182746321816107,0.0,808.8396789910752,63.719215816248216,25.1,94,0.403,0.0,968.1,5,0.9659258262890683,0.25881904510252074,224,-0.655156357209085,-0.7554933140726804,246.0
node_2_3,2026-08-12 06:00:00,16.573901710681717,96.41115950489831,0.4308274632181611,25.175108886021228,808.9192496210392,63.719215816248216,25.5,94,0.402,21.0,968.5,6,1.0,6.123233995736766e-17,224,-0.655156357209085,-0.7554933140726804,246.0
node_2_3,2026-08-12 07:00:00,17.915274871589766,93.85150382413349,0.43050385815627334,166.4643849252078,809.451610127228,63.719215816248216,27.6,88,0.401,142.0,968.7,7,0.9659258262890683,-0.25881904510252063,224,-0.655156357209085,-0.7554933140726804,246.0
node_2_3,2026-08-12 08:00:00,19.674158921099938,87.55708357658264,0.42920943790872257,353.4961418437269,810.5484344353762,63.719215816248216,29.1,80,0.4,334.0,969.1,8,0.8660254037844387,-0.4999999999999998,224,-0.655156357209085,-0.7554933140726804,246.0
node_2_3,2026-08-12 09:00:00,21.003600945855027,76.44034431923518,0.4275622277849471,572.5150382413351,811.1306663363558,63.719215816248216,30.4,75,0.397,524.0,969.1,9,0.7071067811865476,-0.7071067811865475,224,-0.655156357209085,-0.7554933140726804,246.0
node_2_3,2026-08-12 10:00:00,22.027206007742734,71.11673925734746,0.4249150176611717,713.6343496028649,811.3070612744681,63.719215816248216,31.5,71,0.395,686.0,969.1,10,0.49999999999999994,-0.8660254037844387,224,-0.655156357209085,-0.7554933140726804,246.0
node_2_3,2026-08-12 11:00:00,22.800682464421335,68.49871394790891,0.421591412599284,754.1956857194787,811.2980486197489,63.719215816248216,32.5,69,0.39,802.0,968.5,11,0.258819045102521,-0.9659258262890682,224,-0.655156357209085,-0.7554933140726804,246.0
node_2_3,2026-08-12 12:00:00,22.209695119140612,74.26266332903182,0.42194420247550857,821.5862683909195,810.5747007682794,63.719215816248216,32.8,68,0.386,829.0,968.3,12,1.2246467991473532e-16,-1.0,224,-0.655156357209085,-0.7554933140726804,246.0
node_2_3,2026-08-12 13:00:00,22.215789292426198,77.87811653428822,0.42450128605209125,708.7441613151816,809.9452587435243,63.719215816248216,33.0,66,0.384,788.0,967.6,13,-0.2588190451025208,-0.9659258262890683,224,-0.655156357209085,-0.7554933140726804,246.0
node_2_3,2026-08-12 14:00:00,22.44814979861497,76.84893171995135,0.42502918481433705,642.6746116014461,809.6834562125804,63.719215816248216,33.5,63,0.38,762.0,967.0,14,-0.4999999999999997,-0.8660254037844388,224,-0.655156357209085,-0.7554933140726804,246.0
node_2_3,2026-08-12 15:00:00,22.089265749104797,77.73219246260389,0.42535278987622477,481.1364244224716,809.4216536816366,63.719215816248216,33.2,64,0.378,632.0,966.6,15,-0.7071067811865471,-0.7071067811865479,224,-0.655156357209085,-0.7554933140726804,246.0
node_2_3,2026-08-12 16:00:00,21.912613600574293,78.32103295770558,0.4246763949381125,426.36565039713537,809.1038855826162,63.719215816248216,32.6,67,0.376,449.0,966.2,16,-0.8660254037844384,-0.5000000000000004,224,-0.655156357209085,-0.7554933140726804,246.0
node_2_3,2026-08-12 17:00:00,21.659309303513282,76.11673925734752,0.4192334785146951,287.63177749868237,809.5213964712184,63.719215816248216,31.9,73,0.371,267.0,966.3,17,-0.9659258262890683,-0.25881904510252063,224,-0.655156357209085,-0.7554933140726804,246.0
node_2_3,2026-08-12 18:00:00,20.877077402533615,82.11673925734752,0.42008755444301077,125.28413183082216,809.6834562125804,63.719215816248216,31.0,81,0.372,109.0,967.1,18,-1.0,-1.8369701987210297e-16,224,-0.655156357209085,-0.7554933140726804,246.0
node_2_3,2026-08-12 19:00:00,19.468321958232558,89.52789876224583,0.4193819746905616,10.44034431923518,809.4837134229986,63.719215816248216,29.6,82,0.372,8.0,967.9,19,-0.9659258262890684,0.2588190451025203,224,-0.655156357209085,-0.7554933140726804,246.0
node_2_3,2026-08-12 20:00:00,18.99192702012027,91.26266332903185,0.4186763949381125,0.0,809.9985630405852,63.719215816248216,28.8,84,0.373,0.0,968.8,20,-0.8660254037844386,0.5000000000000001,224,-0.655156357209085,-0.7554933140726804,246.0
node_2_3,2026-08-12 21:00:00,18.662484995365187,91.26266332903185,0.41800000000000015,0.0,810.6662025343965,63.719215816248216,28.4,83,0.373,0.0,969.5,21,-0.7071067811865477,0.7071067811865474,224,-0.655156357209085,-0.7554933140726804,246.0
node_2_3,2026-08-12 22:00:00,18.20068246442133,91.23347851469497,0.4176472101237756,0.0,810.8956445591516,63.719215816248216,28.1,86,0.374,0.0,969.8,22,-0.5000000000000004,0.8660254037844384,224,-0.655156357209085,-0.7554933140726804,246.0
node_2_3,2026-08-12 23:00:00,18.177334612951835,89.29184814336871,0.4112360506188773,0.0,810.3752151891158,63.719215816248216,28.7,82,0.37,0.0,969.7,23,-0.25881904510252157,0.9659258262890681,224,-0.655156357209085,-0.7554933140726804,246.0
node_2_3,2026-08-13 00:00:00,17.68317157581921,90.61545320525643,0.41158884049510186,0.0,810.3370177200596,63.719215816248216,27.9,87,0.37,0.0,969.7,0,0.0,1.0,225,-0.6680638642135333,-0.7441039398713608,246.0
node_2_3,2026-08-13 01:00:00,17.321369044875354,92.23347851469498,0.41158884049510186,0.0,809.6664597448148,63.719215816248216,27.9,86,0.371,0.0,969.3,1,0.25881904510252074,0.9659258262890683,225,-0.6680638642135333,-0.7441039398713608,246.0
node_2_3,2026-08-13 02:00:00,16.856648032497812,94.82231900979666,0.4119416303713264,0.0,808.9577043005137,63.719215816248216,27.7,86,0.371,0.0,968.7,2,0.49999999999999994,0.8660254037844387,225,-0.6680638642135333,-0.7441039398713608,246.0
node_2_3,2026-08-13 03:00:00,16.521369044875357,96.44034431923521,0.4119416303713264,0.0,808.404914424289,63.719215816248216,27.1,89,0.372,0.0,968.5,3,0.7071067811865475,0.7071067811865476,225,-0.6680638642135333,-0.7441039398713608,246.0
node_2_3,2026-08-13 04:00:00,16.144974106763065,97.41115950489834,0.4119416303713264,0.0,807.8579615109318,63.719215816248216,27.1,89,0.372,0.0,968.5,4,0.8660254037844386,0.5000000000000001,225,-0.6680638642135333,-0.7441039398713608,246.0
node_2_3,2026-08-13 05:00:00,16.436218662462004,94.73476456678603,0.4107639493811231,0.0,807.5521245480645,63.719215816248216,27.0,90,0.37,0.0,968.1,5,0.9659258262890683,0.25881904510252074,225,-0.6680638642135333,-0.7441039398713608,246.0
node_2_3,2026-08-13 06:00:00,16.627463218160944,95.08755444301062,0.41073476456678626,18.970815185663145,807.808090116141,63.719215816248216,27.3,89,0.371,21.0,968.4,6,1.0,6.123233995736766e-17,225,-0.6680638642135333,-0.7441039398713608,246.0
node_2_3,2026-08-13 07:00:00,18.78317157581921,90.0,0.4103819746905617,143.38197469056152,809.1842278438351,63.719215816248216,29.1,85,0.37,145.0,968.7,7,0.9659258262890683,-0.25881904510252063,225,-0.6680638642135333,-0.7441039398713608,246.0
node_2_3,2026-08-13 08:00:00,20.753472340645914,80.9124455569894,0.410058369628674,337.46695702939,810.5219108920547,63.719215816248216,30.8,74,0.37,331.0,968.7,8,0.8660254037844387,-0.4999999999999998,225,-0.6680638642135333,-0.7441039398713608,246.0
node_2_3,2026-08-13 09:00:00,21.87390171068172,70.62059741362071,0.40870557975244937,563.9717068539964,810.9892931754479,63.719215816248216,31.9,67,0.368,521.0,968.4,9,0.7071067811865476,-0.7071067811865475,225,-0.6680638642135333,-0.7441039398713608,246.0
node_2_3,2026-08-13 10:00:00,22.512099179737866,67.62059741362071,0.4070291848143371,723.2875956033376,811.2598511506927,63.719215816248216,32.6,62,0.365,684.0,968.8,10,0.49999999999999994,-0.8660254037844387,225,-0.6680638642135333,-0.7441039398713608,246.0
node_2_3,2026-08-13 11:00:00,22.64154120449295,73.23605061887712,0.4072944202475511,812.4652765935409,811.7980486197489,63.719215816248216,33.2,65,0.363,798.0,968.9,11,0.258819045102521,-0.9659258262890682,225,-0.6680638642135333,-0.7441039398713608,246.0
node_2_3,2026-08-13 12:00:00,22.115532082007988,74.90987345280725,0.4063236050618879,788.064405505371,810.6924688672997,63.719215816248216,33.3,63,0.36,803.0,968.4,12,1.2246467991473532e-16,-1.0,225,-0.6680638642135333,-0.7441039398713608,246.0
node_2_3,2026-08-13 13:00:00,22.60969511914061,73.67382283393013,0.40544034431923537,792.3338934786163,810.107061274468,63.719215816248216,32.1,70,0.359,764.0,967.8,13,-0.2588190451025208,-0.9659258262890683,225,-0.6680638642135333,-0.7441039398713608,246.0
node_2_3,2026-08-13 14:00:00,22.091927020120274,78.02661271015472,0.40890987345280744,650.4497410676308,809.5540141878253,63.719215816248216,32.8,68,0.357,700.0,967.2,14,-0.4999999999999997,-0.8660254037844388,225,-0.6680638642135333,-0.7441039398713608,246.0
node_2_3,2026-08-13 15:00:00,21.35347234064591,81.82231900979664,0.4108223190097968,462.0394732310655,809.1158167187691,63.719215816248216,32.9,66,0.355,575.0,966.4,15,-0.7071067811865471,-0.7071067811865479,225,-0.6680638642135333,-0.7441039398713608,246.0
node_2_3,2026-08-13 16:00:00,21.427206007742733,81.64463801959327,0.4118515038241337,367.1004149639216,808.6834562125805,63.719215816248216,32.5,67,0.354,437.0,966.0,16,-0.8660254037844384,-0.5000000000000004,225,-0.6680638642135333,-0.7441039398713608,246.0
node_2_3,2026-08-13 17:00:00,22.050553859212222,78.85150382413352,0.40076394938112314,281.6978634399027,808.9686065949938,63.719215816248216,28.3,95,0.349,266.0,966.7,17,-0.9659258262890683,-0.25881904510252063,225,-0.6680638642135333,-0.7441039398713608,246.0
node_2_3,2026-08-13 18:00:00,20.574158921099936,88.17510888602123,0.40076394938112314,116.49614184372678,808.477619249713,63.719215816248216,28.2,95,0.35,90.0,966.4,18,-1.0,-1.8369701987210297e-16,225,-0.6680638642135333,-0.7441039398713608,246.0
node_2_3,2026-08-13 19:00:00,19.438879933477477,91.26266332903182,0.40076394938112314,8.734764566786023,808.6189924106211,63.719215816248216,28.0,95,0.351,8.0,967.0,19,-0.9659258262890684,0.2588190451025203,225,-0.6680638642135333,-0.7441039398713608,246.0
node_2_3,2026-08-13 20:00:00,18.830124489176416,90.90987345280723,0.40076394938112314,0.0,808.8985630405853,63.719215816248216,27.9,93,0.352,0.0,967.7,20,-0.8660254037844386,0.5000000000000001,225,-0.6680638642135333,-0.7441039398713608,246.0
node_2_3,2026-08-13 21:00:00,18.00969511914061,91.90987345280725,0.40076394938112314,0.0,808.5900648067023,63.719215816248216,28.0,91,0.352,0.0,968.2,21,-0.7071067811865477,0.7071067811865474,225,-0.6680638642135333,-0.7441039398713608,246.0
node_2_3,2026-08-13 22:00:00,17.53038169959463,91.90987345280725,0.40076394938112314,0.0,808.1078329057227,63.719215816248216,27.9,92,0.353,0.0,968.0,22,-0.5000000000000004,0.8660254037844384,225,-0.6680638642135333,-0.7441039398713608,246.0
node_2_3,2026-08-13 23:00:00,17.586347267671112,91.55708357658266,0.39488326074265273,0.0,807.3637984737993,63.719215816248216,28.0,93,0.344,0.0,967.3,23,-0.25881904510252157,0.9659258262890681,225,-0.6680638642135333,-0.7441039398713608,246.0
node_2_3,2026-08-14 00:00:00,16.945231317181282,92.5278987622458,0.39523605061887734,0.0,806.7433691037634,63.719215816248216,28.0,90,0.345,0.0,967.3,0,0.0,1.0,226,-0.680773409477016,-0.732494071613579,246.0
node_2_3,2026-08-14 01:00:00,16.47759182337005,93.5278987622458,0.39594163037132646,0.0,806.39933467184,63.719215816248216,27.5,91,0.345,0.0,967.4,1,0.25881904510252074,0.9659258262890683,226,-0.680773409477016,-0.732494071613579,246.0
node_2_3,2026-08-14 02:00:00,16.14523131718128,94.11673925734748,0.39661802530943874,0.0,806.2934977089726,63.719215816248216,27.2,93,0.346,0.0,967.3,2,0.49999999999999994,0.8660254037844387,226,-0.680773409477016,-0.732494071613579,246.0
node_2_3,2026-08-14 03:00:00,15.668836379068992,95.7639493811229,0.3969416303713265,0.0,805.6112658079928,63.719215816248216,26.9,95,0.347,0.0,967.0,3,0.7071067811865475,0.7071067811865476,226,-0.680773409477016,-0.732494071613579,246.0
node_2_3,2026-08-14 04:00:00,15.42772042857916,95.44034431923518,0.3979416303713265,0.0,805.3584759317682,63.719215816248216,26.9,93,0.348,0.0,966.9,4,0.8660254037844386,0.5000000000000001,226,-0.680773409477016,-0.732494071613579,246.0
node_2_3,2026-08-14 05:00:00,16.07175486050268,97.38197469056145,0.39708755444301086,0.0,805.7465447956154,63.719215816248216,26.0,97,0.36,0.0,967.0,5,0.9659258262890683,0.25881904510252074,226,-0.680773409477016,-0.732494071613579,246.0
node_2_3,2026-08-14 06:00:00,15.939394354313908,96.73476456678603,0.39773476456678625,14.321032957705551,806.0730683389368,63.719215816248216,26.0,97,0.362,13.0,967.6,6,1.0,6.123233995736766e-17,226,-0.680773409477016,-0.732494071613579,246.0
node_2_3,2026-08-14 07:00:00,16.76248499536519,96.41115950489832,0.4074429164234175,92.81203059306799,807.6815665728195,63.719215816248216,26.7,96,0.363,65.0,967.9,7,0.9659258262890683,-0.25881904510252063,226,-0.680773409477016,-0.732494071613579,246.0
node_2_3,2026-08-14 08:00:00,18.247378167360324,94.6763949381123,0.4150901265471929,169.57855207837306,809.4839706334169,63.719215816248216,27.0,93,0.364,188.0,968.8,8,0.8660254037844387,-0.4999999999999998,226,-0.680773409477016,-0.732494071613579,246.0
node_2_3,2026-08-14 09:00:00,18.509180698304178,88.91244555698941,0.41920686580454036,269.625741621985,810.2898075962842,63.719215816248216,28.1,89,0.364,405.0,969.5,9,0.7071067811865476,-0.7071067811865475,226,-0.680773409477016,-0.732494071613579,246.0
node_2_3,2026-08-14 10:00:00,19.265146266380658,88.00000000000001,0.420294420247551,359.8540759283155,810.601481522019,63.719215816248216,27.3,90,0.366,252.0,969.9,10,0.49999999999999994,-0.8660254037844387,226,-0.680773409477016,-0.732494071613579,246.0
node_2_3,2026-08-14 11:00:00,20.224030315890825,85.1751088860212,0.4218832607426527,460.5381871789743,811.030923546774,63.719215816248216,28.5,81,0.384,269.0,970.5,11,0.258819045102521,-0.9659258262890682,226,-0.680773409477016,-0.732494071613579,246.0
node_2_3,2026-08-14 12:00:00,20.082914365400995,84.46952913357205,0.42126523543321415,391.64721012377515,810.9221681024729,63.719215816248216,28.9,79,0.384,514.0,970.6,12,1.2246467991473532e-16,-1.0,226,-0.680773409477016,-0.732494071613579,246.0
node_2_3,2026-08-14 13:00:00,20.326948797324512,84.7639493811229,0.4236180253094387,544.3880105672588,810.6956445591516,63.719215816248216,29.1,77,0.382,445.0,969.9,13,-0.2588190451025208,-0.9659258262890683,226,-0.680773409477016,-0.732494071613579,246.0
node_2_3,2026-08-14 14:00:00,18.397249562151217,90.05836962867373,0.4401802530943856,422.4326280066886,810.5192496210393,63.719215816248216,28.9,78,0.38,350.0,969.5,14,-0.4999999999999997,-0.8660254037844388,226,-0.680773409477016,-0.732494071613579,246.0
node_2_3,2026-08-14 15:00:00,18.408923487885964,89.97081518566313,0.44085664803249786,264.10991461313426,809.9691210158303,63.719215816248216,28.9,78,0.378,389.0,969.1,15,-0.7071067811865471,-0.7071067811865479,226,-0.680773409477016,-0.732494071613579,246.0
node_2_3,2026-08-14 16:00:00,18.6266915869063,91.35278987622456,0.4389442024755085,209.95538256057017,809.2807949415649,63.719215816248216,28.8,78,0.376,271.0,968.3,16,-0.8660254037844384,-0.5000000000000004,226,-0.680773409477016,-0.732494071613579,246.0
node_2_3,2026-08-14 17:00:00,18.99433108071753,90.97081518566314,0.4276815391464768,125.766521485305,809.4012243116008,63.719215816248216,27.4,85,0.418,149.0,968.1,17,-0.9659258262890683,-0.25881904510252063,226,-0.680773409477016,-0.732494071613579,246.0
node_2_3,2026-08-14 18:00:00,18.25905209309507,90.55965568076482,0.43997853149820976,60.55708357658264,809.0778764601312,63.719215816248216,27.0,89,0.412,65.0,967.7,18,-1.0,-1.8369701987210297e-16,226,-0.680773409477016,-0.732494071613579,246.0
node_2_3,2026-08-14 19:00:00,17.71501766117155,93.64721012377544,0.4370660859412203,4.705579752449158,808.6603655715292,63.719215816248216,26.2,94,0.408,7.0,968.0,19,-0.9659258262890684,0.2588190451025203,226,-0.680773409477016,-0.732494071613579,246.0
node_2_3,2026-08-14 20:00:00,17.209180698304177,95.64721012377541,0.434153640384231,0.0,808.8399362014933,63.719215816248216,26.1,94,0.405,0.0,968.7,20,-0.8660254037844386,0.5000000000000001,226,-0.680773409477016,-0.732494071613579,246.0
node_2_3,2026-08-14 21:00:00,17.14154120449295,96.58884049510168,0.43153561507479243,0.0,809.234099238626,63.719215816248216,25.9,95,0.402,0.0,969.3,21,-0.7071067811865477,0.7071067811865474,226,-0.680773409477016,-0.732494071613579,246.0
node_2_3,2026-08-14 22:00:00,17.144459685926634,96.2360506188771,0.4299175897653539,0.0,809.5340992386259,63.719215816248216,25.7,96,0.399,0.0,969.7,22,-0.5000000000000004,0.8660254037844384,226,-0.680773409477016,-0.732494071613579,246.0
node_2_3,2026-08-14 23:00:00,17.465146266380657,96.26523543321399,0.4262120100129047,0.0,809.2664597448147,63.719215816248216,26.3,95,0.397,0.0,969.3,23,-0.25881904510252157,0.9659258262890681,226,-0.680773409477016,-0.732494071613579,246.0
node_2_3,2026-08-15 00:00:00,16.859309303513285,95.94163037132627,0.4255939847034661,0.0,808.65478581908,63.719215816248216,25.9,96,0.396,0.0,969.0,0,0.0,1.0,227,-0.6932812268869771,-0.7206671495538615,246.0
node_2_3,2026-08-15 01:00:00,16.465146266380657,95.53047086642795,0.42500514420836444,0.0,808.2460303747789,63.719215816248216,25.6,97,0.395,0.0,968.8,1,0.25881904510252074,0.9659258262890683,227,-0.6932812268869771,-0.7206671495538615,246.0
node_2_3,2026-08-15 02:00:00,16.117936142605238,96.17768099020336,0.4293287492702522,0.0,808.2195068314575,63.719215816248216,25.6,95,0.394,0.0,968.6,2,0.49999999999999994,0.8660254037844387,227,-0.6932812268869771,-0.7206671495538615,246.0
node_2_3,2026-08-15 03:00:00,15.65905209309507,95.53047086642795,0.4391536403842309,0.0,808.2107513871565,63.719215816248216,25.2,96,0.393,0.0,968.5,3,0.7071067811865475,0.7071067811865476,227,-0.6932812268869771,-0.7206671495538615,246.0
node_2_3,2026-08-15 04:00:00,15.653215130227697,95.20686580454023,0.43850643026045544,0.0,808.275472399534,63.719215816248216,25.0,96,0.392,0.0,968.9,4,0.8660254037844386,0.5000000000000001,227,-0.6932812268869771,-0.7206671495538615,246.0
node_2_3,2026-08-15 05:00:00,15.183171575819213,98.05836962867374,0.4355064302604555,0.0,807.290579227539,63.719215816248216,25.7,93,0.392,0.0,968.6,5,0.9659258262890683,0.25881904510252074,227,-0.6932812268869771,-0.7206671495538615,246.0
node_2_3,2026-08-15 06:00:00,14.786347267671118,97.41115950489834,0.43418282519856777,19.909873452807254,807.0555574503346,63.719215816248216,26.1,92,0.391,17.0,969.1,6,1.0,6.123233995736766e-17,227,-0.6932812268869771,-0.7206671495538615,246.0
node_2_3,2026-08-15 07:00:00,16.233042970610107,95.41115950489831,0.4338592201366801,122.36911416965083,808.837532140896,63.719215816248216,27.2,87,0.39,133.0,969.9,7,0.9659258262890683,-0.25881904510252063,227,-0.6932812268869771,-0.7206671495538615,246.0
node_2_3,2026-08-15 08:00:00,17.306262216870493,96.44034431923518,0.4338300353223432,225.37515004634832,810.15478581908,63.719215816248216,27.8,84,0.388,277.0,970.5,8,0.8660254037844387,-0.4999999999999998,227,-0.6932812268869771,-0.7206671495538615,246.0
node_2_3,2026-08-15 09:00:00,18.62961006833999,86.09012654719277,0.43315364038423093,381.24040605972596,810.9868891148506,63.719215816248216,27.7,85,0.387,238.0,970.4,9,0.7071067811865476,-0.7071067811865475,227,-0.6932812268869771,-0.7206671495538615,246.0
node_2_3,2026-08-15 10:00:00,19.700168043584906,81.7081518566313,0.4308300353223432,559.3228162943725,811.4014815220189,63.719215816248216,28.7,81,0.385,475.0,970.3,10,0.49999999999999994,-0.8660254037844387,227,-0.6932812268869771,-0.7206671495538615,246.0
node_2_3,2026-08-15 11:00:00,20.27072601882982,79.85407592831565,0.428888404951017,702.1124867173168,811.5160739291874,63.719215816248216,29.3,80,0.384,703.0,970.4,11,0.258819045102521,-0.9659258262890682,227,-0.6932812268869771,-0.7206671495538615,246.0
node_2_3,2026-08-15 12:00:00,20.06780753739613,82.76652148530506,0.4288300353223432,551.709935193298,810.8455159539425,63.719215816248216,28.4,84,0.383,372.0,969.4,12,1.2246467991473532e-16,-1.0,227,-0.6932812268869771,-0.7206671495538615,246.0
node_2_3,2026-08-15 13:00:00,20.747378167360324,80.50128605209107,0.427153640384231,667.3356768152831,810.3189924106211,63.719215816248216,29.4,78,0.381,478.0,968.8,13,-0.2588190451025208,-0.9659258262890683,227,-0.6932812268869771,-0.7206671495538615,246.0
node_2_3,2026-08-15 14:00:00,20.929867278758202,80.0,0.42418282519856787,631.4094790690498,809.4601083611109,63.719215816248216,29.3,79,0.379,369.0,967.7,14,-0.4999999999999997,-0.8660254037844388,227,-0.6932812268869771,-0.7206671495538615,246.0
node_2_3,2026-08-15 15:00:00,20.929867278758202,79.38197469056145,0.422888404951017,513.6824308148099,808.6365032992231,63.719215816248216,30.3,75,0.376,578.0,966.6,15,-0.7071067811865471,-0.7071067811865479,227,-0.6932812268869771,-0.7206671495538615,246.0
node_2_3,2026-08-15 16:00:00,20.753472340645914,81.49871394790893,0.42124119482724154,404.2068658045403,807.9423402620905,63.719215816248216,30.0,76,0.374,400.0,965.7,16,-0.8660254037844384,-0.5000000000000004,227,-0.6932812268869771,-0.7206671495538615,246.0
node_2_3,2026-08-15 17:00:00,20.909180698304176,78.88326074265257,0.4308884049510171,278.93648616296196,807.9598511506927,63.719215816248216,30.3,75,0.373,272.0,965.5,17,-0.9659258262890683,-0.25881904510252063,227,-0.6932812268869771,-0.7206671495538615,246.0
node_2_3,2026-08-15 18:00:00,19.600425254003113,85.88326074265255,0.42697595939402766,113.1673925734747,807.6953873487334,63.719215816248216,29.2,83,0.372,90.0,965.9,18,-1.0,-1.8369701987210297e-16,227,-0.6932812268869771,-0.7206671495538615,246.0
node_2_3,2026-08-15 19:00:00,18.485832846834683,92.38197469056146,0.4256815391464768,7.734764566786023,807.6956445591516,63.719215816248216,27.8,91,0.372,6.0,966.7,19,-0.9659258262890684,0.2588190451025203,227,-0.6932812268869771,-0.7206671495538615,246.0
node_2_3,2026-08-15 20:00:00,17.985832846834683,94.41115950489832,0.424387118898926,0.0,808.1839706334167,63.719215816248216,27.3,94,0.372,0.0,967.4,20,-0.8660254037844386,0.5000000000000001,227,-0.6932812268869771,-0.7206671495538615,246.0
node_2_3,2026-08-15 21:00:00,17.659309303513282,95.32360506188772,0.42412188346571206,0.0,808.6075756953046,63.719215816248216,26.9,95,0.372,0.0,968.0,21,-0.7071067811865477,0.7071067811865474,227,-0.6932812268869771,-0.7206671495538615,246.0
node_2_3,2026-08-15 22:00:00,17.435704241625572,96.29442024755085,0.42664978222795774,0.0,808.5104941767382,63.719215816248216,25.8,95,0.374,0.0,968.5,22,-0.5000000000000004,0.8660254037844384,227,-0.6932812268869771,-0.7206671495538615,246.0
node_2_3,2026-08-15 23:00:00,17.8298672787582,93.05836962867376,0.4245888404951019,0.0,808.1163311396056,63.719215816248216,25.7,97,0.403,0.0,967.7,23,-0.25881904510252157,0.9659258262890681,227,-0.6932812268869771,-0.7206671495538615,246.0
node_2_3,2026-08-16 00:00:00,16.926948797324513,94.02918481433687,0.423824891113979,0.0,807.4664597448148,63.719215816248216,24.6,99,0.401,0.0,967.3,0,0.0,1.0,228,-0.7055836101071774,-0.70862667826446,246.0
node_2_3,2026-08-16 01:00:00,16.485832846834683,94.6763949381123,0.42279570629964214,0.0,806.7165883500238,63.719215816248216,24.3,99,0.399,0.0,966.6,1,0.25881904510252074,0.9659258262890683,228,-0.7055836101071774,-0.70862667826446,246.0
node_2_3,2026-08-16 02:00:00,15.797763982987645,95.70557975244918,0.42176652148530525,0.0,805.6903220171206,63.719215816248216,24.4,99,0.397,0.0,966.2,2,0.49999999999999994,0.8660254037844387,228,-0.7055836101071774,-0.70862667826446,246.0
node_2_3,2026-08-16 03:00:00,14.933300181028319,96.38197469056145,0.42073733667096835,0.0,804.5847422646715,63.719215816248216,24.5,98,0.395,0.0,965.8,3,0.7071067811865475,0.7071067811865476,228,-0.7055836101071774,-0.70862667826446,246.0
node_2_3,2026-08-16 04:00:00,14.20411536669145,97.70557975244917,0.4200609417328561,0.0,804.0820809936561,63.719215816248216,24.7,97,0.394,0.0,966.1,4,0.8660254037844386,0.5000000000000001,228,-0.7055836101071774,-0.70862667826446,246.0
node_2_3,2026-08-16 05:00:00,15.389522959523017,95.7639493811229,0.40923862272305944,0.0,804.261394413202,63.719215816248216,24.8,98,0.408,0.0,965.9,5,0.9659258262890683,0.25881904510252074,228,-0.7055836101071774,-0.70862667826446,246.0
node_2_3,2026-08-16 06:00:00,14.960080934767934,96.76394938112291,0.413121883465712,19.557083576582663,804.5733255493549,63.719215816248216,25.1,96,0.406,18.0,966.5,6,1.0,6.123233995736766e-17,228,-0.7055836101071774,-0.70862667826446,246.0
node_2_3,2026-08-16 07:00:00,16.686090057252898,96.41115950489834,0.41538711889892604,123.92619774623324,806.4844850542534,63.719215816248216,26.3,94,0.404,131.0,967.0,7,0.9659258262890683,-0.25881904510252063,228,-0.7055836101071774,-0.70862667826446,246.0
node_2_3,2026-08-16 08:00:00,18.50626221687049,94.02918481433687,0.41794677457969076,315.0592612970069,808.4603655715291,63.719215816248216,27.4,86,0.403,302.0,967.5,8,0.8660254037844387,-0.4999999999999998,228,-0.7055836101071774,-0.70862667826446,246.0
node_2_3,2026-08-16 09:00:00,19.812099179737864,82.6497822279576,0.4166231695178031,541.3485373361934,808.9866319044323,63.719215816248216,28.7,79,0.4,435.0,967.7,9,0.7071067811865476,-0.7071067811865475,228,-0.7055836101071774,-0.70862667826446,246.0
node_2_3,2026-08-16 10:00:00,20.768064747814343,80.17768099020338,0.41529956445591537,641.4790287827844,808.9953873487334,63.719215816248216,29.8,74,0.399,619.0,967.3,10,0.49999999999999994,-0.8660254037844387,228,-0.7055836101071774,-0.70862667826446,246.0
node_2_3,2026-08-16 11:00:00,20.717936142605232,82.88326074265255,0.4243287492702523,686.8747556625896,809.277619249713,63.719215816248216,28.2,80,0.403,656.0,967.3,11,0.258819045102521,-0.9659258262890682,228,-0.7055836101071774,-0.70862667826446,246.0
node_2_3,2026-08-16 12:00:00,20.547378167360314,81.23605061887714,0.4207107239608137,648.0386844635489,808.8335848177895,63.719215816248216,27.9,88,0.411,334.0,967.3,12,1.2246467991473532e-16,-1.0,228,-0.7055836101071774,-0.70862667826446,246.0
node_2_3,2026-08-16 13:00:00,20.700425254003108,81.91244555698944,0.4226231695178031,687.1811447627183,808.5688638054119,63.719215816248216,30.3,80,0.409,719.0,966.9,13,-0.2588190451025208,-0.9659258262890683,228,-0.7055836101071774,-0.70862667826446,246.0
node_2_3,2026-08-16 14:00:00,20.43278576019188,83.32360506188776,0.41723862272305945,562.1708563459895,807.7630268425446,63.719215816248216,30.0,83,0.41,562.0,966.1,14,-0.4999999999999997,-0.8660254037844388,228,-0.7055836101071774,-0.70862667826446,246.0
node_2_3,2026-08-16 15:00:00,20.635704241625568,83.64721012377547,0.4202386227230595,484.42748379832403,807.4070612744681,63.719215816248216,27.6,95,0.422,327.0,965.6,15,-0.7071067811865471,-0.7071067811865479,228,-0.7055836101071774,-0.70862667826446,246.0
node_2_3,2026-08-16 16:00:00,20.3298672787582,84.38197469056149,0.4192969923517332,385.3794025863791,807.1394217806569,63.719215816248216,27.8,92,0.417,345.0,965.6,16,-0.8660254037844384,-0.5000000000000004,228,-0.7055836101071774,-0.70862667826446,246.0
node_2_3,2026-08-16 17:00:00,19.938622723059254,86.08755444301065,0.42003175691851924,245.14077986331995,807.5805377311466,63.719215816248216,28.8,90,0.402,223.0,965.6,17,-0.9659258262890683,-0.25881904510252063,228,-0.7055836101071774,-0.70862667826446,246.0
node_2_3,2026-08-16 18:00:00,19.03570424162557,90.76394938112291,0.4206789670422946,91.23347851469492,807.3571898796772,63.719215816248216,27.0,94,0.408,88.0,966.1,18,-1.0,-1.8369701987210297e-16,228,-0.7055836101071774,-0.70862667826446,246.0
node_2_3,2026-08-16 19:00:00,18.300425254003116,92.88068863847039,0.4196497822279578,6.352789876224573,807.5073184848864,63.719215816248216,25.9,97,0.414,4.0,966.5,19,-0.9659258262890684,0.2588190451025203,228,-0.7055836101071774,-0.70862667826446,246.0
node_2_3,2026-08-16 20:00:00,17.862227784946967,93.17510888602122,0.4186205974136209,0.0,808.0516101272281,63.719215816248216,24.9,98,0.412,0.0,967.8,20,-0.8660254037844386,0.5000000000000001,228,-0.7055836101071774,-0.70862667826446,246.0
node_2_3,2026-08-16 21:00:00,17.247635377778536,94.79313419545977,0.4224746733419366,0.0,808.0547858190799,63.719215816248216,24.8,97,0.409,0.0,968.4,21,-0.7071067811865477,0.7071067811865474,228,-0.7055836101071774,-0.70862667826446,246.0
node_2_3,2026-08-16 22:00:00,16.50068246442133,96.08755444301062,0.4253579340845891,0.0,807.6285194861767,63.719215816248216,24.8,96,0.408,0.0,968.5,22,-0.5000000000000004,0.8660254037844384,228,-0.7055836101071774,-0.70862667826446,246.0
node_2_3,2026-08-16 23:00:00,16.368579168650776,92.23347851469498,0.4261536403842311,0.0,806.5051716347073,63.719215816248216,25.5,97,0.394,0.0,967.7,23,-0.25881904510252157,0.9659258262890681,228,-0.7055836101071774,-0.70862667826446,246.0
node_2_3,2026-08-17 00:00:00,15.16299941620162,94.82231900979666,0.42453561507479254,0.0,805.2791625122223,63.719215816248216,25.4,97,0.394,0.0,967.5,0,0.0,1.0,229,-0.7176769136759615,-0.6963762255968726,246.0
node_2_3,2026-08-17 01:00:00,15.239394354313909,95.73476456678603,0.4238884049510171,0.0,805.1613944132021,63.719215816248216,25.3,96,0.394,0.0,967.2,1,0.25881904510252074,0.9659258262890683,229,-0.7176769136759615,-0.6963762255968726,246.0
node_2_3,2026-08-17 02:00:00,14.96299941620162,96.05836962867374,0.4232120100129048,0.0,804.5497204874673,63.719215816248216,25.2,97,0.393,0.0,966.7,2,0.49999999999999994,0.8660254037844387,229,-0.7176769136759615,-0.6963762255968726,246.0
node_2_3,2026-08-17 03:00:00,14.751325490466874,96.11673925734749,0.4222411948272417,0.0,804.1704070679211,63.719215816248216,24.9,99,0.392,0.0,966.6,3,0.7071067811865475,0.7071067811865476,229,-0.7176769136759615,-0.6963762255968726,246.0
node_2_3,2026-08-17 04:00:00,14.798278403824076,95.7639493811229,0.42127037964157854,0.0,804.1468020060336,63.719215816248216,24.7,99,0.392,0.0,966.5,4,0.8660254037844386,0.5000000000000001,229,-0.7176769136759615,-0.6963762255968726,246.0
node_2_3,2026-08-17 05:00:00,14.68660447808933,95.67639493811231,0.418121883465712,0.0,804.5587331421865,63.719215816248216,25.3,100,0.399,0.0,967.0,5,0.9659258262890683,0.25881904510252074,229,-0.7176769136759615,-0.6963762255968726,246.0
node_2_3,2026-08-17 06:00:00,14.609952329558826,96.73476456678604,0.424888404951017,16.408587400716158,805.5409650431661,63.719215816248216,25.6,99,0.405,9.0,967.6,6,1.0,6.123233995736766e-17,229,-0.7176769136759615,-0.6963762255968726,246.0
node_2_3,2026-08-17 07:00:00,15.644716896344853,96.70557975244917,0.43003690112688353,113.62920539450027,807.1786480913859,63.719215816248216,25.5,98,0.406,87.0,967.6,7,0.9659258262890683,-0.25881904510252063,229,-0.7176769136759615,-0.6963762255968726,246.0
node_2_3,2026-08-17 08:00:00,17.56780753739613,87.64978222795759,0.433920161869536,293.26612710154706,808.7868891148505,63.719215816248216,25.5,98,0.407,187.0,968.2,8,0.8660254037844387,-0.4999999999999998,229,-0.7176769136759615,-0.6963762255968726,246.0
node_2_3,2026-08-17 09:00:00,18.57948146313088,84.2094379087224,0.43418539730274996,446.9116567894737,809.3073184848863,63.719215816248216,25.5,95,0.406,260.0,968.5,9,0.7071067811865476,-0.7071067811865475,229,-0.7176769136759615,-0.6963762255968726,246.0
node_2_3,2026-08-17 10:00:00,19.917936142605235,79.76652148530506,0.43124376693142374,679.781165342882,809.8749579786975,63.719215816248216,28.1,84,0.404,590.0,969.0,10,0.49999999999999994,-0.8660254037844387,229,-0.7176769136759615,-0.6963762255968726,246.0
node_2_3,2026-08-17 11:00:00,20.206005006452273,80.14849617586654,0.43701028841672884,679.7416921118161,810.098305830167,63.719215816248216,30.2,76,0.401,718.0,968.6,11,0.258819045102521,-0.9659258262890682,229,-0.7176769136759615,-0.6963762255968726,246.0
node_2_3,2026-08-17 12:00:00,20.2768201921154,84.32360506188775,0.435450632735964,712.7519805285447,809.4484344353762,63.719215816248216,30.2,77,0.398,616.0,968.0,12,1.2246467991473532e-16,-1.0,229,-0.7176769136759615,-0.6963762255968726,246.0
node_2_3,2026-08-17 13:00:00,20.05664803249781,86.58626839091956,0.43780085050800643,672.5647998891288,808.5192496210393,63.719215816248216,31.2,73,0.395,772.0,967.7,13,-0.2588190451025208,-0.9659258262890683,229,-0.7176769136759615,-0.6963762255968726,246.0
node_2_3,2026-08-17 14:00:00,19.99166980970205,87.49871394790895,0.437856648032498,497.541650951489,808.5484344353763,63.719215816248216,31.2,74,0.392,666.0,966.7,14,-0.4999999999999997,-0.8660254037844388,229,-0.7176769136759615,-0.6963762255968726,246.0
node_2_3,2026-08-17 15:00:00,20.11527487158976,86.52789876224584,0.44018025309438574,433.8858328468342,808.0160739291875,63.719215816248216,28.2,94,0.422,371.0,966.5,15,-0.7071067811865471,-0.7071067811865479,229,-0.7176769136759615,-0.6963762255968726,246.0
node_2_3,2026-08-17 16:00:00,20.12111183445714,85.76394938112294,0.4375330429706103,343.03947323106536,807.6601083611109,63.719215816248216,27.8,93,0.43,251.0,965.8,16,-0.8660254037844384,-0.5000000000000004,229,-0.7176769136759615,-0.6963762255968726,246.0
node_2_3,2026-08-17 17:00:00,20.16222778494697,86.82231900979667,0.43471072396081367,247.87811653428815,808.1041427930345,63.719215816248216,27.7,90,0.418,166.0,966.5,17,-0.9659258262890683,-0.25881904510252063,229,-0.7176769136759615,-0.6963762255968726,246.0
node_2_3,2026-08-17 18:00:00,19.056390822079596,92.52789876224583,0.428856648032498,90.79056209127756,807.81023696632,63.719215816248216,25.9,98,0.43,71.0,966.8,18,-1.0,-1.8369701987210297e-16,229,-0.7176769136759615,-0.6963762255968726,246.0
node_2_3,2026-08-17 19:00:00,18.291669809702057,93.52789876224581,0.42718025309438573,6.0291848143368645,808.1956445591516,63.719215816248216,25.3,98,0.437,4.0,967.3,19,-0.9659258262890684,0.2588190451025203,229,-0.7176769136759615,-0.6963762255968726,246.0
node_2_3,2026-08-17 20:00:00,17.98583284683468,92.55708357658268,0.4265038581562734,0.0,808.6810521519831,63.719215816248216,24.8,97,0.438,0.0,968.5,20,-0.8660254037844386,0.5000000000000001,229,-0.7176769136759615,-0.6963762255968726,246.0
node_2_3,2026-08-17 21:00:00,16.435704241625576,95.08755444301062,0.4416841112506589,0.0,808.9107513871564,63.719215816248216,25.0,97,0.426,0.0,968.7,21,-0.7071067811865477,0.7071067811865474,229,-0.7176769136759615,-0.6963762255968726,246.0
node_2_3,2026-08-17 22:00:00,15.815274871589768,96.7639493811229,0.44197853149820976,0.0,808.3197640418757,63.719215816248216,24.9,97,0.423,0.0,969.0,22,-0.5000000000000004,0.8660254037844384,229,-0.7176769136759615,-0.6963762255968726,246.0
node_2_3,2026-08-17 23:00:00,16.956390822079598,95.7639493811229,0.4411562124884131,0.0,808.484227843835,63.719215816248216,25.8,98,0.413,0.0,968.6,23,-0.25881904510252157,0.9659258262890681,229,-0.7176769136759615,-0.6963762255968726,246.0
node_2_3,2026-08-18 00:00:00,16.006519427288705,96.11673925734748,0.4395381871789746,0.0,807.7815665728197,63.719215816248216,25.1,99,0.414,0.0,968.6,0,0.0,1.0,230,-0.7295575540864876,-0.6839194216246105,246.0
node_2_3,2026-08-18 01:00:00,15.597763982987644,96.76394938112291,0.4401853973027501,0.0,807.2993346718399,63.719215816248216,24.9,99,0.413,0.0,968.2,1,0.25881904510252074,0.9659258262890683,230,-0.7295575540864876,-0.6839194216246105,246.0
node_2_3,2026-08-18 02:00:00,15.2595665139315,96.76394938112291,0.43756737199331147,0.0,806.7964161904063,63.719215816248216,24.9,99,0.414,0.0,967.9,2,0.49999999999999994,0.8660254037844387,230,-0.7295575540864876,-0.6839194216246105,246.0
node_2_3,2026-08-18 03:00:00,15.156648032497813,96.44034431923521,0.435949346683873,0.0,806.5640556842175,63.719215816248216,24.8,98,0.414,0.0,967.8,3,0.7071067811865475,0.7071067811865476,230,-0.7295575540864876,-0.6839194216246105,246.0
node_2_3,2026-08-18 04:00:00,15.021369044875357,96.41115950489834,0.4343313213744344,0.0,806.3083473265591,63.719215816248216,24.3,99,0.416,0.0,968.4,4,0.8660254037844386,0.5000000000000001,230,-0.7295575540864876,-0.6839194216246105,246.0
node_2_3,2026-08-18 05:00:00,14.480510304803742,96.35278987622459,0.42953561507479243,0.0,805.6438835245998,63.719215816248216,24.7,100,0.418,0.0,967.7,5,0.9659258262890683,0.25881904510252074,230,-0.7295575540864876,-0.6839194216246105,246.0
node_2_3,2026-08-18 06:00:00,14.936218662462005,96.70557975244917,0.4321244555698942,13.673822833930117,806.7465447956153,63.719215816248216,24.4,99,0.429,10.0,968.5,6,1.0,6.123233995736766e-17,230,-0.7295575540864876,-0.6839194216246105,246.0
node_2_3,2026-08-18 07:00:00,16.100682464421332,97.05836962867374,0.4318008505080065,108.15453205256381,807.7844850542533,63.719215816248216,24.4,99,0.426,59.0,968.7,7,0.9659258262890683,-0.25881904510252063,230,-0.7295575540864876,-0.6839194216246105,246.0
node_2_3,2026-08-18 08:00:00,17.56806474781434,95.79313419545977,0.4320952707555573,237.83953497155557,809.234099238626,63.719215816248216,25.2,95,0.423,128.0,969.3,8,0.8660254037844387,-0.4999999999999998,230,-0.7295575540864876,-0.6839194216246105,246.0
node_2_3,2026-08-18 09:00:00,18.44445968592663,90.41115950489835,0.43144806063178187,370.82153024228023,810.0545286086617,63.719215816248216,26.0,92,0.42,177.0,969.7,9,0.7071067811865476,-0.7071067811865475,230,-0.7295575540864876,-0.6839194216246105,246.0
node_2_3,2026-08-18 10:00:00,19.197249562151207,85.20686580454029,0.4297716656936696,418.29620358421636,810.6662025343965,63.719215816248216,26.8,88,0.418,281.0,970.2,10,0.49999999999999994,-0.8660254037844387,230,-0.7295575540864876,-0.6839194216246105,246.0
node_2_3,2026-08-18 11:00:00,19.420854624038917,84.73476456678607,0.42980085050800654,515.2807709591232,811.0985630405853,63.719215816248216,27.0,87,0.416,470.0,970.8,11,0.258819045102521,-0.9659258262890682,230,-0.7295575540864876,-0.6839194216246105,246.0
node_2_3,2026-08-18 12:00:00,19.46222778494696,84.76394938112294,0.42665235433213994,484.94509414384066,810.4927260777179,63.719215816248216,27.7,83,0.413,373.0,970.3,12,1.2246467991473532e-16,-1.0,230,-0.7295575540864876,-0.6839194216246105,246.0
node_2_3,2026-08-18 13:00:00,19.93278576019188,84.05836962867377,0.42865235433214,518.2257622021477,810.2691210158301,63.719215816248216,28.6,79,0.41,410.0,969.6,13,-0.2588190451025208,-0.9659258262890683,230,-0.7295575540864876,-0.6839194216246105,246.0
node_2_3,2026-08-18 14:00:00,19.85055385921222,84.14592407168439,0.4291510682800489,417.6574985405034,809.5662025343966,63.719215816248216,28.9,78,0.408,448.0,969.0,14,-0.4999999999999997,-0.8660254037844388,230,-0.7295575540864876,-0.6839194216246105,246.0
node_2_3,2026-08-18 15:00:00,19.6065194272887,86.96824308148102,0.43067896704229464,373.6729311655967,808.8632840529627,63.719215816248216,29.1,80,0.406,446.0,968.2,15,-0.7071067811865471,-0.7071067811865479,230,-0.7295575540864876,-0.6839194216246105,246.0
node_2_3,2026-08-18 16:00:00,18.956390822079598,89.90987345280726,0.43009012654719303,258.24376693142347,808.630923546774,63.719215816248216,28.9,78,0.405,397.0,967.9,16,-0.8660254037844384,-0.5000000000000004,230,-0.7295575540864876,-0.6839194216246105,246.0
node_2_3,2026-08-18 17:00:00,19.526948797324508,87.55708357658268,0.4326205974136209,165.0686580454024,809.1778764601313,63.719215816248216,27.5,86,0.412,228.0,968.2,17,-0.9659258262890683,-0.25881904510252063,230,-0.7295575540864876,-0.6839194216246105,246.0
node_2_3,2026-08-18 18:00:00,18.16806474781434,93.7639493811229,0.4370926986513751,47.76394938112283,809.2192496210394,63.719215816248216,26.8,92,0.412,72.0,968.9,18,-1.0,-1.8369701987210297e-16,230,-0.7295575540864876,-0.6839194216246105,246.0
node_2_3,2026-08-18 19:00:00,17.541541204492944,95.4403443192352,0.4348274632181611,2.970815185663125,809.6810521519832,63.719215816248216,25.7,93,0.411,2.0,969.4,19,-0.9659258262890684,0.2588190451025203,230,-0.7295575540864876,-0.6839194216246105,246.0
node_2_3,2026-08-18 20:00:00,17.312099179737864,95.76394938112291,0.43576909358948746,0.0,810.0428546829271,63.719215816248216,25.2,96,0.411,0.0,969.8,20,-0.8660254037844386,0.5000000000000001,230,-0.7295575540864876,-0.6839194216246105,246.0
node_2_3,2026-08-18 21:00:00,17.044459685926633,96.44034431923521,0.42926780753739635,0.0,810.363541263381,63.719215816248216,25.2,96,0.41,0.0,970.3,21,-0.7071067811865477,0.7071067811865474,230,-0.7295575540864876,-0.6839194216246105,246.0
node_2_3,2026-08-18 22:00:00,16.741541204492947,96.08755444301062,0.43147467334193657,0.0,810.2929832881362,63.719215816248216,25.0,96,0.409,0.0,970.5,22,-0.5000000000000004,0.8660254037844384,230,-0.7295575540864876,-0.6839194216246105,246.0
node_2_3,2026-08-18 23:00:00,16.797506772569427,98.05836962867374,0.4323287492702523,0.0,809.7136698685902,63.719215816248216,25.1,98,0.404,0.0,970.3,23,-0.25881904510252157,0.9659258262890681,230,-0.7295575540864876,-0.6839194216246105,246.0
node_4_6,2026-08-01 00:00:00,20.08626839091956,87.55965568076479,0.3752145821170867,0.0,844.4020096768398,63.719215816248216,17.5,96,0.5,0.0,811.6,0,0.0,1.0,213,-0.5012418134457756,-0.8653072543632061,248.0
node_4_6,2026-08-01 01:00:00,20.056826366164476,87.23605061887709,0.37553818717897436,0.0,844.2725676520848,63.719215816248216,17.6,93,0.499,0.0,811.6,1,0.25881904510252074,0.9659258262890683,213,-0.5012418134457756,-0.8653072543632061,248.0
node_4_6,2026-08-01 02:00:00,19.924465859975705,87.55965568076479,0.3752145821170867,0.0,843.9725676520848,63.719215816248216,17.6,91,0.498,0.0,811.6,2,0.49999999999999994,0.8660254037844387,213,-0.5012418134457756,-0.8653072543632061,248.0
node_4_6,2026-08-01 03:00:00,19.59502383522062,87.88326074265251,0.374890977055199,0.0,843.7136836025746,63.719215816248216,17.5,91,0.497,0.0,811.5,3,0.7071067811865475,0.7071067811865476,213,-0.5012418134457756,-0.8653072543632061,248.0
node_4_6,2026-08-01 04:00:00,19.168500291899228,87.88326074265251,0.37456737199331125,0.0,843.5253575283094,63.719215816248216,17.1,89,0.496,0.0,811.1,4,0.8660254037844386,0.5000000000000001,213,-0.5012418134457756,-0.8653072543632061,248.0
node_4_6,2026-08-01 05:00:00,19.606954971373582,89.08755444301059,0.3542463390356057,0.0,844.0667306892174,63.719215816248216,17.5,99,0.489,0.0,811.7,5,0.9659258262890683,0.25881904510252074,213,-0.5012418134457756,-0.8653072543632061,248.0
node_4_6,2026-08-01 06:00:00,19.271675983751127,89.76394938112288,0.3602145821170867,22.26523543321398,844.3754861335184,63.719215816248216,17.5,99,0.489,22.0,811.8,6,1.0,6.123233995736766e-17,213,-0.5012418134457756,-0.8653072543632061,248.0
node_4_6,2026-08-01 07:00:00,19.32472307039392,89.44034431923518,0.3652120100129045,145.97853149820958,844.7990911954062,63.719215816248216,19.2,98,0.489,157.0,813.0,7,0.9659258262890683,-0.25881904510252063,213,-0.5012418134457756,-0.8653072543632061,248.0
node_4_6,2026-08-01 08:00:00,20.001118008506207,89.32360506188769,0.36629956445591516,332.721012377542,845.1285332201613,63.719215816248216,20.9,88,0.489,324.0,813.8,8,0.8660254037844387,-0.4999999999999998,213,-0.5012418134457756,-0.8653072543632061,248.0
node_4_6,2026-08-01 09:00:00,21.130560033261293,84.70557975244915,0.3659759593940274,494.08409067049524,845.422696257294,63.719215816248216,23.0,72,0.488,560.0,814.3,9,0.7071067811865476,-0.7071067811865475,213,-0.5012418134457756,-0.8653072543632061,248.0
node_4_6,2026-08-01 10:00:00,22.233478514694976,79.0875544430106,0.3649759593940274,642.8351795307073,845.6786618253705,63.719215816248216,24.2,73,0.489,737.0,814.7,10,0.49999999999999994,-0.8660254037844387,213,-0.5012418134457756,-0.8653072543632061,248.0
node_4_6,2026-08-01 11:00:00,22.980431428052185,77.02918481433687,0.363593984703466,751.8592201366799,845.7699063810692,63.719215816248216,23.6,74,0.496,840.0,814.1,11,0.258819045102521,-0.9659258262890682,213,-0.5012418134457756,-0.8653072543632061,248.0
node_4_6,2026-08-01 12:00:00,23.09502383522062,78.2360506188771,0.3651536403842308,801.2652354332138,845.0669878996356,63.719215816248216,23.1,83,0.505,752.0,814.0,12,1.2246467991473532e-16,-1.0,213,-0.5012418134457756,-0.8653072543632061,248.0
node_4_6,2026-08-01 13:00:00,22.788929661935033,79.76652148530505,0.3679785314982096,752.3691141696504,844.1492198006152,63.719215816248216,25.0,72,0.503,796.0,813.7,13,-0.2588190451025208,-0.9659258262890683,213,-0.5012418134457756,-0.8653072543632061,248.0
node_4_6,2026-08-01 14:00:00,22.73347851469498,78.35278987622456,0.3762703796415782,617.3982989839875,843.8051853686918,63.719215816248216,20.4,95,0.52,691.0,811.7,14,-0.4999999999999997,-0.8660254037844388,213,-0.5012418134457756,-0.8653072543632061,248.0
node_4_6,2026-08-01 15:00:00,22.55974484759816,79.53047086642792,0.3768884049510167,512.8034226121883,842.8786618253704,63.719215816248216,20.3,97,0.511,458.0,811.5,15,-0.7071067811865471,-0.7071067811865479,213,-0.5012418134457756,-0.8653072543632061,248.0
node_4_6,2026-08-01 16:00:00,22.633221304276766,78.50128605209107,0.3781244555698939,394.31846085352333,842.9993484058244,63.719215816248216,20.2,97,0.52,385.0,811.5,16,-0.8660254037844384,-0.5000000000000004,213,-0.5012418134457756,-0.8653072543632061,248.0
node_4_6,2026-08-01 17:00:00,23.25390788473079,78.17768099020336,0.33110555917228557,212.0214685017904,843.1905929615233,63.719215816248216,19.3,100,0.499,235.0,811.5,17,-0.9659258262890683,-0.25881904510252063,213,-0.5012418134457756,-0.8653072543632061,248.0
node_4_6,2026-08-01 18:00:00,22.192105353786935,83.17768099020336,0.32919311361529624,98.29184814336868,843.1699063810693,63.719215816248216,19.5,98,0.499,80.0,811.5,18,-1.0,-1.8369701987210297e-16,213,-0.5012418134457756,-0.8653072543632061,248.0
node_4_6,2026-08-01 19:00:00,21.192105353786935,87.82489111397877,0.3282222984296331,14.676394938112285,843.5786618253703,63.719215816248216,18.9,100,0.5,10.0,811.8,19,-0.9659258262890684,0.2588190451025203,213,-0.5012418134457756,-0.8653072543632061,248.0
node_4_6,2026-08-01 20:00:00,20.69502383522062,88.53047086642792,0.32825148324396997,0.0,843.7197777758603,63.719215816248216,18.4,100,0.499,0.0,812.0,20,-0.8660254037844386,0.5000000000000001,213,-0.5012418134457756,-0.8653072543632061,248.0
node_4_6,2026-08-01 21:00:00,20.26558181046554,89.88326074265251,0.3282514832439699,0.0,844.2667306892174,63.719215816248216,17.9,100,0.501,0.0,812.2,21,-0.7071067811865477,0.7071067811865474,213,-0.5012418134457756,-0.8653072543632061,248.0
node_4_6,2026-08-01 22:00:00,19.836139785710454,91.2360506188771,0.3286042731201945,0.0,844.3078466397072,63.719215816248216,17.9,100,0.511,0.0,812.7,22,-0.5000000000000004,0.8660254037844384,213,-0.5012418134457756,-0.8653072543632061,248.0
node_4_6,2026-08-01 23:00:00,20.10377927952168,88.50128605209106,0.31842916423417333,0.0,843.7754861335186,63.719215816248216,17.9,99,0.516,0.0,812.3,23,-0.25881904510252157,0.9659258262890681,213,-0.5012418134457756,-0.8653072543632061,248.0
node_4_6,2026-08-02 00:00:00,19.2743372547666,91.20686580454023,0.31942916423417334,0.0,843.457718034498,63.719215816248216,17.7,99,0.513,0.0,811.8,0,0.0,1.0,214,-0.5160623910158526,-0.8565509959010037,248.0
node_4_6,2026-08-02 01:00:00,18.803779279521688,92.2360506188771,0.319752769296061,0.0,843.269391960233,63.719215816248216,17.4,99,0.51,0.0,811.4,1,0.25881904510252074,0.9659258262890683,214,-0.5160623910158526,-0.8565509959010037,248.0
node_4_6,2026-08-02 02:00:00,17.59794231665431,95.29442024755085,0.33019054151111404,0.0,842.9221818364574,63.719215816248216,17.3,98,0.508,0.0,811.1,2,0.49999999999999994,0.8660254037844387,214,-0.5160623910158526,-0.8565509959010037,248.0
node_4_6,2026-08-02 03:00:00,17.203779279521683,95.0,0.3589012654719277,0.0,842.9693919602329,63.719215816248216,17.0,98,0.506,0.0,811.0,3,0.7071067811865475,0.7071067811865476,214,-0.5160623910158526,-0.8565509959010037,248.0
node_4_6,2026-08-02 04:00:00,16.90377927952168,96.35278987622456,0.3823999794198366,0.0,843.678147404534,63.719215816248216,17.1,97,0.505,0.0,812.1,4,0.8660254037844386,0.5000000000000001,214,-0.5160623910158526,-0.8565509959010037,248.0
node_4_6,2026-08-02 05:00:00,17.66240611861364,95.35278987622456,0.3780266127101546,0.0,842.7163448735901,63.719215816248216,17.8,100,0.503,0.0,812.3,5,0.9659258262890683,0.25881904510252074,214,-0.5160623910158526,-0.8565509959010037,248.0
node_4_6,2026-08-02 06:00:00,17.68601118050135,96.0,0.3766154532052563,27.413731609080457,843.2457868983452,63.719215816248216,18.3,100,0.502,28.0,812.4,6,1.0,6.123233995736766e-17,214,-0.5160623910158526,-0.8565509959010037,248.0
node_4_6,2026-08-02 07:00:00,18.748070921863416,93.64721012377542,0.37523347851469485,136.1776809902033,844.6784046149521,63.719215816248216,19.9,97,0.5,164.0,813.4,7,0.9659258262890683,-0.25881904510252063,214,-0.5160623910158526,-0.8565509959010037,248.0
node_4_6,2026-08-02 08:00:00,20.106954971373582,90.94163037132626,0.37385150382413346,304.0051442083641,845.731451701595,63.719215816248216,21.2,90,0.499,350.0,813.9,8,0.8660254037844387,-0.4999999999999998,214,-0.5160623910158526,-0.8565509959010037,248.0
node_4_6,2026-08-02 09:00:00,21.474594465184808,84.35278987622459,0.3721167392573474,485.66264274886794,846.1492198006154,63.719215816248216,22.5,84,0.498,485.0,814.6,9,0.7071067811865476,-0.7071067811865475,214,-0.5160623910158526,-0.8565509959010037,248.0
node_4_6,2026-08-02 10:00:00,22.38334990948587,79.70557975244917,0.37008755444301056,617.8034226121879,846.2463013191815,63.719215816248216,23.4,79,0.496,508.0,814.6,10,0.49999999999999994,-0.8660254037844387,214,-0.5160623910158526,-0.8565509959010037,248.0
node_4_6,2026-08-02 11:00:00,23.636396996128667,76.05836962867374,0.3666472101237753,739.3553619804063,846.4993484058243,63.719215816248216,22.2,81,0.494,617.0,814.3,11,0.258819045102521,-0.9659258262890682,214,-0.5160623910158526,-0.8565509959010037,248.0
node_4_6,2026-08-02 12:00:00,23.95390788473079,73.9124455569894,0.3646180253094385,786.4076957323829,845.9317089120132,63.719215816248216,22.5,87,0.502,662.0,814.4,12,1.2246467991473532e-16,-1.0,214,-0.5160623910158526,-0.8565509959010037,248.0
node_4_6,2026-08-02 13:00:00,23.93905826714414,74.11931136152963,0.3632068658045402,763.236050618877,845.4081038501254,63.719215816248216,24.0,78,0.501,729.0,814.4,13,-0.2588190451025208,-0.9659258262890683,214,-0.5160623910158526,-0.8565509959010037,248.0
node_4_6,2026-08-02 14:00:00,23.73030282284308,74.50128605209107,0.36347210123775414,662.6626427488684,844.472824862503,63.719215816248216,20.2,94,0.511,667.0,813.0,14,-0.4999999999999997,-0.8660254037844388,214,-0.5160623910158526,-0.8565509959010037,248.0
node_4_6,2026-08-02 15:00:00,23.344895230011513,75.44291642341733,0.36662059741362063,510.4884255311804,844.1993484058243,63.719215816248216,20.4,98,0.514,378.0,812.7,15,-0.7071067811865471,-0.7071067811865479,214,-0.5160623910158526,-0.8565509959010037,248.0
node_4_6,2026-08-02 16:00:00,22.918371686690115,78.70815185663132,0.3714163037132625,328.18628897108306,843.7640694182019,63.719215816248216,21.3,94,0.511,377.0,812.5,16,-0.8660254037844384,-0.5000000000000004,214,-0.5160623910158526,-0.8565509959010037,248.0
node_4_6,2026-08-02 17:00:00,21.924723070393917,87.61802530943855,0.3526017010160124,218.84121540740495,844.7317089120131,63.719215816248216,19.1,96,0.511,187.0,811.8,17,-0.9659258262890683,-0.25881904510252063,214,-0.5160623910158526,-0.8565509959010037,248.0
node_4_6,2026-08-02 18:00:00,20.57193319416934,93.64721012377542,0.366360506188771,83.80342261218831,844.1051853686918,63.719215816248216,19.1,100,0.51,100.0,812.6,18,-1.0,-1.8369701987210297e-16,214,-0.5160623910158526,-0.8565509959010037,248.0
node_4_6,2026-08-02 19:00:00,19.918886107526543,96.61802530943854,0.3708592201366799,12.588840495101671,844.5579752449163,63.719215816248216,18.8,100,0.508,10.0,812.8,19,-0.9659258262890684,0.2588190451025203,214,-0.5160623910158526,-0.8565509959010037,248.0
node_4_6,2026-08-02 20:00:00,19.783607119904087,96.02918481433687,0.3744188758174447,0.0,845.3168592944265,63.719215816248216,18.6,100,0.505,0.0,812.5,20,-0.8660254037844386,0.5000000000000001,214,-0.5160623910158526,-0.8565509959010037,248.0
node_4_6,2026-08-02 21:00:00,19.689444082771463,97.35278987622456,0.37374248087933243,0.0,845.9256147387276,63.719215816248216,18.2,99,0.503,0.0,813.4,21,-0.7071067811865477,0.7071067811865474,214,-0.5160623910158526,-0.8565509959010037,248.0
node_4_6,2026-08-02 22:00:00,19.52764155182761,96.64721012377541,0.3727424808793325,0.0,845.9314517015949,63.719215816248216,18.3,99,0.501,0.0,813.3,22,-0.5000000000000004,0.8660254037844384,214,-0.5160623910158526,-0.8565509959010037,248.0
node_4_6,2026-08-02 23:00:00,19.574594465184813,96.64721012377542,0.3538935491593811,0.0,845.4049281582736,63.719215816248216,18.8,100,0.5,0.0,813.2,23,-0.25881904510252157,0.9659258262890681,214,-0.5160623910158526,-0.8565509959010037,248.0
node_4_6,2026-08-03 00:00:00,19.092362564205146,96.67639493811228,0.36309527075555703,0.0,845.3696491706511,63.719215816248216,18.2,100,0.499,0.0,812.6,0,0.0,1.0,215,-0.5307300481619331,-0.8475409228928312,248.0
node_4_6,2026-08-03 01:00:00,18.692362564205148,96.3236050618877,0.3631536403842307,0.0,844.9049281582736,63.719215816248216,18.2,100,0.499,0.0,812.3,1,0.25881904510252074,0.9659258262890683,215,-0.5307300481619331,-0.8475409228928312,248.0
node_4_6,2026-08-03 02:00:00,18.227641551827606,96.97081518566313,0.3624772454461185,0.0,844.1166020840084,63.719215816248216,18.4,100,0.498,0.0,812.3,2,0.49999999999999994,0.8660254037844387,215,-0.5307300481619331,-0.8475409228928312,248.0
node_4_6,2026-08-03 03:00:00,17.748070921863416,97.97081518566313,0.36215364038423076,0.0,843.1370314540442,63.719215816248216,18.3,100,0.499,0.0,812.0,3,0.7071067811865475,0.7071067811865476,215,-0.5307300481619331,-0.8475409228928312,248.0
node_4_6,2026-08-03 04:00:00,17.53030282284308,97.97081518566313,0.3614772454461185,0.0,842.6487053797789,63.719215816248216,18.2,100,0.498,0.0,811.6,4,0.8660254037844386,0.5000000000000001,215,-0.5307300481619331,-0.8475409228928312,248.0
node_4_6,2026-08-03 05:00:00,18.068500291899227,97.32360506188772,0.33719311361529625,0.0,842.7105079107228,63.719215816248216,18.3,100,0.497,0.0,811.7,5,0.9659258262890683,0.25881904510252074,215,-0.5307300481619331,-0.8475409228928312,248.0
node_4_6,2026-08-03 06:00:00,18.11253472382274,96.97081518566313,0.34625405534815223,25.472101237754188,843.2311944911768,63.719215816248216,18.6,100,0.497,16.0,812.6,6,1.0,6.123233995736766e-17,215,-0.5307300481619331,-0.8475409228928312,248.0
node_4_6,2026-08-03 07:00:00,18.671675983751125,94.35278987622459,0.3551347439866226,119.65749854050395,844.5723104416666,63.719215816248216,19.2,99,0.5,99.0,812.8,7,0.9659258262890683,-0.25881904510252063,215,-0.5307300481619331,-0.8475409228928312,248.0
node_4_6,2026-08-03 08:00:00,20.080688638470395,91.32360506188772,0.35757508830585777,265.17164511350575,846.0608937263501,63.719215816248216,19.9,100,0.504,289.0,814.2,8,0.8660254037844387,-0.4999999999999998,215,-0.5307300481619331,-0.8475409228928312,248.0
node_4_6,2026-08-03 09:00:00,20.933478514694976,86.32360506188775,0.35760427312019466,396.96477930896526,846.5844987882377,63.719215816248216,21.0,94,0.504,423.0,814.3,9,0.7071067811865476,-0.7071067811865475,215,-0.5307300481619331,-0.8475409228928312,248.0
node_4_6,2026-08-03 10:00:00,21.589186872353245,84.26523543321397,0.35725148324397005,581.8326074265251,846.5550567634826,63.719215816248216,22.7,83,0.503,652.0,815.0,10,0.49999999999999994,-0.8660254037844387,215,-0.5307300481619331,-0.8475409228928312,248.0
node_4_6,2026-08-03 11:00:00,23.342233958996037,77.67639493811231,0.3590180047292751,623.7167598375108,847.0404643563141,63.719215816248216,22.4,82,0.507,633.0,814.6,11,0.258819045102521,-0.9659258262890682,215,-0.5307300481619331,-0.8475409228928312,248.0
node_4_6,2026-08-03 12:00:00,23.60377927952168,76.50128605209107,0.3583124249768259,712.4223395899605,846.3110223315592,63.719215816248216,21.3,95,0.511,704.0,815.0,12,1.2246467991473532e-16,-1.0,215,-0.5307300481619331,-0.8475409228928312,248.0
node_4_6,2026-08-03 13:00:00,24.07141877333291,75.14849617586648,0.35566521485305047,753.9364861629622,846.2081038501256,63.719215816248216,22.0,91,0.512,574.0,814.4,13,-0.2588190451025208,-0.9659258262890683,215,-0.5307300481619331,-0.8475409228928312,248.0
node_4_6,2026-08-03 14:00:00,24.12738434140939,75.50128605209106,0.35266521485305047,705.9175897653538,845.4317089120132,63.719215816248216,21.9,88,0.51,497.0,813.7,14,-0.4999999999999997,-0.8660254037844388,215,-0.5307300481619331,-0.8475409228928312,248.0
node_4_6,2026-08-03 15:00:00,23.965581810465537,75.7957062996419,0.35169439966738736,595.798278403824,844.872824862503,63.719215816248216,21.8,88,0.509,418.0,813.2,15,-0.7071067811865471,-0.7071067811865479,215,-0.5307300481619331,-0.8475409228928312,248.0
node_4_6,2026-08-03 16:00:00,22.48043142805219,82.50128605209107,0.36221972632545096,431.35536198040677,844.6051853686917,63.719215816248216,21.0,90,0.508,323.0,812.7,16,-0.8660254037844384,-0.5000000000000004,215,-0.5307300481619331,-0.8475409228928312,248.0
node_4_6,2026-08-03 17:00:00,23.19502383522062,81.41373160908046,0.3340549058561585,226.33389347861615,844.422953467712,63.719215816248216,20.1,98,0.503,116.0,812.5,17,-0.9659258262890683,-0.25881904510252063,215,-0.5307300481619331,-0.8475409228928312,248.0
node_4_6,2026-08-03 18:00:00,22.192105353786935,86.20686580454023,0.33505490585615844,115.2944202475508,844.3993484058244,63.719215816248216,20.0,97,0.503,86.0,813.0,18,-1.0,-1.8369701987210297e-16,215,-0.5307300481619331,-0.8475409228928312,248.0
node_4_6,2026-08-03 19:00:00,20.895281045638836,92.29442024755083,0.34672615658590644,13.323605061887708,844.9815803068041,63.719215816248216,19.1,100,0.503,9.0,812.7,19,-0.9659258262890684,0.2588190451025203,215,-0.5307300481619331,-0.8475409228928312,248.0
node_4_6,2026-08-03 20:00:00,20.013049144659174,96.41115950489831,0.41052275455388143,0.0,845.8020096768398,63.719215816248216,18.7,100,0.501,0.0,812.9,20,-0.8660254037844386,0.5000000000000001,215,-0.5307300481619331,-0.8475409228928312,248.0
node_4_6,2026-08-03 21:00:00,19.886525601337773,95.35278987622456,0.40820172159617585,0.0,846.2696491706511,63.719215816248216,18.6,100,0.5,0.0,814.2,21,-0.7071067811865477,0.7071067811865474,215,-0.5307300481619331,-0.8475409228928312,248.0
node_4_6,2026-08-03 22:00:00,19.295281045638834,97.0,0.4096446380195933,0.0,846.5256147387275,63.719215816248216,18.8,99,0.499,0.0,814.1,22,-0.5000000000000004,0.8660254037844384,215,-0.5307300481619331,-0.8475409228928312,248.0
node_4_6,2026-08-03 23:00:00,19.780688638470398,96.64721012377542,0.4005330429706101,0.0,846.5256147387277,63.719215816248216,18.4,100,0.496,0.0,813.4,23,-0.25881904510252157,0.9659258262890681,215,-0.5307300481619331,-0.8475409228928312,248.0
node_4_6,2026-08-04 00:00:00,19.35124661371532,96.35278987622456,0.40012188346571176,0.0,845.6285332201612,63.719215816248216,18.1,95,0.498,0.0,813.1,0,0.0,1.0,216,-0.5452404385406507,-0.8382797052177745,248.0
node_4_6,2026-08-04 01:00:00,18.962920539450064,97.0,0.4019467745796906,0.0,845.4667306892173,63.719215816248216,18.5,99,0.498,0.0,812.7,1,0.25881904510252074,0.9659258262890683,216,-0.5452404385406507,-0.8382797052177745,248.0
node_4_6,2026-08-04 02:00:00,18.253907884730786,97.35278987622456,0.40315364038423085,0.0,844.919520565442,63.719215816248216,17.8,99,0.501,0.0,812.6,2,0.49999999999999994,0.8660254037844387,216,-0.5452404385406507,-0.8382797052177745,248.0
node_4_6,2026-08-04 03:00:00,17.962663329031844,96.61802530943854,0.40015364038423085,0.0,844.6017524664217,63.719215816248216,17.9,100,0.502,0.0,812.8,3,0.7071067811865475,0.7071067811865476,216,-0.5452404385406507,-0.8382797052177745,248.0
node_4_6,2026-08-04 04:00:00,17.497942316654306,97.32360506188772,0.3999467745796906,0.0,844.4457868983452,63.719215816248216,18.1,99,0.502,0.0,812.9,4,0.8660254037844386,0.5000000000000001,216,-0.5452404385406507,-0.8382797052177745,248.0
node_4_6,2026-08-04 05:00:00,18.43030282284308,97.64721012377542,0.3664025515240188,0.0,844.128276009743,63.719215816248216,18.4,100,0.487,0.0,812.4,5,0.9659258262890683,0.25881904510252074,216,-0.5452404385406507,-0.8382797052177745,248.0
node_4_6,2026-08-04 06:00:00,18.450989403297104,97.97081518566313,0.3691956857194785,16.294420247550853,845.0547995530644,63.719215816248216,18.6,100,0.49,22.0,812.6,6,1.0,6.123233995736766e-17,216,-0.5452404385406507,-0.8382797052177745,248.0
node_4_6,2026-08-04 07:00:00,19.08334990948587,95.64721012377541,0.3705192907813662,81.6446380195933,845.6136836025746,63.719215816248216,19.0,98,0.494,103.0,813.5,7,0.9659258262890683,-0.25881904510252063,216,-0.5452404385406507,-0.8382797052177745,248.0
node_4_6,2026-08-04 08:00:00,20.048070921863417,93.29442024755085,0.37054847559570303,236.61802530943862,846.2078466397072,63.719215816248216,19.6,98,0.502,218.0,814.3,8,0.8660254037844387,-0.4999999999999998,216,-0.5452404385406507,-0.8382797052177745,248.0
node_4_6,2026-08-04 09:00:00,21.142233958996037,87.32360506188772,0.3686068452243768,393.71586816917795,847.2696491706511,63.719215816248216,19.8,98,0.511,301.0,814.5,9,0.7071067811865476,-0.7071067811865475,216,-0.5452404385406507,-0.8382797052177745,248.0
node_4_6,2026-08-04 10:00:00,22.001118008506207,83.64721012377542,0.3676943996673874,586.722692813391,847.6608937263501,63.719215816248216,20.3,99,0.508,339.0,814.9,10,0.49999999999999994,-0.8660254037844387,216,-0.5452404385406507,-0.8382797052177745,248.0
node_4_6,2026-08-04 11:00:00,21.689186872353247,86.20686580454024,0.3701347439866226,562.0677663770691,847.5285332201613,63.719215816248216,19.9,94,0.508,549.0,814.8,11,0.258819045102521,-0.9659258262890682,216,-0.5452404385406507,-0.8382797052177745,248.0
node_4_6,2026-08-04 12:00:00,21.02738434140939,90.5596556807648,0.38298881991493827,464.7536609643941,847.2343701830287,63.719215816248216,20.5,98,0.516,610.0,814.8,12,1.2246467991473532e-16,-1.0,216,-0.5452404385406507,-0.8382797052177745,248.0
node_4_6,2026-08-04 13:00:00,20.583607119904087,90.97081518566314,0.4110343290227012,403.26087999236535,846.7990911954062,63.719215816248216,20.0,100,0.519,387.0,814.8,13,-0.2588190451025208,-0.9659258262890683,216,-0.5452404385406507,-0.8382797052177745,248.0
node_4_6,2026-08-04 14:00:00,21.183864330322304,90.46952913357205,0.41335536198040673,473.6153503044394,846.1256147387276,63.719215816248216,19.9,100,0.514,181.0,813.8,14,-0.4999999999999997,-0.8660254037844388,216,-0.5452404385406507,-0.8382797052177745,248.0
node_4_6,2026-08-04 15:00:00,21.40137521892443,88.41115950489831,0.4106205974136208,442.1690730093239,845.4903357511051,63.719215816248216,21.2,93,0.509,419.0,813.9,15,-0.7071067811865471,-0.7071067811865479,216,-0.5452404385406507,-0.8382797052177745,248.0
node_4_6,2026-08-04 16:00:00,20.82180458896023,91.29442024755085,0.4107399087751503,297.5725162016756,844.66089372635,63.719215816248216,21.5,88,0.505,386.0,813.2,16,-0.8660254037844384,-0.5000000000000004,216,-0.5452404385406507,-0.8382797052177745,248.0
node_4_6,2026-08-04 17:00:00,21.327641551827604,87.26523543321396,0.3861613566967773,187.27037964157813,844.9463013191815,63.719215816248216,20.5,92,0.511,223.0,812.6,17,-0.9659258262890683,-0.25881904510252063,216,-0.5452404385406507,-0.8382797052177745,248.0
node_4_6,2026-08-04 18:00:00,20.501118008506207,92.64721012377541,0.3839253060779002,65.33132137443417,844.8932542325388,63.719215816248216,20.0,95,0.508,106.0,812.5,18,-1.0,-1.8369701987210297e-16,216,-0.5452404385406507,-0.8382797052177745,248.0
node_4_6,2026-08-04 19:00:00,19.93931547756235,95.35278987622458,0.3826600706446862,7.618025309438549,845.0961727139725,63.719215816248216,19.0,100,0.505,12.0,812.3,19,-0.9659258262890684,0.2588190451025203,216,-0.5452404385406507,-0.8382797052177745,248.0
node_4_6,2026-08-04 20:00:00,19.704036489939895,96.70557975244915,0.3813948352114722,0.0,845.6696491706512,63.719215816248216,18.9,100,0.503,0.0,812.9,20,-0.8660254037844386,0.5000000000000001,216,-0.5452404385406507,-0.8382797052177745,248.0
node_4_6,2026-08-04 21:00:00,19.445152440429727,96.38197469056144,0.3804240200258091,0.0,845.9107651211409,63.719215816248216,18.8,100,0.502,0.0,813.4,21,-0.7071067811865477,0.7071067811865474,216,-0.5452404385406507,-0.8382797052177745,248.0
node_4_6,2026-08-04 22:00:00,18.32738434140939,95.2360506188771,0.39259912891183035,0.0,845.4282760097431,63.719215816248216,18.7,100,0.5,0.0,813.2,22,-0.5000000000000004,0.8660254037844384,216,-0.5452404385406507,-0.8382797052177745,248.0
node_4_6,2026-08-04 23:00:00,18.43030282284308,95.64721012377541,0.39092016186953593,0.0,844.307589429289,63.719215816248216,18.8,99,0.499,0.0,812.9,23,-0.25881904510252157,0.9659258262890681,216,-0.5452404385406507,-0.8382797052177745,248.0
node_4_6,2026-08-05 00:00:00,17.997942316654306,97.64721012377542,0.3892437669314236,0.0,843.578147404534,63.719215816248216,18.4,100,0.498,0.0,812.0,0,0.0,1.0,217,-0.5595892624101763,-0.828770087174504,248.0
node_4_6,2026-08-05 01:00:00,17.603779279521685,98.67639493811228,0.3875673719933113,0.0,843.01634487359,63.719215816248216,18.2,100,0.497,0.0,811.5,1,0.25881904510252074,0.9659258262890683,217,-0.5595892624101763,-0.828770087174504,248.0
node_4_6,2026-08-05 02:00:00,17.339058267144143,98.02918481433686,0.3862145821170867,0.0,842.6545423426463,63.719215816248216,18.2,100,0.496,0.0,811.1,2,0.49999999999999994,0.8660254037844387,217,-0.5595892624101763,-0.828770087174504,248.0
node_4_6,2026-08-05 03:00:00,16.81545320525643,97.61802530943856,0.384890977055199,0.0,842.0720532312484,63.719215816248216,18.0,100,0.495,0.0,811.0,3,0.7071067811865475,0.7071067811865476,217,-0.5595892624101763,-0.828770087174504,248.0
node_4_6,2026-08-05 04:00:00,17.168500291899225,98.64721012377542,0.38389097705519903,0.0,842.3221818364575,63.719215816248216,17.9,100,0.495,0.0,810.9,4,0.8660254037844386,0.5000000000000001,217,-0.5595892624101763,-0.828770087174504,248.0
node_4_6,2026-08-05 05:00:00,17.989186872353248,97.67639493811228,0.368983675706574,0.0,842.728276009743,63.719215816248216,18.9,100,0.496,0.0,810.9,5,0.9659258262890683,0.25881904510252074,217,-0.5595892624101763,-0.828770087174504,248.0
node_4_6,2026-08-05 06:00:00,18.471675983751123,97.38197469056144,0.368983675706574,21.26523543321398,843.5547995530644,63.719215816248216,18.5,100,0.498,15.0,810.8,6,1.0,6.123233995736766e-17,217,-0.5595892624101763,-0.828770087174504,248.0
node_4_6,2026-08-05 07:00:00,19.533478514694977,93.0,0.36830728076846164,127.82489111397882,844.2107651211409,63.719215816248216,18.8,100,0.5,100.0,811.4,7,0.9659258262890683,-0.25881904510252063,217,-0.5595892624101763,-0.828770087174504,248.0
node_4_6,2026-08-05 08:00:00,20.43347851469498,90.9124455569894,0.36730728076846164,276.6231695178029,844.6961727139724,63.719215816248216,19.3,98,0.5,177.0,811.9,8,0.8660254037844387,-0.4999999999999998,217,-0.5595892624101763,-0.828770087174504,248.0
node_4_6,2026-08-05 09:00:00,21.301118008506208,86.85407592831567,0.3666308858303493,448.51929078136624,844.7874172696716,63.719215816248216,20.3,94,0.499,315.0,812.4,9,0.7071067811865476,-0.7071067811865475,217,-0.5595892624101763,-0.828770087174504,248.0
node_4_6,2026-08-05 10:00:00,22.101118008506205,83.20686580454024,0.36527809595412475,530.3999794198369,844.8903357511051,63.719215816248216,21.4,88,0.499,425.0,812.5,10,0.49999999999999994,-0.8660254037844387,217,-0.5595892624101763,-0.828770087174504,248.0
node_4_6,2026-08-05 11:00:00,22.7244658599757,81.14849617586648,0.36551414657300185,657.7193319416936,844.7579752449165,63.719215816248216,21.8,85,0.5,465.0,812.4,11,0.258819045102521,-0.9659258262890682,217,-0.5595892624101763,-0.828770087174504,248.0
node_4_6,2026-08-05 12:00:00,23.05974484759816,80.50128605209107,0.3673682225013175,661.7219040458757,843.9139408129928,63.719215816248216,20.3,99,0.512,422.0,811.5,12,1.2246467991473532e-16,-1.0,217,-0.5595892624101763,-0.828770087174504,248.0
node_4_6,2026-08-05 13:00:00,23.17141877333291,77.82489111397877,0.3689278781820823,619.7485167560302,843.5168592944265,63.719215816248216,21.4,95,0.512,550.0,811.1,13,-0.2588190451025208,-0.9659258262890683,217,-0.5595892624101763,-0.828770087174504,248.0
node_4_6,2026-08-05 14:00:00,23.030302822843083,79.53047086642792,0.36754590349152083,526.1622483651105,842.6728248625029,63.719215816248216,20.5,98,0.519,248.0,810.7,14,-0.4999999999999997,-0.8660254037844388,217,-0.5595892624101763,-0.828770087174504,248.0
node_4_6,2026-08-05 15:00:00,23.23905826714414,77.09012654719272,0.3661931136152963,422.7167598375111,842.181580306804,63.719215816248216,19.8,95,0.5,260.0,809.9,15,-0.7071067811865471,-0.7071067811865479,217,-0.5595892624101763,-0.828770087174504,248.0
node_4_6,2026-08-05 16:00:00,22.356569155746257,80.29699235173297,0.3648403237390717,285.04550910776277,842.0433828377479,63.719215816248216,20.4,93,0.502,318.0,809.9,16,-0.8660254037844384,-0.5000000000000004,217,-0.5595892624101763,-0.828770087174504,248.0
node_4_6,2026-08-05 17:00:00,22.686011180501342,81.62059741362071,0.3701081312764679,202.07983813046394,842.4640694182019,63.719215816248216,19.9,99,0.503,257.0,810.3,17,-0.9659258262890683,-0.25881904510252063,217,-0.5595892624101763,-0.828770087174504,248.0
node_4_6,2026-08-05 18:00:00,21.85656915574626,85.97338728984528,0.3681665009051416,106.38454679474356,842.3375458748806,63.719215816248216,19.4,98,0.503,101.0,810.2,18,-1.0,-1.8369701987210297e-16,217,-0.5595892624101763,-0.828770087174504,248.0
node_4_6,2026-08-05 19:00:00,20.70377927952168,92.4721012377542,0.36651929078136614,12.999999999999993,842.8786618253704,63.719215816248216,18.7,100,0.502,10.0,810.5,19,-0.9659258262890684,0.2588190451025203,217,-0.5595892624101763,-0.828770087174504,248.0
node_4_6,2026-08-05 20:00:00,19.965581810465537,94.61802530943855,0.36522487053381536,0.0,843.2343701830287,63.719215816248216,18.6,100,0.501,0.0,811.4,20,-0.8660254037844386,0.5000000000000001,217,-0.5595892624101763,-0.828770087174504,248.0
node_4_6,2026-08-05 21:00:00,19.209616242389053,94.91244555698938,0.3645776604100399,0.0,843.1871600592533,63.719215816248216,18.4,100,0.499,0.0,811.6,21,-0.7071067811865477,0.7071067811865474,217,-0.5595892624101763,-0.828770087174504,248.0
node_4_6,2026-08-05 22:00:00,19.08017421763397,94.55965568076482,0.3635776604100399,0.0,843.0900785406868,63.719215816248216,17.7,100,0.499,0.0,811.1,22,-0.5000000000000004,0.8660254037844384,217,-0.5595892624101763,-0.828770087174504,248.0
node_4_6,2026-08-05 23:00:00,18.73588257529224,96.64721012377541,0.35972358448172426,0.0,841.6869028488351,63.719215816248216,18.3,100,0.498,0.0,810.9,23,-0.25881904510252157,0.9659258262890681,217,-0.5595892624101763,-0.828770087174504,248.0
node_4_6,2026-08-06 00:00:00,18.141719538159617,96.97081518566313,0.367813711028917,0.0,841.348705379779,63.719215816248216,18.0,100,0.497,0.0,810.3,0,0.0,1.0,218,-0.5737722679043243,-0.8190148866680802,248.0
node_4_6,2026-08-06 01:00:00,17.8446380195933,97.0,0.376874652761773,0.0,841.3428684169115,63.719215816248216,18.0,98,0.498,0.0,810.1,1,0.25881904510252074,0.9659258262890683,218,-0.5737722679043243,-0.8190148866680802,248.0
node_4_6,2026-08-06 02:00:00,18.3212901681238,95.67639493811231,0.37655104769988523,0.0,842.1489625901971,63.719215816248216,17.6,99,0.5,0.0,809.8,2,0.49999999999999994,0.8660254037844387,218,-0.5737722679043243,-0.8190148866680802,248.0
node_4_6,2026-08-06 03:00:00,18.465581810465533,95.73476456678603,0.37622744263799757,0.0,842.4725676520848,63.719215816248216,17.6,99,0.5,0.0,809.6,3,0.7071067811865475,0.7071067811865476,218,-0.5737722679043243,-0.8190148866680802,248.0
node_4_6,2026-08-06 04:00:00,18.28918687235324,95.70557975244915,0.37622744263799757,0.0,842.8667306892174,63.719215816248216,17.8,99,0.499,0.0,810.1,4,0.8660254037844386,0.5000000000000001,218,-0.5737722679043243,-0.8190148866680802,248.0
node_4_6,2026-08-06 05:00:00,18.677512946618496,97.61802530943856,0.37002057683345735,0.0,842.369649170651,63.719215816248216,18.2,100,0.489,0.0,809.6,5,0.9659258262890683,0.25881904510252074,218,-0.5737722679043243,-0.8190148866680802,248.0
node_4_6,2026-08-06 06:00:00,18.68334990948587,97.32360506188772,0.37957508830585784,9.530470866427954,843.2402071458961,63.719215816248216,18.6,100,0.488,15.0,810.5,6,1.0,6.123233995736766e-17,218,-0.5737722679043243,-0.8190148866680802,248.0
node_4_6,2026-08-06 07:00:00,18.589186872353245,97.29442024755085,0.38901543262509297,43.64463801959325,844.0667306892174,63.719215816248216,18.9,98,0.488,45.0,811.3,7,0.9659258262890683,-0.25881904510252063,218,-0.5737722679043243,-0.8190148866680802,248.0
node_4_6,2026-08-06 08:00:00,18.562663329031846,96.29442024755085,0.3966918275632053,76.14849617586648,844.6754861335186,63.719215816248216,19.4,95,0.488,105.0,812.0,8,0.8660254037844387,-0.4999999999999998,218,-0.5737722679043243,-0.8190148866680802,248.0
node_4_6,2026-08-06 09:00:00,18.612534723822737,92.41373160908049,0.397015432625093,129.69014712735617,845.1136836025746,63.719215816248216,19.9,93,0.496,302.0,812.6,9,0.7071067811865476,-0.7071067811865475,218,-0.5737722679043243,-0.8190148866680802,248.0
node_4_6,2026-08-06 10:00:00,18.630302822843074,93.53047086642795,0.4002197263254511,138.6205974136206,845.2460441087634,63.719215816248216,19.3,99,0.518,219.0,812.6,10,0.49999999999999994,-0.8660254037844387,218,-0.5737722679043243,-0.8190148866680802,248.0
node_4_6,2026-08-06 11:00:00,18.680431428052184,94.61802530943855,0.39963088583034945,195.23862272305905,844.9547995530645,63.719215816248216,18.6,95,0.505,120.0,812.4,11,0.258819045102521,-0.9659258262890682,218,-0.5737722679043243,-0.8190148866680802,248.0
node_4_6,2026-08-06 12:00:00,19.009873452807273,93.94163037132626,0.40312959977825835,228.67035906141473,845.019520565442,63.719215816248216,19.0,100,0.51,104.0,812.7,12,1.2246467991473532e-16,-1.0,218,-0.5737722679043243,-0.8190148866680802,248.0
node_4_6,2026-08-06 13:00:00,19.174594465184814,92.97081518566313,0.4088326074265253,223.55361980406735,844.5166020840084,63.719215816248216,19.0,100,0.502,85.0,812.2,13,-0.2588190451025208,-0.9659258262890683,218,-0.5737722679043243,-0.8190148866680802,248.0
node_4_6,2026-08-06 14:00:00,18.848070921863417,93.64721012377541,0.4170660859412202,216.142460299169,844.0078466397072,63.719215816248216,19.4,100,0.505,86.0,812.0,14,-0.4999999999999997,-0.8660254037844388,218,-0.5737722679043243,-0.8190148866680802,248.0
node_4_6,2026-08-06 15:00:00,18.906954971373583,92.99999999999999,0.4213579340845889,174.84546794743594,843.8754861335185,63.719215816248216,19.4,100,0.52,81.0,811.9,15,-0.7071067811865471,-0.7071067811865479,218,-0.5737722679043243,-0.8190148866680802,248.0
node_4_6,2026-08-06 16:00:00,18.680431428052188,94.61802530943855,0.42241630371326266,121.33132137443405,843.440207145896,63.719215816248216,19.5,100,0.502,66.0,811.6,16,-0.8660254037844384,-0.5000000000000004,218,-0.5737722679043243,-0.8190148866680802,248.0
node_4_6,2026-08-06 17:00:00,18.42154737854202,93.99999999999999,0.4067450529835147,60.9416303713262,843.0431256273297,63.719215816248216,19.2,97,0.511,35.0,811.2,17,-0.9659258262890683,-0.25881904510252063,218,-0.5737722679043243,-0.8190148866680802,248.0
node_4_6,2026-08-06 18:00:00,18.221547378542017,94.32360506188769,0.40689097705519905,43.798278403824085,842.9166020840082,63.719215816248216,18.8,98,0.512,27.0,810.7,18,-1.0,-1.8369701987210297e-16,218,-0.5737722679043243,-0.8190148866680802,248.0
node_4_6,2026-08-06 19:00:00,18.024465859975702,95.29442024755085,0.40833132137443423,6.029184814336862,843.3547995530645,63.719215816248216,18.4,98,0.508,2.0,810.7,19,-0.9659258262890684,0.2588190451025203,218,-0.5737722679043243,-0.8190148866680802,248.0
node_4_6,2026-08-06 20:00:00,18.056826366164476,95.97081518566313,0.40736050618877107,0.0,843.8224390468756,63.719215816248216,18.2,94,0.505,0.0,810.9,20,-0.8660254037844386,0.5000000000000001,218,-0.5737722679043243,-0.8190148866680802,248.0
node_4_6,2026-08-06 21:00:00,17.9509894032971,96.64721012377542,0.4053021365600973,0.0,844.3195205654421,63.719215816248216,18.5,88,0.502,0.0,811.1,21,-0.7071067811865477,0.7071067811865474,218,-0.5737722679043243,-0.8190148866680802,248.0
node_4_6,2026-08-06 22:00:00,17.88334990948587,97.29442024755085,0.40359655680764817,0.0,844.5224390468757,63.719215816248216,19.8,74,0.501,0.0,812.1,22,-0.5000000000000004,0.8660254037844384,218,-0.5737722679043243,-0.8190148866680802,248.0
node_4_6,2026-08-06 23:00:00,17.86266332903185,96.61802530943855,0.40768411125065884,0.0,843.9341129726105,63.719215816248216,18.9,77,0.499,0.0,811.9,23,-0.25881904510252157,0.9659258262890681,218,-0.5737722679043243,-0.8190148866680802,248.0
node_4_6,2026-08-07 00:00:00,17.645152440429726,97.0,0.413827463218161,0.0,843.7341129726104,63.719215816248216,18.4,80,0.498,0.0,811.4,0,0.0,1.0,219,-0.5877852522924734,-0.8090169943749472,248.0
node_4_6,2026-08-07 01:00:00,17.518628897108332,97.0,0.412562227784947,0.0,843.3046709478554,63.719215816248216,18.3,82,0.497,0.0,811.3,1,0.25881904510252074,0.9659258262890683,219,-0.5877852522924734,-0.8090169943749472,248.0
node_4_6,2026-08-07 02:00:00,17.683349909485873,96.35278987622456,0.41050385815627327,0.0,843.098833984988,63.719215816248216,18.2,83,0.496,0.0,810.8,2,0.49999999999999994,0.8660254037844387,219,-0.5877852522924734,-0.8090169943749472,248.0
node_4_6,2026-08-07 03:00:00,17.650989403297103,96.67639493811228,0.4081510682800487,0.0,842.9341129726104,63.719215816248216,17.8,84,0.495,0.0,810.4,3,0.7071067811865475,0.7071067811865476,219,-0.5877852522924734,-0.8090169943749472,248.0
node_4_6,2026-08-07 04:00:00,17.489186872353248,97.32360506188772,0.40606351383703804,0.0,842.8428684169115,63.719215816248216,17.6,86,0.494,0.0,810.3,4,0.8660254037844386,0.5000000000000001,219,-0.5877852522924734,-0.8090169943749472,248.0
node_4_6,2026-08-07 05:00:00,18.21862889710833,98.0,0.39786179224086216,0.0,842.9224390468755,63.719215816248216,17.1,96,0.496,0.0,810.2,5,0.9659258262890683,0.25881904510252074,219,-0.5877852522924734,-0.8090169943749472,248.0
node_4_6,2026-08-07 06:00:00,17.989186872353248,96.97081518566313,0.39586179224086215,25.002572104182136,843.0664734787993,63.719215816248216,17.7,97,0.495,11.0,810.6,6,1.0,6.123233995736766e-17,219,-0.5877852522924734,-0.8090169943749472,248.0
node_4_6,2026-08-07 07:00:00,18.871675983751125,93.08755444301062,0.39483260742652526,104.92787818208224,844.0754861335186,63.719215816248216,18.8,95,0.494,79.0,811.5,7,0.9659258262890683,-0.25881904510252063,219,-0.5877852522924734,-0.8090169943749472,248.0
node_4_6,2026-08-07 08:00:00,19.545152440429728,91.02918481433686,0.39412702767407615,189.77938200621554,844.4754861335184,63.719215816248216,21.5,80,0.493,217.0,813.2,8,0.8660254037844387,-0.4999999999999998,219,-0.5877852522924734,-0.8090169943749472,248.0
node_4_6,2026-08-07 09:00:00,19.989186872353244,87.88326074265252,0.39406865804540236,244.76394938112244,844.9754861335184,63.719215816248216,22.2,74,0.492,436.0,813.8,9,0.7071067811865476,-0.7071067811865475,219,-0.5877852522924734,-0.8090169943749472,248.0
node_4_6,2026-08-07 10:00:00,20.653907884730792,83.53047086642793,0.39333389347861636,367.44806063178135,845.2049281582736,63.719215816248216,23.8,67,0.49,566.0,814.4,10,0.49999999999999994,-0.8660254037844387,219,-0.5877852522924734,-0.8090169943749472,248.0
node_4_6,2026-08-07 11:00:00,21.671675983751125,79.88326074265251,0.39509784285973926,396.8531842599826,845.440207145896,63.719215816248216,22.0,75,0.494,316.0,813.7,11,0.258819045102521,-0.9659258262890682,219,-0.5877852522924734,-0.8090169943749472,248.0
node_4_6,2026-08-07 12:00:00,20.492362564205152,88.38197469056144,0.3978617922408621,266.5270070939126,844.940207145896,63.719215816248216,21.6,80,0.493,222.0,813.5,12,1.2246467991473532e-16,-1.0,219,-0.5877852522924734,-0.8090169943749472,248.0
node_4_6,2026-08-07 13:00:00,21.01888610752655,84.38197469056142,0.40635793408458887,388.60080934767973,844.6431256273297,63.719215816248216,23.9,73,0.49,605.0,814.0,13,-0.2588190451025208,-0.9659258262890683,219,-0.5877852522924734,-0.8090169943749472,248.0
node_4_6,2026-08-07 14:00:00,21.01888610752655,84.734764566786,0.4050343290227012,453.16560923680913,844.1372886644624,63.719215816248216,23.4,77,0.489,554.0,813.2,14,-0.4999999999999997,-0.8660254037844388,219,-0.5877852522924734,-0.8090169943749472,248.0
node_4_6,2026-08-07 15:00:00,20.765839020883753,87.26523543321397,0.4102703796415783,379.5192907813662,843.7903357511052,63.719215816248216,23.4,79,0.49,611.0,812.6,15,-0.7071067811865471,-0.7071067811865479,219,-0.5877852522924734,-0.8090169943749472,248.0
node_4_6,2026-08-07 16:00:00,20.589444082771465,89.64721012377541,0.4130343290227012,261.611989432741,843.4226962572939,63.719215816248216,22.7,83,0.489,458.0,812.4,16,-0.8660254037844384,-0.5000000000000004,219,-0.5877852522924734,-0.8090169943749472,248.0
node_4_6,2026-08-07 17:00:00,20.7806886384704,89.05836962867372,0.4052411948272414,151.95706299641927,843.6550567634827,63.719215816248216,21.2,89,0.502,311.0,812.2,17,-0.9659258262890683,-0.25881904510252063,219,-0.5877852522924734,-0.8090169943749472,248.0
node_4_6,2026-08-07 18:00:00,19.662920539450063,93.3236050618877,0.4192995644559152,76.51414657300184,843.4815803068041,63.719215816248216,20.1,95,0.5,110.0,812.0,18,-1.0,-1.8369701987210297e-16,219,-0.5877852522924734,-0.8090169943749472,248.0
node_4_6,2026-08-07 19:00:00,18.94223395899604,96.26523543321397,0.4160635138370381,7.854075928315648,843.5932542325388,63.719215816248216,18.6,100,0.498,10.0,811.6,19,-0.9659258262890684,0.2588190451025203,219,-0.5877852522924734,-0.8090169943749472,248.0
node_4_6,2026-08-07 20:00:00,18.450989403297104,95.58884049510169,0.4129759593940275,0.0,843.9343701830287,63.719215816248216,18.4,99,0.496,0.0,811.8,20,-0.8660254037844386,0.5000000000000001,219,-0.5877852522924734,-0.8090169943749472,248.0
node_4_6,2026-08-07 21:00:00,17.927384341409393,95.61802530943855,0.409593984703466,0.0,844.1606365159319,63.719215816248216,17.9,98,0.495,0.0,812.2,21,-0.7071067811865477,0.7071067811865474,219,-0.5877852522924734,-0.8090169943749472,248.0
node_4_6,2026-08-07 22:00:00,17.689186872353247,96.67639493811228,0.41291501766117156,0.0,844.407589429289,63.719215816248216,17.5,98,0.494,0.0,812.5,22,-0.5000000000000004,0.8660254037844384,219,-0.5877852522924734,-0.8090169943749472,248.0
node_4_6,2026-08-07 23:00:00,18.92154737854202,93.3236050618877,0.42396824308148096,0.0,844.228276009743,63.719215816248216,17.7,97,0.492,0.0,812.1,23,-0.25881904510252157,0.9659258262890681,219,-0.5877852522924734,-0.8090169943749472,248.0
node_4_6,2026-08-08 00:00:00,18.492105353786936,93.64721012377541,0.4173236050618877,0.0,844.1635549973655,63.719215816248216,17.2,97,0.492,0.0,811.8,0,0.0,1.0,220,-0.6016240632249227,-0.7987793728863648,248.0
node_4_6,2026-08-08 01:00:00,17.939315477562356,95.26523543321397,0.4198806886384704,0.0,844.0253575283094,63.719215816248216,17.3,96,0.492,0.0,811.5,1,0.25881904510252074,0.9659258262890683,220,-0.6016240632249227,-0.7987793728863648,248.0
node_4_6,2026-08-08 02:00:00,17.621804588960234,96.64721012377541,0.42346695702938986,0.0,843.9253575283093,63.719215816248216,17.9,91,0.491,0.0,811.6,2,0.49999999999999994,0.8660254037844387,220,-0.6016240632249227,-0.7987793728863648,248.0
node_4_6,2026-08-08 03:00:00,17.53639699612867,96.64721012377541,0.4188806886384704,0.0,843.2282760097431,63.719215816248216,18.3,86,0.491,0.0,811.6,3,0.7071067811865475,0.7071067811865476,220,-0.6016240632249227,-0.7987793728863648,248.0
node_4_6,2026-08-08 04:00:00,17.30987345280727,96.64721012377541,0.4199124455569895,0.0,843.1606365159319,63.719215816248216,18.1,85,0.49,0.0,811.4,4,0.8660254037844386,0.5000000000000001,220,-0.6016240632249227,-0.7987793728863648,248.0
node_4_6,2026-08-08 05:00:00,18.039315477562358,94.64721012377541,0.3997373366709682,0.0,843.2547995530645,63.719215816248216,18.3,87,0.491,0.0,812.0,5,0.9659258262890683,0.25881904510252074,220,-0.6016240632249227,-0.7987793728863648,248.0
node_4_6,2026-08-08 06:00:00,17.704036489939902,94.32360506188772,0.40329442024755086,24.384546794743592,843.4929970221206,63.719215816248216,18.8,89,0.49,33.0,812.6,6,1.0,6.123233995736766e-17,220,-0.6016240632249227,-0.7987793728863648,248.0
node_4_6,2026-08-08 07:00:00,18.389444082771465,94.97081518566313,0.40402918481433686,137.99139201912033,844.3929970221205,63.719215816248216,19.8,92,0.489,193.0,813.5,7,0.9659258262890683,-0.25881904510252063,220,-0.6016240632249227,-0.7987793728863648,248.0
node_4_6,2026-08-08 08:00:00,19.242748379832477,93.70557975244914,0.4121433519675022,278.89780169941224,845.7813230963859,63.719215816248216,22.9,73,0.488,393.0,815.5,8,0.8660254037844387,-0.4999999999999998,220,-0.6016240632249227,-0.7987793728863648,248.0
node_4_6,2026-08-08 09:00:00,20.048842553118067,91.11673925734746,0.40899742789581783,451.1733255493549,846.4314517015949,63.719215816248216,24.3,63,0.486,576.0,815.7,9,0.7071067811865476,-0.7071067811865475,220,-0.6016240632249227,-0.7987793728863648,248.0
node_4_6,2026-08-08 10:00:00,21.4634349602865,81.96824308148098,0.40517510888602115,640.3089612043105,846.9168592944266,63.719215816248216,24.8,62,0.485,749.0,816.2,10,0.49999999999999994,-0.8660254037844387,220,-0.6016240632249227,-0.7987793728863648,248.0
node_4_6,2026-08-08 11:00:00,22.936654206546883,74.02661271015471,0.40850128605209113,821.6703590614146,847.4051853686917,63.719215816248216,23.9,69,0.504,885.0,815.7,11,0.258819045102521,-0.9659258262890682,220,-0.6016240632249227,-0.7987793728863648,248.0
node_4_6,2026-08-08 12:00:00,23.618628897108334,70.67639493811228,0.40444291642341734,820.1639288009593,847.0051853686917,63.719215816248216,24.9,71,0.503,916.0,816.6,12,1.2246467991473532e-16,-1.0,220,-0.6016240632249227,-0.7987793728863648,248.0
node_4_6,2026-08-08 13:00:00,23.727384341409394,69.85407592831564,0.40003175691851905,806.5433313873386,846.4051853686917,63.719215816248216,25.6,67,0.499,865.0,815.9,13,-0.2588190451025208,-0.9659258262890683,220,-0.6016240632249227,-0.7987793728863648,248.0
node_4_6,2026-08-08 14:00:00,23.96266332903185,69.5596556807648,0.396296992351733,748.0660859412202,845.7993484058243,63.719215816248216,25.2,69,0.496,780.0,815.1,14,-0.4999999999999997,-0.8660254037844388,220,-0.6016240632249227,-0.7987793728863648,248.0
node_4_6,2026-08-08 15:00:00,23.930302822843082,69.85407592831565,0.3929150176611716,647.8515038241335,845.2993484058244,63.719215816248216,23.5,76,0.496,566.0,814.2,15,-0.7071067811865471,-0.7071067811865479,220,-0.6016240632249227,-0.7987793728863648,248.0
node_4_6,2026-08-08 16:00:00,23.624465859975704,71.53047086642795,0.39091501766117154,497.97853149820946,844.7640694182019,63.719215816248216,21.9,84,0.497,403.0,813.7,16,-0.8660254037844384,-0.5000000000000004,220,-0.6016240632249227,-0.7987793728863648,248.0
node_4_6,2026-08-08 17:00:00,23.03639699612867,80.61802530943855,0.39288583284683465,289.2995644559151,845.3964299243908,63.719215816248216,20.6,90,0.49,279.0,813.7,17,-0.9659258262890683,-0.25881904510252063,220,-0.6016240632249227,-0.7987793728863648,248.0
node_4_6,2026-08-08 18:00:00,21.92154737854202,88.23605061887709,0.39118025309438553,115.55965568076482,845.2463013191816,63.719215816248216,19.7,95,0.49,112.0,813.5,18,-1.0,-1.8369701987210297e-16,220,-0.6016240632249227,-0.7987793728863648,248.0
node_4_6,2026-08-08 19:00:00,21.009873452807273,90.94163037132626,0.39015106828004864,11.381974690561442,845.4375458748806,63.719215816248216,19.0,99,0.489,10.0,813.5,19,-0.9659258262890684,0.2588190451025203,220,-0.6016240632249227,-0.7987793728863648,248.0
node_4_6,2026-08-08 20:00:00,20.442233958996038,92.29442024755083,0.388798278403824,0.0,846.0608937263501,63.719215816248216,18.7,99,0.49,0.0,814.6,20,-0.8660254037844386,0.5000000000000001,220,-0.6016240632249227,-0.7987793728863648,248.0
node_4_6,2026-08-08 21:00:00,19.883349909485872,91.97081518566311,0.3880926986513749,0.0,846.3460441087633,63.719215816248216,19.0,99,0.49,0.0,814.9,21,-0.7071067811865477,0.7071067811865474,220,-0.6016240632249227,-0.7987793728863648,248.0
node_4_6,2026-08-08 22:00:00,18.871418773332913,91.67639493811227,0.38741630371326263,0.0,845.6487053797789,63.719215816248216,19.0,99,0.489,0.0,815.2,22,-0.5000000000000004,0.8660254037844384,220,-0.6016240632249227,-0.7987793728863648,248.0
node_4_6,2026-08-08 23:00:00,18.84197674857783,93.02918481433684,0.3871510682800487,0.0,845.286902848835,63.719215816248216,19.3,99,0.488,0.0,815.0,23,-0.25881904510252157,0.9659258262890681,220,-0.6016240632249227,-0.7987793728863648,248.0
node_4_6,2026-08-09 00:00:00,18.40961624238906,93.64721012377541,0.3864454885275995,0.0,845.0516238612124,63.719215816248216,18.8,99,0.487,0.0,814.6,0,0.0,1.0,221,-0.6152845999633277,-0.7883050558305253,248.0
node_4_6,2026-08-09 01:00:00,18.30669776095537,93.64721012377541,0.3857399087751504,0.0,844.61634487359,63.719215816248216,18.8,99,0.487,0.0,814.3,1,0.25881904510252074,0.9659258262890683,221,-0.6152845999633277,-0.7883050558305253,248.0
node_4_6,2026-08-09 02:00:00,18.33322130427677,94.29442024755083,0.3850635138370381,0.0,844.9428684169116,63.719215816248216,18.3,99,0.486,0.0,813.9,2,0.49999999999999994,0.8660254037844387,221,-0.6152845999633277,-0.7883050558305253,248.0
node_4_6,2026-08-09 03:00:00,18.200860798087998,94.97081518566313,0.3850343290227012,0.0,844.7457868983452,63.719215816248216,18.2,99,0.486,0.0,813.5,3,0.7071067811865475,0.7071067811865476,221,-0.6152845999633277,-0.7883050558305253,248.0
node_4_6,2026-08-09 04:00:00,18.000860798088,94.0,0.38435793408458885,0.0,844.9487053797789,63.719215816248216,18.0,100,0.486,0.0,813.7,4,0.8660254037844386,0.5000000000000001,221,-0.6152845999633277,-0.7883050558305253,248.0
node_4_6,2026-08-09 05:00:00,17.674337254766602,93.02918481433684,0.37882746321816096,0.0,844.0073322188709,63.719215816248216,18.2,100,0.479,0.0,813.6,5,0.9659258262890683,0.25881904510252074,221,-0.6152845999633277,-0.7883050558305253,248.0
node_4_6,2026-08-09 06:00:00,17.715453205256438,93.32360506188769,0.3781510682800487,24.413731609080457,844.3102507003046,63.719215816248216,18.7,100,0.479,22.0,814.3,6,1.0,6.123233995736766e-17,221,-0.6152845999633277,-0.7883050558305253,248.0
node_4_6,2026-08-09 07:00:00,19.227384341409397,92.32360506188769,0.3774746733419364,148.83003532234298,845.7810658859676,63.719215816248216,19.0,98,0.479,148.0,814.8,7,0.9659258262890683,-0.25881904510252063,221,-0.6152845999633277,-0.7883050558305253,248.0
node_4_6,2026-08-09 08:00:00,21.012791934240955,89.91244555698938,0.37612188346571185,347.8351795307073,847.1136836025746,63.719215816248216,19.4,96,0.483,323.0,815.1,8,0.8660254037844387,-0.4999999999999998,221,-0.6152845999633277,-0.7883050558305253,248.0
node_4_6,2026-08-09 09:00:00,22.509873452807266,79.05836962867374,0.3744454885275995,531.7450529835145,848.0285332201613,63.719215816248216,20.5,95,0.487,441.0,815.8,9,0.7071067811865476,-0.7071067811865475,221,-0.6152845999633277,-0.7883050558305253,248.0
node_4_6,2026-08-09 10:00:00,23.47459446518481,72.73476456678604,0.37209269865137495,724.426592129991,848.322696257294,63.719215816248216,21.9,86,0.489,612.0,816.0,10,0.49999999999999994,-0.8660254037844387,221,-0.6152845999633277,-0.7883050558305253,248.0
node_4_6,2026-08-09 11:00:00,24.4775129466185,67.20686580454024,0.36900514420836433,826.1639288009592,848.2757433439367,63.719215816248216,21.5,89,0.496,619.0,815.7,11,0.258819045102521,-0.9659258262890682,221,-0.6152845999633277,-0.7883050558305253,248.0
node_4_6,2026-08-09 12:00:00,24.386268390919557,68.82489111397877,0.3659759593940275,855.78452621458,847.581580306804,63.719215816248216,21.5,85,0.502,642.0,815.3,12,1.2246467991473532e-16,-1.0,221,-0.6152845999633277,-0.7883050558305253,248.0
node_4_6,2026-08-09 13:00:00,24.556826366164476,68.47210123775419,0.3629467745796906,819.267807537396,847.0463013191816,63.719215816248216,22.2,86,0.504,608.0,815.3,13,-0.2588190451025208,-0.9659258262890683,221,-0.6152845999633277,-0.7883050558305253,248.0
node_4_6,2026-08-09 14:00:00,24.436139785710456,69.38454679474358,0.360593984703466,761.3819746905615,846.2786618253704,63.719215816248216,22.7,81,0.501,519.0,814.8,14,-0.4999999999999997,-0.8660254037844388,221,-0.6152845999633277,-0.7883050558305253,248.0
node_4_6,2026-08-09 15:00:00,24.433221304276763,69.41373160908046,0.35888840495101687,627.7905620912776,845.802266887258,63.719215816248216,22.4,83,0.501,466.0,814.2,15,-0.7071067811865471,-0.7071067811865479,221,-0.6152845999633277,-0.7883050558305253,248.0
node_4_6,2026-08-09 16:00:00,24.236139785710453,71.031756918519,0.35750643026045537,423.8678281175598,845.2375458748805,63.719215816248216,20.3,97,0.506,165.0,813.4,16,-0.8660254037844384,-0.5000000000000004,221,-0.6152845999633277,-0.7883050558305253,248.0
node_4_6,2026-08-09 17:00:00,24.004036489939896,75.91244555698938,0.36232874927025205,272.4935697395446,845.4905929615234,63.719215816248216,21.3,88,0.507,141.0,813.1,17,-0.9659258262890683,-0.25881904510252063,221,-0.6152845999633277,-0.7883050558305253,248.0
node_4_6,2026-08-09 18:00:00,22.906954971373583,83.58884049510168,0.3619759593940275,119.11931136152958,845.0375458748806,63.719215816248216,20.0,95,0.504,93.0,813.0,18,-1.0,-1.8369701987210297e-16,221,-0.6152845999633277,-0.7883050558305253,248.0
node_4_6,2026-08-09 19:00:00,21.809873452807267,88.23605061887709,0.3619467745796906,11.029184814336865,845.1492198006152,63.719215816248216,19.2,99,0.502,6.0,813.4,19,-0.9659258262890684,0.2588190451025203,221,-0.6152845999633277,-0.7883050558305253,248.0
node_4_6,2026-08-09 20:00:00,21.215710415674643,90.53047086642793,0.3619467745796906,0.0,845.6197777758601,63.719215816248216,19.1,100,0.502,0.0,813.9,20,-0.8660254037844386,0.5000000000000001,221,-0.6152845999633277,-0.7883050558305253,248.0
node_4_6,2026-08-09 21:00:00,20.848070921863414,90.91244555698938,0.36127037964157827,0.0,846.1667306892173,63.719215816248216,19.0,100,0.502,0.0,814.5,21,-0.7071067811865477,0.7071067811865474,221,-0.6152845999633277,-0.7883050558305253,248.0
node_4_6,2026-08-09 22:00:00,20.386268390919565,91.58884049510166,0.361593984703466,0.0,846.1166020840084,63.719215816248216,18.9,100,0.501,0.0,814.4,22,-0.5000000000000004,0.8660254037844384,221,-0.6152845999633277,-0.7883050558305253,248.0
node_4_6,2026-08-09 23:00:00,20.58626839091956,89.94163037132624,0.36744806063178165,0.0,845.7813230963857,63.719215816248216,19.0,100,0.499,0.0,814.2,23,-0.25881904510252157,0.9659258262890681,221,-0.6152845999633277,-0.7883050558305253,248.0
node_4_6,2026-08-10 00:00:00,19.96875750231744,90.61802530943854,0.3706841112506587,0.0,845.6136836025746,63.719215816248216,18.5,100,0.502,0.0,813.7,0,0.0,1.0,222,-0.6287628145958345,-0.7775971469736268,248.0
node_4_6,2026-08-10 01:00:00,19.51596762609286,90.26523543321397,0.37038969100310787,0.0,845.0754861335186,63.719215816248216,18.2,100,0.504,0.0,813.2,1,0.25881904510252074,0.9659258262890683,222,-0.6287628145958345,-0.7775971469736268,248.0
node_4_6,2026-08-10 02:00:00,19.51596762609286,89.97081518566313,0.36906608594122015,0.0,845.0725676520848,63.719215816248216,18.2,100,0.509,0.0,812.8,2,0.49999999999999994,0.8660254037844387,222,-0.6287628145958345,-0.7775971469736268,248.0
node_4_6,2026-08-10 03:00:00,19.351246613715315,90.35278987622458,0.3687424808793325,0.0,844.640207145896,63.719215816248216,18.0,100,0.514,0.0,812.5,3,0.7071067811865475,0.7071067811865476,222,-0.6287628145958345,-0.7775971469736268,248.0
node_4_6,2026-08-10 04:00:00,19.221804588960232,92.0,0.36841887581744476,0.0,844.7784046149521,63.719215816248216,17.7,100,0.512,0.0,812.5,4,0.8660254037844386,0.5000000000000001,222,-0.6287628145958345,-0.7775971469736268,248.0
node_4_6,2026-08-10 05:00:00,19.068757502317435,94.35278987622458,0.36726780753739613,0.0,844.6460441087635,63.719215816248216,18.5,100,0.503,0.0,812.2,5,0.9659258262890683,0.25881904510252074,222,-0.6287628145958345,-0.7775971469736268,248.0
node_4_6,2026-08-10 06:00:00,19.195281045638833,95.38197469056144,0.36959141259928385,17.20686580454024,845.0489625901971,63.719215816248216,18.3,100,0.517,8.0,812.6,6,1.0,6.123233995736766e-17,222,-0.6287628145958345,-0.7775971469736268,248.0
node_4_6,2026-08-10 07:00:00,19.88944408277146,90.94163037132626,0.3727081518566313,107.23605061887713,846.1372886644623,63.719215816248216,18.6,100,0.51,33.0,813.0,7,0.9659258262890683,-0.25881904510252063,222,-0.6287628145958345,-0.7775971469736268,248.0
node_4_6,2026-08-10 08:00:00,20.336396996128663,92.61802530943855,0.3769733872898453,192.07983813046408,846.490335751105,63.719215816248216,18.7,100,0.505,73.0,813.4,8,0.8660254037844387,-0.4999999999999998,222,-0.6287628145958345,-0.7775971469736268,248.0
node_4_6,2026-08-10 09:00:00,21.004036489939892,89.97081518566313,0.3779442024755084,340.24723070393884,846.9256147387275,63.719215816248216,18.9,100,0.502,127.0,813.7,9,0.7071067811865476,-0.7071067811865475,222,-0.6287628145958345,-0.7775971469736268,248.0
node_4_6,2026-08-10 10:00:00,21.348328132281626,88.05836962867374,0.3945253266580636,480.37940258637946,847.0226962572939,63.719215816248216,19.2,100,0.504,145.0,813.8,10,0.49999999999999994,-0.8660254037844387,222,-0.6287628145958345,-0.7775971469736268,248.0
node_4_6,2026-08-10 11:00:00,20.801632429342636,90.14592407168433,0.3998171748014323,523.0892348788599,847.1226962572939,63.719215816248216,19.6,93,0.505,139.0,813.9,11,0.258819045102521,-0.9659258262890682,222,-0.6287628145958345,-0.7775971469736268,248.0
node_4_6,2026-08-10 12:00:00,21.05150382413353,88.44034431923518,0.39870043554408485,386.23683938639294,846.6874172696714,63.719215816248216,20.2,98,0.508,444.0,814.2,12,1.2246467991473532e-16,-1.0,222,-0.6287628145958345,-0.7775971469736268,248.0
node_4_6,2026-08-10 13:00:00,21.742491169414258,85.41115950489831,0.39846695702938983,478.4317363383556,846.4197777758602,63.719215816248216,19.5,96,0.512,253.0,813.4,13,-0.2588190451025208,-0.9659258262890683,222,-0.6287628145958345,-0.7775971469736268,248.0
node_4_6,2026-08-10 14:00:00,21.754165095149002,86.02918481433686,0.3976446380195932,339.9570629964193,845.4844987882377,63.719215816248216,20.1,95,0.513,472.0,813.0,14,-0.4999999999999997,-0.8660254037844388,222,-0.6287628145958345,-0.7775971469736268,248.0
node_4_6,2026-08-10 15:00:00,21.665839020883748,85.41115950489831,0.4017931341954597,311.2386227230592,845.181580306804,63.719215816248216,19.8,97,0.514,253.0,812.5,15,-0.7071067811865471,-0.7071067811865479,222,-0.6287628145958345,-0.7775971469736268,248.0
node_4_6,2026-08-10 16:00:00,21.401118008506206,86.35278987622456,0.4008515038241335,203.87811653428815,844.8110223315592,63.719215816248216,19.4,100,0.516,144.0,812.3,16,-0.8660254037844384,-0.5000000000000004,222,-0.6287628145958345,-0.7775971469736268,248.0
node_4_6,2026-08-10 17:00:00,21.32206179937845,88.14592407168433,0.42029184814336873,128.09784285973907,845.1081038501254,63.719215816248216,19.4,96,0.505,80.0,812.5,17,-0.9659258262890683,-0.25881904510252063,222,-0.6287628145958345,-0.7775971469736268,248.0
node_4_6,2026-08-10 18:00:00,20.63957268798057,91.41115950489831,0.41308755444301065,63.70557975244914,844.9197777758602,63.719215816248216,18.9,98,0.503,75.0,812.2,18,-1.0,-1.8369701987210297e-16,222,-0.6287628145958345,-0.7775971469736268,248.0
node_4_6,2026-08-10 19:00:00,20.21013066322548,94.70557975244915,0.410265235433214,5.3819746905614405,845.1550567634827,63.719215816248216,18.5,100,0.501,6.0,812.4,19,-0.9659258262890684,0.2588190451025203,222,-0.6287628145958345,-0.7775971469736268,248.0
node_4_6,2026-08-10 20:00:00,20.083607119904087,94.70557975244915,0.4068540759283157,0.0,845.7579752449163,63.719215816248216,18.3,100,0.5,0.0,812.9,20,-0.8660254037844386,0.5000000000000001,222,-0.6287628145958345,-0.7775971469736268,248.0
node_4_6,2026-08-10 21:00:00,19.795281045638834,95.35278987622458,0.4054429164234174,0.0,845.9372886644624,63.719215816248216,18.2,100,0.499,0.0,813.1,21,-0.7071067811865477,0.7071067811865474,222,-0.6287628145958345,-0.7775971469736268,248.0
node_4_6,2026-08-10 22:00:00,19.368757502317436,95.97081518566313,0.4040317569185191,0.0,845.8078466397072,63.719215816248216,17.8,100,0.498,0.0,812.9,22,-0.5000000000000004,0.8660254037844384,222,-0.6287628145958345,-0.7775971469736268,248.0
node_4_6,2026-08-10 23:00:00,19.89819952707252,95.26523543321397,0.40664978222795756,0.0,845.2638122077836,63.719215816248216,18.3,99,0.496,0.0,812.7,23,-0.25881904510252157,0.9659258262890681,222,-0.6287628145958345,-0.7775971469736268,248.0
node_4_6,2026-08-11 00:00:00,19.427641551827605,95.94163037132626,0.4055914125992839,0.0,844.9638122077838,63.719215816248216,18.3,100,0.495,0.0,812.5,0,0.0,1.0,223,-0.6420547132365636,-0.7666588193001592,248.0
node_4_6,2026-08-11 01:00:00,19.295281045638834,95.97081518566313,0.40615106828004865,0.0,844.8696491706512,63.719215816248216,18.2,99,0.495,0.0,812.3,1,0.25881904510252074,0.9659258262890683,223,-0.6420547132365636,-0.7666588193001592,248.0
node_4_6,2026-08-11 02:00:00,19.1276415518276,96.29442024755085,0.4080343290227012,0.0,844.8049281582736,63.719215816248216,18.0,100,0.495,0.0,812.1,2,0.49999999999999994,0.8660254037844387,223,-0.6420547132365636,-0.7666588193001592,248.0
node_4_6,2026-08-11 03:00:00,18.992362564205145,95.97081518566313,0.4092703796415783,0.0,844.6372886644623,63.719215816248216,18.0,100,0.498,0.0,812.0,3,0.7071067811865475,0.7071067811865476,223,-0.6420547132365636,-0.7666588193001592,248.0
node_4_6,2026-08-11 04:00:00,18.760002058016376,96.0,0.4082411948272414,0.0,844.6372886644623,63.719215816248216,17.9,100,0.499,0.0,811.8,4,0.8660254037844386,0.5000000000000001,223,-0.6420547132365636,-0.7666588193001592,248.0
node_4_6,2026-08-11 05:00:00,18.556826366164476,95.58884049510169,0.4059759593940274,0.0,844.9489625901971,63.719215816248216,18.0,100,0.49,0.0,812.5,5,0.9659258262890683,0.25881904510252074,223,-0.6420547132365636,-0.7666588193001592,248.0
node_4_6,2026-08-11 06:00:00,18.386268390919557,95.26523543321397,0.4082411948272414,12.854075928315655,845.1842415778194,63.719215816248216,18.0,100,0.49,18.0,812.6,6,1.0,6.123233995736766e-17,223,-0.6420547132365636,-0.7666588193001592,248.0
node_4_6,2026-08-11 07:00:00,19.045152440429725,94.0,0.4082411948272414,101.53047086642789,845.778404614952,63.719215816248216,18.5,99,0.49,84.0,813.1,7,0.9659258262890683,-0.25881904510252063,223,-0.6420547132365636,-0.7666588193001592,248.0
node_4_6,2026-08-11 08:00:00,19.474594465184804,90.64721012377544,0.40891758976535375,245.1244555698937,846.7638122077838,63.719215816248216,19.3,96,0.491,201.0,813.9,8,0.8660254037844387,-0.4999999999999998,223,-0.6420547132365636,-0.7666588193001592,248.0
node_4_6,2026-08-11 09:00:00,20.342233958996033,87.67639493811231,0.4147424808793325,429.30728076846134,847.4550567634828,63.719215816248216,20.5,95,0.494,395.0,814.6,9,0.7071067811865476,-0.7071067811865475,223,-0.6420547132365636,-0.7666588193001592,248.0
node_4_6,2026-08-11 10:00:00,20.948070921863405,86.29442024755087,0.4137424808793326,512.5545114723998,847.7903357511052,63.719215816248216,22.6,82,0.495,590.0,815.2,10,0.49999999999999994,-0.8660254037844387,223,-0.6420547132365636,-0.7666588193001592,248.0
node_4_6,2026-08-11 11:00:00,20.70987345280727,87.8248911139788,0.41306608594122024,560.6446380195928,847.6903357511051,63.719215816248216,19.5,96,0.519,597.0,814.7,11,0.258819045102521,-0.9659258262890682,223,-0.6420547132365636,-0.7666588193001592,248.0
node_4_6,2026-08-11 12:00:00,20.521547378542014,89.11931136152964,0.41438969100310796,303.46784869772273,847.1638122077837,63.719215816248216,20.7,92,0.513,534.0,815.1,12,1.2246467991473532e-16,-1.0,223,-0.6420547132365636,-0.7666588193001592,248.0
node_4_6,2026-08-11 13:00:00,20.695281045638833,88.53047086642795,0.4127716656936694,363.9862478107559,846.6226962572939,63.719215816248216,18.8,100,0.52,172.0,814.2,13,-0.2588190451025208,-0.9659258262890683,223,-0.6420547132365636,-0.7666588193001592,248.0
node_4_6,2026-08-11 14:00:00,20.727641551827602,89.9124455569894,0.4131828251985677,314.7527692960611,845.8874172696715,63.719215816248216,20.0,99,0.498,278.0,814.0,14,-0.4999999999999997,-0.8660254037844388,223,-0.6420547132365636,-0.7666588193001592,248.0
node_4_6,2026-08-11 15:00:00,21.248070921863416,87.09012654719275,0.4118300353223431,366.9133372253225,845.0550567634825,63.719215816248216,20.3,100,0.502,165.0,813.2,15,-0.7071067811865471,-0.7071067811865479,223,-0.6420547132365636,-0.7666588193001592,248.0
node_4_6,2026-08-11 16:00:00,21.312791934240952,85.7957062996419,0.4094772454461185,259.9236256420514,844.4874172696714,63.719215816248216,21.1,98,0.505,280.0,812.8,16,-0.8660254037844384,-0.5000000000000004,223,-0.6420547132365636,-0.7666588193001592,248.0
node_4_6,2026-08-11 17:00:00,21.51279193424096,86.4721012377542,0.4189124455569894,116.87040022174172,845.113940812993,63.719215816248216,20.5,98,0.494,192.0,813.1,17,-0.9659258262890683,-0.25881904510252063,223,-0.6420547132365636,-0.7666588193001592,248.0
node_4_6,2026-08-11 18:00:00,20.81862889710833,89.53047086642795,0.4165012860520911,80.93648616296201,844.7492198006154,63.719215816248216,20.4,100,0.5,91.0,812.4,18,-1.0,-1.8369701987210297e-16,223,-0.6420547132365636,-0.7666588193001592,248.0
node_4_6,2026-08-11 19:00:00,20.00987345280727,93.2360506188771,0.4137957062996419,8.08755444301061,845.0197777758602,63.719215816248216,19.4,100,0.499,8.0,812.0,19,-0.9659258262890684,0.2588190451025203,223,-0.6420547132365636,-0.7666588193001592,248.0
node_4_6,2026-08-11 20:00:00,19.57459446518481,95.26523543321397,0.4117957062996419,0.0,845.6874172696714,63.719215816248216,18.9,98,0.498,0.0,812.5,20,-0.8660254037844386,0.5000000000000001,223,-0.6420547132365636,-0.7666588193001592,248.0
node_4_6,2026-08-11 21:00:00,19.37167598375112,96.26523543321397,0.41009012654719273,0.0,846.2226962572938,63.719215816248216,18.5,96,0.497,0.0,812.8,21,-0.7071067811865477,0.7071067811865474,223,-0.6420547132365636,-0.7666588193001592,248.0
node_4_6,2026-08-11 22:00:00,18.809873452807267,97.26523543321397,0.4087373366709682,0.0,846.3667306892174,63.719215816248216,19.0,87,0.496,0.0,813.9,22,-0.5000000000000004,0.8660254037844384,223,-0.6420547132365636,-0.7666588193001592,248.0
node_4_6,2026-08-11 23:00:00,18.95390788473079,95.94163037132627,0.4073845467947437,0.0,845.8696491706512,63.719215816248216,19.4,84,0.496,0.0,813.8,23,-0.25881904510252157,0.9659258262890681,223,-0.6420547132365636,-0.7666588193001592,248.0
node_4_6,2026-08-12 00:00:00,18.809873452807267,96.29442024755085,0.40638454679474356,0.0,846.1990911954061,63.719215816248216,19.3,82,0.495,0.0,813.9,0,0.0,1.0,224,-0.655156357209085,-0.7554933140726804,248.0
node_4_6,2026-08-12 01:00:00,18.536396996128662,98.64721012377542,0.405031756918519,0.0,846.3049281582736,63.719215816248216,18.7,83,0.494,0.0,813.4,1,0.25881904510252074,0.9659258262890683,224,-0.655156357209085,-0.7554933140726804,248.0
node_4_6,2026-08-12 02:00:00,18.336396996128663,99.32360506188772,0.4043553619804068,0.0,846.069649170651,63.719215816248216,18.3,81,0.493,0.0,813.0,2,0.49999999999999994,0.8660254037844387,224,-0.655156357209085,-0.7554933140726804,248.0
node_4_6,2026-08-12 03:00:00,18.20111800850621,99.32360506188772,0.4033553619804067,0.0,845.8725676520847,63.719215816248216,18.4,79,0.492,0.0,812.9,3,0.7071067811865475,0.7071067811865476,224,-0.655156357209085,-0.7554933140726804,248.0
node_4_6,2026-08-12 04:00:00,18.03056003326129,99.0,0.40267896704229444,0.0,845.840207145896,63.719215816248216,17.8,79,0.492,0.0,812.2,4,0.8660254037844386,0.5000000000000001,224,-0.655156357209085,-0.7554933140726804,248.0
node_4_6,2026-08-12 05:00:00,18.692362564205144,98.67639493811228,0.3997373366709682,0.0,845.8990911954062,63.719215816248216,18.8,72,0.491,0.0,812.8,5,0.9659258262890683,0.25881904510252074,224,-0.655156357209085,-0.7554933140726804,248.0
node_4_6,2026-08-12 06:00:00,18.63347851469498,98.02918481433687,0.3987373366709681,22.4721012377542,846.0107651211409,63.719215816248216,19.1,75,0.49,32.0,813.5,6,1.0,6.123233995736766e-17,224,-0.655156357209085,-0.7554933140726804,248.0
node_4_6,2026-08-12 07:00:00,19.712791934240958,94.94163037132626,0.3980609417328559,155.53561507479222,846.3460441087634,63.719215816248216,20.1,90,0.49,194.0,814.3,7,0.9659258262890683,-0.25881904510252063,224,-0.655156357209085,-0.7554933140726804,248.0
node_4_6,2026-08-12 08:00:00,21.180431428052184,88.94163037132626,0.397031756918519,338.24119482724143,847.2932542325389,63.719215816248216,22.0,88,0.489,403.0,815.4,8,0.8660254037844387,-0.4999999999999998,224,-0.655156357209085,-0.7554933140726804,248.0
node_4_6,2026-08-12 09:00:00,22.3775129466185,79.0,0.3953553619804067,553.8935491593811,847.7168592944265,63.719215816248216,24.3,75,0.487,604.0,816.4,9,0.7071067811865476,-0.7071067811865475,224,-0.655156357209085,-0.7554933140726804,248.0
node_4_6,2026-08-12 10:00:00,23.348070921863414,74.32360506188772,0.39267896704229444,700.1004149639214,847.8110223315592,63.719215816248216,25.8,66,0.485,769.0,817.0,10,0.49999999999999994,-0.8660254037844387,224,-0.655156357209085,-0.7554933140726804,248.0
node_4_6,2026-08-12 11:00:00,24.480431428052192,70.97081518566313,0.38867896704229443,751.7296203584219,847.6964299243907,63.719215816248216,26.8,62,0.483,885.0,817.0,11,0.258819045102521,-0.9659258262890682,224,-0.655156357209085,-0.7554933140726804,248.0
node_4_6,2026-08-12 12:00:00,24.5743372547666,71.14849617586648,0.3866205974136207,848.7931341954599,847.0404643563143,63.719215816248216,26.5,62,0.481,877.0,817.0,12,1.2246467991473532e-16,-1.0,224,-0.655156357209085,-0.7554933140726804,248.0
node_4_6,2026-08-12 13:00:00,24.486011180501347,75.00257210418212,0.38782746321816086,742.5098940329711,846.2375458748805,63.719215816248216,26.1,69,0.481,768.0,816.2,13,-0.2588190451025208,-0.9659258262890683,224,-0.655156357209085,-0.7554933140726804,248.0
node_4_6,2026-08-12 14:00:00,24.683092699067664,74.35536198040671,0.3877107239608134,647.7356562351197,845.9317089120132,63.719215816248216,25.2,74,0.48,763.0,816.0,14,-0.4999999999999997,-0.8660254037844388,224,-0.655156357209085,-0.7554933140726804,248.0
node_4_6,2026-08-12 15:00:00,24.721290168123804,73.031756918519,0.3856815391464765,528.1760005543549,845.6993484058244,63.719215816248216,25.4,73,0.48,624.0,815.5,15,-0.7071067811865471,-0.7071067811865479,224,-0.655156357209085,-0.7554933140726804,248.0
node_4_6,2026-08-12 16:00:00,24.712534723822742,73.06094173285587,0.3840051442083643,441.6369217070469,845.3553139739009,63.719215816248216,24.3,77,0.481,424.0,814.7,16,-0.8660254037844384,-0.5000000000000004,224,-0.655156357209085,-0.7554933140726804,248.0
node_4_6,2026-08-12 17:00:00,24.924465859975705,70.44291642341733,0.38053561507479217,304.4746733419363,845.8141980234111,63.719215816248216,23.2,78,0.482,299.0,814.4,17,-0.9659258262890683,-0.25881904510252063,224,-0.655156357209085,-0.7554933140726804,248.0
node_4_6,2026-08-12 18:00:00,23.706697760955365,77.97338728984529,0.37924119482724133,127.91501766117146,845.9669878996357,63.719215816248216,21.4,91,0.484,121.0,814.8,18,-1.0,-1.8369701987210297e-16,224,-0.655156357209085,-0.7554933140726804,248.0
node_4_6,2026-08-12 19:00:00,22.374337254766598,84.67896704229443,0.3789175897653536,10.3236050618877,846.0168592944265,63.719215816248216,20.0,100,0.485,8.0,814.7,19,-0.9659258262890684,0.2588190451025203,224,-0.655156357209085,-0.7554933140726804,248.0
node_4_6,2026-08-12 20:00:00,21.777255736200285,86.00257210418215,0.3782703796415782,0.0,846.56089372635,63.719215816248216,19.5,100,0.484,0.0,815.4,20,-0.8660254037844386,0.5000000000000001,224,-0.655156357209085,-0.7554933140726804,248.0
node_4_6,2026-08-12 21:00:00,21.441976748577826,86.00257210418215,0.3782703796415782,0.0,847.36089372635,63.719215816248216,19.1,99,0.483,0.0,815.6,21,-0.7071067811865477,0.7071067811865474,224,-0.655156357209085,-0.7554933140726804,248.0
node_4_6,2026-08-12 22:00:00,21.000860798087995,87.03175691851902,0.3779467745796905,0.0,847.6638122077836,63.719215816248216,18.7,98,0.483,0.0,815.7,22,-0.5000000000000004,0.8660254037844384,224,-0.655156357209085,-0.7554933140726804,248.0
node_4_6,2026-08-12 23:00:00,20.800860798088,86.35536198040671,0.3712703796415782,0.0,847.1049281582737,63.719215816248216,18.8,98,0.482,0.0,815.8,23,-0.25881904510252157,0.9659258262890681,224,-0.655156357209085,-0.7554933140726804,248.0
node_4_6,2026-08-13 00:00:00,20.53030282284308,87.03175691851902,0.37159398470346594,0.0,847.1784046149521,63.719215816248216,18.6,97,0.482,0.0,815.0,0,0.0,1.0,225,-0.6680638642135333,-0.7441039398713608,248.0
node_4_6,2026-08-13 01:00:00,20.19210535378694,89.09012654719275,0.37191758976535366,0.0,846.5107651211409,63.719215816248216,18.6,95,0.481,0.0,814.7,1,0.25881904510252074,0.9659258262890683,225,-0.6680638642135333,-0.7441039398713608,248.0
node_4_6,2026-08-13 02:00:00,19.692105353786935,91.50128605209107,0.3722411948272414,0.0,845.819520565442,63.719215816248216,18.7,93,0.481,0.0,814.2,2,0.49999999999999994,0.8660254037844387,225,-0.6680638642135333,-0.7441039398713608,248.0
node_4_6,2026-08-13 03:00:00,19.33030282284308,94.2360506188771,0.37256479988912905,0.0,845.3693919602329,63.719215816248216,19.1,91,0.48,0.0,814.0,3,0.7071067811865475,0.7071067811865476,225,-0.6680638642135333,-0.7441039398713608,248.0
node_4_6,2026-08-13 04:00:00,18.971418773332918,95.26523543321397,0.37256479988912905,0.0,844.9046709478554,63.719215816248216,19.0,92,0.48,0.0,814.2,4,0.8660254037844386,0.5000000000000001,225,-0.6680638642135333,-0.7441039398713608,248.0
node_4_6,2026-08-13 05:00:00,19.312534723822747,92.9124455569894,0.37038969100310787,0.0,844.507589429289,63.719215816248216,18.6,91,0.479,0.0,813.5,5,0.9659258262890683,0.25881904510252074,225,-0.6680638642135333,-0.7441039398713608,248.0
node_4_6,2026-08-13 06:00:00,19.344895230011517,93.58884049510168,0.3707424808793325,17.58884049510169,844.8134263921563,63.719215816248216,19.3,90,0.479,26.0,814.2,6,1.0,6.123233995736766e-17,225,-0.6680638642135333,-0.7441039398713608,248.0
node_4_6,2026-08-13 07:00:00,20.956826366164478,89.0,0.37041887581744476,135.91501766117156,845.8224390468756,63.719215816248216,21.1,89,0.478,180.0,815.3,7,0.9659258262890683,-0.25881904510252063,225,-0.6680638642135333,-0.7441039398713608,248.0
node_4_6,2026-08-13 08:00:00,22.730560033261295,81.44034431923518,0.37009527075555704,324.7716656936694,847.0197777758601,63.719215816248216,22.8,79,0.477,327.0,815.7,8,0.8660254037844387,-0.4999999999999998,225,-0.6680638642135333,-0.7441039398713608,248.0
node_4_6,2026-08-13 09:00:00,23.98360711990409,69.96824308148099,0.3687716656936693,554.6969717715693,847.4699063810693,63.719215816248216,24.4,68,0.476,484.0,816.0,9,0.7071067811865476,-0.7071067811865475,225,-0.6680638642135333,-0.7441039398713608,248.0
node_4_6,2026-08-13 10:00:00,24.751246613715317,65.61545320525642,0.3667716656936693,708.346753999527,847.7699063810693,63.719215816248216,26.0,61,0.474,727.0,816.4,10,0.49999999999999994,-0.8660254037844387,225,-0.6680638642135333,-0.7441039398713608,248.0
node_4_6,2026-08-13 11:00:00,24.801118008506208,71.41115950489832,0.3665064302604554,803.6918275632049,848.2669878996356,63.719215816248216,25.5,68,0.477,810.0,816.7,11,0.258819045102521,-0.9659258262890682,225,-0.6680638642135333,-0.7441039398713608,248.0
node_4_6,2026-08-13 12:00:00,24.265581810465537,74.85407592831565,0.3664772454461185,817.2171542212689,847.052138282049,63.719215816248216,25.1,72,0.476,838.0,816.6,12,1.2246467991473532e-16,-1.0,225,-0.6680638642135333,-0.7441039398713608,248.0
node_4_6,2026-08-13 13:00:00,24.762663329031852,72.20686580454021,0.3657424808793325,786.5253266580638,846.4081038501255,63.719215816248216,21.8,87,0.481,436.0,815.2,13,-0.2588190451025208,-0.9659258262890683,225,-0.6680638642135333,-0.7441039398713608,248.0
node_4_6,2026-08-13 14:00:00,24.60669776095537,74.09012654719274,0.36730213656009725,629.0086079808799,846.0404643563143,63.719215816248216,24.5,77,0.482,733.0,815.1,14,-0.4999999999999997,-0.8660254037844388,225,-0.6680638642135333,-0.7441039398713608,248.0
node_4_6,2026-08-13 15:00:00,24.074594465184813,76.91244555698938,0.367625741621985,500.55708357658295,845.572824862503,63.719215816248216,23.8,78,0.481,622.0,814.1,15,-0.7071067811865471,-0.7071067811865479,225,-0.6680638642135333,-0.7441039398713608,248.0
node_4_6,2026-08-13 16:00:00,23.462663329031848,80.14849617586648,0.3692437669314235,347.1510682800488,845.0669878996356,63.719215816248216,21.2,92,0.488,349.0,813.4,16,-0.8660254037844384,-0.5000000000000004,225,-0.6680638642135333,-0.7441039398713608,248.0
node_4_6,2026-08-13 17:00:00,24.292105353786933,78.1484961758665,0.3656841112506588,277.6472101237753,845.293511442957,63.719215816248216,21.2,96,0.489,184.0,813.7,17,-0.9659258262890683,-0.25881904510252063,225,-0.6680638642135333,-0.7441039398713608,248.0
node_4_6,2026-08-13 18:00:00,22.668500291899225,87.1484961758665,0.3656841112506588,112.4429164234173,844.9051853686917,63.719215816248216,19.7,98,0.489,115.0,813.3,18,-1.0,-1.8369701987210297e-16,225,-0.6680638642135333,-0.7441039398713608,248.0
node_4_6,2026-08-13 19:00:00,21.63613978571045,90.79570629964192,0.3656841112506588,8.999999999999995,845.2168592944264,63.719215816248216,19.3,100,0.488,7.0,813.6,19,-0.9659258262890684,0.2588190451025203,225,-0.6680638642135333,-0.7441039398713608,248.0
node_4_6,2026-08-13 20:00:00,21.106697760955367,90.79570629964192,0.3656841112506588,0.0,845.6285332201612,63.719215816248216,19.0,100,0.486,0.0,814.0,20,-0.8660254037844386,0.5000000000000001,225,-0.6680638642135333,-0.7441039398713608,248.0
node_4_6,2026-08-13 21:00:00,20.480174217633976,91.14849617586648,0.3656841112506588,0.0,845.4518810716309,63.719215816248216,18.8,100,0.485,0.0,814.3,21,-0.7071067811865477,0.7071067811865474,225,-0.6680638642135333,-0.7441039398713608,248.0
node_4_6,2026-08-13 22:00:00,19.988929661935035,91.4721012377542,0.3656841112506588,0.0,844.9929970221206,63.719215816248216,18.4,99,0.484,0.0,813.7,22,-0.5000000000000004,0.8660254037844384,225,-0.6680638642135333,-0.7441039398713608,248.0
node_4_6,2026-08-13 23:00:00,20.091848143368725,90.85407592831564,0.3585647998891291,0.0,844.2664734787992,63.719215816248216,18.2,100,0.483,0.0,812.9,23,-0.25881904510252157,0.9659258262890681,225,-0.6680638642135333,-0.7441039398713608,248.0
node_4_6,2026-08-14 00:00:00,19.40060358766978,92.85407592831567,0.35921201001290454,0.0,843.6428684169115,63.719215816248216,17.8,99,0.483,0.0,812.7,0,0.0,1.0,226,-0.680773409477016,-0.732494071613579,248.0
node_4_6,2026-08-14 01:00:00,18.997685106236098,94.20686580454023,0.3598592201366799,0.0,843.3810658859677,63.719215816248216,17.6,99,0.482,0.0,812.5,1,0.25881904510252074,0.9659258262890683,226,-0.680773409477016,-0.732494071613579,248.0
node_4_6,2026-08-14 02:00:00,18.75948763717995,94.26523543321397,0.36053561507479226,0.0,843.2839843674013,63.719215816248216,17.5,99,0.481,0.0,812.5,2,0.49999999999999994,0.8660254037844387,226,-0.680773409477016,-0.732494071613579,248.0
node_4_6,2026-08-14 03:00:00,18.362406118613638,95.29442024755085,0.36053561507479226,0.0,842.6927398117023,63.719215816248216,17.7,98,0.48,0.0,812.2,3,0.7071067811865475,0.7071067811865476,226,-0.680773409477016,-0.732494071613579,248.0
node_4_6,2026-08-14 04:00:00,18.000603587669787,96.29442024755085,0.3608592201366799,0.0,842.4632977869472,63.719215816248216,18.0,97,0.48,0.0,812.1,4,0.8660254037844386,0.5000000000000001,226,-0.680773409477016,-0.732494071613579,248.0
node_4_6,2026-08-14 05:00:00,18.21227751340453,96.29442024755085,0.363625741621985,0.0,842.848705379779,63.719215816248216,18.8,100,0.48,0.0,812.2,5,0.9659258262890683,0.25881904510252074,226,-0.680773409477016,-0.732494071613579,248.0
node_4_6,2026-08-14 06:00:00,18.10352206910347,95.9124455569894,0.3665381871789744,14.824891113978772,843.2221818364575,63.719215816248216,18.8,99,0.48,18.0,813.1,6,1.0,6.123233995736766e-17,226,-0.680773409477016,-0.732494071613579,248.0
node_4_6,2026-08-14 07:00:00,18.415710415674642,95.94163037132626,0.37971072396081346,95.29956445591509,844.7723104416666,63.719215816248216,19.5,97,0.48,79.0,813.4,7,0.9659258262890683,-0.25881904510252063,226,-0.680773409477016,-0.732494071613579,248.0
node_4_6,2026-08-14 08:00:00,20.065839020883747,93.29442024755085,0.38762059741362076,192.15878459259517,846.4696491706511,63.719215816248216,20.9,95,0.48,333.0,814.5,8,0.8660254037844387,-0.4999999999999998,226,-0.680773409477016,-0.732494071613579,248.0
node_4_6,2026-08-14 09:00:00,20.64807092186341,87.64721012377542,0.3915038581562732,268.9021571402608,847.2343701830287,63.719215816248216,21.0,91,0.483,368.0,815.0,9,0.7071067811865476,-0.7071067811865475,226,-0.680773409477016,-0.732494071613579,248.0
node_4_6,2026-08-14 10:00:00,21.253907884730786,86.23605061887712,0.39241630371326264,382.40601529653406,847.4903357511051,63.719215816248216,22.0,85,0.484,452.0,815.5,10,0.49999999999999994,-0.8660254037844387,226,-0.680773409477016,-0.732494071613579,248.0
node_4_6,2026-08-14 11:00:00,22.015453205256428,84.88326074265252,0.3971218834657118,457.1837168669008,847.9226962572939,63.719215816248216,19.4,96,0.496,427.0,815.2,11,0.258819045102521,-0.9659258262890682,226,-0.680773409477016,-0.732494071613579,248.0
node_4_6,2026-08-14 12:00:00,22.1212901681238,83.2360506188771,0.3957690935894872,419.5416509514897,847.8932542325388,63.719215816248216,20.3,99,0.5,365.0,815.4,12,1.2246467991473532e-16,-1.0,226,-0.680773409477016,-0.732494071613579,248.0
node_4_6,2026-08-14 13:00:00,22.27725573620028,83.61802530943855,0.3971802530943855,524.1965773878112,847.5550567634828,63.719215816248216,19.8,99,0.513,270.0,815.0,13,-0.2588190451025208,-0.9659258262890683,226,-0.680773409477016,-0.732494071613579,248.0
node_4_6,2026-08-14 14:00:00,20.583864330322303,87.46952913357204,0.4137905620912775,439.1751088860211,847.4078466397073,63.719215816248216,19.7,100,0.51,278.0,814.5,14,-0.4999999999999997,-0.8660254037844388,226,-0.680773409477016,-0.732494071613579,248.0
node_4_6,2026-08-14 15:00:00,20.57802736745493,88.1751088860212,0.4138197469056144,306.68836379068995,846.8638122077837,63.719215816248216,19.8,99,0.507,281.0,814.1,15,-0.7071067811865471,-0.7071067811865479,226,-0.680773409477016,-0.732494071613579,248.0
node_4_6,2026-08-14 16:00:00,20.63665420654688,89.44034431923518,0.4106738228339301,235.8085668205527,846.1550567634827,63.719215816248216,19.5,99,0.503,183.0,813.7,16,-0.8660254037844384,-0.5000000000000004,226,-0.680773409477016,-0.732494071613579,248.0
node_4_6,2026-08-14 17:00:00,21.160002058016374,87.44034431923518,0.39809012654719284,146.20429370035816,846.3168592944266,63.719215816248216,20.5,91,0.503,121.0,814.0,17,-0.9659258262890683,-0.25881904510252063,226,-0.680773409477016,-0.732494071613579,248.0
node_4_6,2026-08-14 18:00:00,20.383607119904088,87.11673925734746,0.4112017215961759,68.17768099020338,846.069649170651,63.719215816248216,19.8,95,0.499,91.0,813.1,18,-1.0,-1.8369701987210297e-16,226,-0.680773409477016,-0.732494071613579,248.0
node_4_6,2026-08-14 19:00:00,19.69819952707252,92.70557975244915,0.4077321924626039,5.294420247550843,845.7402071458961,63.719215816248216,19.1,100,0.496,5.0,812.9,19,-0.9659258262890684,0.2588190451025203,226,-0.680773409477016,-0.732494071613579,248.0
node_4_6,2026-08-14 20:00:00,19.304036489939893,94.70557975244917,0.40458626839091955,0.0,845.9784046149522,63.719215816248216,19.0,100,0.494,0.0,813.8,20,-0.8660254037844386,0.5000000000000001,226,-0.680773409477016,-0.732494071613579,248.0
node_4_6,2026-08-14 21:00:00,19.23931547756235,95.08755444301062,0.4014987139479089,0.0,846.419520565442,63.719215816248216,19.1,99,0.492,0.0,814.1,21,-0.7071067811865477,0.7071067811865474,226,-0.680773409477016,-0.732494071613579,248.0
node_4_6,2026-08-14 22:00:00,19.20695497137358,95.44034431923518,0.3997639493811229,0.0,846.7871600592532,63.719215816248216,18.7,99,0.491,0.0,814.3,22,-0.5000000000000004,0.8660254037844384,226,-0.680773409477016,-0.732494071613579,248.0
node_4_6,2026-08-14 23:00:00,19.545152440429725,93.70557975244915,0.3971167392573475,0.0,846.4166020840083,63.719215816248216,18.7,100,0.496,0.0,814.2,23,-0.25881904510252157,0.9659258262890681,226,-0.680773409477016,-0.732494071613579,248.0
node_4_6,2026-08-15 00:00:00,18.915710415674642,94.35278987622459,0.39605836962867375,0.0,845.8282760097431,63.719215816248216,18.4,100,0.494,0.0,813.7,0,0.0,1.0,227,-0.6932812268869771,-0.7206671495538615,248.0
node_4_6,2026-08-15 01:00:00,18.6775129466185,93.73476456678604,0.3953236050618877,0.0,845.5693919602329,63.719215816248216,18.0,100,0.493,0.0,812.9,1,0.25881904510252074,0.9659258262890683,227,-0.6932812268869771,-0.7206671495538615,248.0
node_4_6,2026-08-15 02:00:00,18.42472307039392,95.11673925734749,0.39946952913357203,0.0,845.5929970221206,63.719215816248216,17.6,100,0.492,0.0,812.5,2,0.49999999999999994,0.8660254037844387,227,-0.6932812268869771,-0.7206671495538615,248.0
node_4_6,2026-08-15 03:00:00,17.977770157036716,94.73476456678604,0.40996567097729875,0.0,845.6046709478553,63.719215816248216,17.4,99,0.491,0.0,812.3,3,0.7071067811865475,0.7071067811865476,227,-0.6932812268869771,-0.7206671495538615,248.0
node_4_6,2026-08-15 04:00:00,17.692362564205144,94.05836962867374,0.41023090641051274,0.0,845.7635549973654,63.719215816248216,17.4,98,0.49,0.0,812.5,4,0.8660254037844386,0.5000000000000001,227,-0.6932812268869771,-0.7206671495538615,248.0
node_4_6,2026-08-15 05:00:00,17.589186872353253,96.58884049510169,0.40517253678183907,0.0,844.6309372807585,63.719215816248216,18.5,100,0.494,0.0,813.5,5,0.9659258262890683,0.25881904510252074,227,-0.6932812268869771,-0.7206671495538615,248.0
node_4_6,2026-08-15 06:00:00,16.9743372547666,95.58884049510169,0.40446695702938984,17.737336670968173,844.5720532312484,63.719215816248216,18.7,99,0.493,11.0,813.8,6,1.0,6.123233995736766e-17,227,-0.6932812268869771,-0.7206671495538615,248.0
node_4_6,2026-08-15 07:00:00,17.562663329031846,96.23605061887712,0.40896824308148094,98.92787818208225,846.2105079107226,63.719215816248216,19.1,96,0.491,77.0,814.4,7,0.9659258262890683,-0.25881904510252063,227,-0.6932812268869771,-0.7206671495538615,248.0
node_4_6,2026-08-15 08:00:00,18.60403648993989,95.9124455569894,0.41249871394790893,169.41026783656483,847.319520565442,63.719215816248216,20.3,94,0.49,266.0,815.2,8,0.8660254037844387,-0.4999999999999998,227,-0.6932812268869771,-0.7206671495538615,248.0
node_4_6,2026-08-15 09:00:00,20.001375218924423,87.20429370035811,0.41182231900979666,358.8282519856766,848.0725676520849,63.719215816248216,21.6,87,0.489,410.0,815.6,9,0.7071067811865476,-0.7071067811865475,227,-0.6932812268869771,-0.7206671495538615,248.0
node_4_6,2026-08-15 10:00:00,21.01622483651107,82.61545320525642,0.40846952913357204,506.02136560097296,848.3343701830287,63.719215816248216,22.4,82,0.489,466.0,815.9,10,0.49999999999999994,-0.8660254037844387,227,-0.6932812268869771,-0.7206671495538615,248.0
node_4_6,2026-08-15 11:00:00,22.127898762245824,81.85150382413352,0.4060291848143369,643.4523131718126,848.4638122077838,63.719215816248216,23.2,75,0.489,659.0,816.1,11,0.258819045102521,-0.9659258262890682,227,-0.6932812268869771,-0.7206671495538615,248.0
node_4_6,2026-08-15 12:00:00,22.401375218924425,81.14592407168436,0.40332360506188775,594.4780342136345,847.6372886644622,63.719215816248216,23.7,68,0.49,714.0,815.9,12,1.2246467991473532e-16,-1.0,227,-0.6932812268869771,-0.7206671495538615,248.0
node_4_6,2026-08-15 13:00:00,22.774851675603028,79.79313419545977,0.39997081518566324,662.8016392755221,847.0608937263501,63.719215816248216,23.7,70,0.49,809.0,814.9,13,-0.2588190451025208,-0.9659258262890683,227,-0.6932812268869771,-0.7206671495538615,248.0
node_4_6,2026-08-15 14:00:00,22.821804588960234,78.44034431923518,0.39661802530943857,585.1312802141072,846.1226962572939,63.719215816248216,23.4,71,0.49,646.0,814.1,14,-0.4999999999999997,-0.8660254037844388,227,-0.6932812268869771,-0.7206671495538615,248.0
node_4_6,2026-08-15 15:00:00,22.998199527072522,77.38197469056144,0.394265235433214,541.0866627746775,845.2844987882377,63.719215816248216,22.7,76,0.489,507.0,813.4,15,-0.7071067811865471,-0.7071067811865479,227,-0.6932812268869771,-0.7206671495538615,248.0
node_4_6,2026-08-15 16:00:00,22.84515244042973,79.26523543321396,0.3919124455569894,412.47467334193647,844.5786618253703,63.719215816248216,21.7,82,0.49,327.0,812.5,16,-0.8660254037844384,-0.5000000000000004,227,-0.6932812268869771,-0.7206671495538615,248.0
node_4_6,2026-08-15 17:00:00,23.7509894032971,73.94163037132626,0.3866205974136207,283.8832607426525,844.5346273934468,63.719215816248216,20.7,90,0.497,155.0,812.1,17,-0.9659258262890683,-0.25881904510252063,227,-0.6932812268869771,-0.7206671495538615,248.0
node_4_6,2026-08-15 18:00:00,22.418628897108334,81.29442024755085,0.3852678075373962,116.06094173285581,844.3492198006153,63.719215816248216,19.4,97,0.495,88.0,812.3,18,-1.0,-1.8369701987210297e-16,227,-0.6932812268869771,-0.7206671495538615,248.0
node_4_6,2026-08-15 19:00:00,21.12154737854202,87.91244555698938,0.3849442024755084,7.999999999999995,844.4638122077838,63.719215816248216,19.0,99,0.494,4.0,812.6,19,-0.9659258262890684,0.2588190451025203,227,-0.6932812268869771,-0.7206671495538615,248.0
node_4_6,2026-08-15 20:00:00,20.615710415674645,90.94163037132626,0.3842678075373961,0.0,845.0020096768399,63.719215816248216,18.6,100,0.492,0.0,812.9,20,-0.8660254037844386,0.5000000000000001,227,-0.6932812268869771,-0.7206671495538615,248.0
node_4_6,2026-08-15 21:00:00,20.312791934240956,91.35278987622456,0.384562227784947,0.0,845.5107651211408,63.719215816248216,18.5,100,0.491,0.0,813.5,21,-0.7071067811865477,0.7071067811865474,227,-0.6932812268869771,-0.7206671495538615,248.0
node_4_6,2026-08-15 22:00:00,20.106954971373582,92.05836962867373,0.38715106828004864,0.0,845.5107651211408,63.719215816248216,18.2,100,0.49,0.0,813.2,22,-0.5000000000000004,0.8660254037844384,227,-0.6932812268869771,-0.7206671495538615,248.0
node_4_6,2026-08-15 23:00:00,20.62154737854202,90.20686580454023,0.38494677457969056,0.0,845.1136836025746,63.719215816248216,18.9,100,0.489,0.0,813.0,23,-0.25881904510252157,0.9659258262890681,227,-0.6932812268869771,-0.7206671495538615,248.0
node_4_6,2026-08-16 00:00:00,19.618628897108334,91.20686580454024,0.38365235433213973,0.0,844.648962590197,63.719215816248216,18.4,100,0.489,0.0,812.4,0,0.0,1.0,228,-0.7055836101071774,-0.70862667826446,248.0
node_4_6,2026-08-16 01:00:00,18.953907884730786,92.88326074265252,0.3830051442083643,0.0,843.8900785406868,63.719215816248216,18.2,100,0.488,0.0,811.8,1,0.25881904510252074,0.9659258262890683,228,-0.7055836101071774,-0.70862667826446,248.0
node_4_6,2026-08-16 02:00:00,18.230302822843083,94.20686580454024,0.38235793408458885,0.0,842.9723104416665,63.719215816248216,18.3,99,0.487,0.0,811.4,2,0.49999999999999994,0.8660254037844387,228,-0.7055836101071774,-0.70862667826446,248.0
node_4_6,2026-08-16 03:00:00,17.38017421763397,95.88326074265252,0.38171072396081346,0.0,841.9221818364575,63.719215816248216,17.8,100,0.486,0.0,810.8,3,0.7071067811865475,0.7071067811865476,228,-0.7055836101071774,-0.70862667826446,248.0
node_4_6,2026-08-16 04:00:00,16.73004561242487,96.91244555698938,0.3807107239608134,0.0,841.5426112064933,63.719215816248216,17.4,100,0.486,0.0,810.7,4,0.8660254037844386,0.5000000000000001,228,-0.7055836101071774,-0.70862667826446,248.0
node_4_6,2026-08-16 05:00:00,17.51227751340453,95.85407592831567,0.3662411948272414,0.0,841.3985767745697,63.719215816248216,18.6,100,0.488,0.0,811.2,5,0.9659258262890683,0.25881904510252074,228,-0.7055836101071774,-0.70862667826446,248.0
node_4_6,2026-08-16 06:00:00,17.235882575292244,95.85407592831567,0.36871072396081345,19.177680990203356,841.8778901941157,63.719215816248216,18.4,100,0.488,15.0,811.5,6,1.0,6.123233995736766e-17,228,-0.7055836101071774,-0.70862667826446,248.0
node_4_6,2026-08-16 07:00:00,18.865581810465535,94.88326074265252,0.37012188346571173,143.71329606499557,843.6752289231002,63.719215816248216,18.8,97,0.487,61.0,812.1,7,0.9659258262890683,-0.25881904510252063,228,-0.7055836101071774,-0.70862667826446,248.0
node_4_6,2026-08-16 08:00:00,20.668757502317437,90.64721012377541,0.3736789670422944,316.0763743579487,845.4372886644624,63.719215816248216,19.9,91,0.487,230.0,812.8,8,0.8660254037844387,-0.4999999999999998,228,-0.7055836101071774,-0.70862667826446,248.0
node_4_6,2026-08-16 09:00:00,21.64807092186341,78.88068863847039,0.3759150176611715,509.9519187880545,845.9168592944266,63.719215816248216,21.8,80,0.487,454.0,813.6,9,0.7071067811865476,-0.7071067811865475,228,-0.7055836101071774,-0.70862667826446,248.0
node_4_6,2026-08-16 10:00:00,22.703779279521676,78.64721012377544,0.37779827840382413,679.6549264363215,845.8786618253703,63.719215816248216,23.0,76,0.49,683.0,813.6,10,0.49999999999999994,-0.8660254037844387,228,-0.7055836101071774,-0.70862667826446,248.0
node_4_6,2026-08-16 11:00:00,23.430302822843075,78.58884049510169,0.3830051442083644,815.8695085534083,846.1404643563142,63.719215816248216,21.2,87,0.491,783.0,813.3,11,0.258819045102521,-0.9659258262890682,228,-0.7055836101071774,-0.70862667826446,248.0
node_4_6,2026-08-16 12:00:00,23.877255736200283,75.50128605209107,0.380328749270252,818.3021365600973,845.6081038501254,63.719215816248216,22.7,84,0.495,756.0,813.8,12,1.2246467991473532e-16,-1.0,228,-0.7055836101071774,-0.70862667826446,248.0
node_4_6,2026-08-16 13:00:00,23.915453205256426,75.11931136152964,0.37832874927025206,795.2042937003582,845.3081038501255,63.719215816248216,23.9,75,0.492,786.0,813.8,13,-0.2588190451025208,-0.9659258262890683,228,-0.7055836101071774,-0.70862667826446,248.0
node_4_6,2026-08-16 14:00:00,23.915453205256426,75.73733667096819,0.3782703796415783,686.5253266580636,844.3786618253703,63.719215816248216,23.7,75,0.491,594.0,813.1,14,-0.4999999999999997,-0.8660254037844388,228,-0.7055836101071774,-0.70862667826446,248.0
node_4_6,2026-08-16 15:00:00,22.971161562914688,80.32617716606988,0.3798300353223431,521.8652560133773,844.1346273934469,63.719215816248216,20.6,93,0.495,332.0,811.9,15,-0.7071067811865471,-0.7071067811865479,228,-0.7055836101071774,-0.70862667826446,248.0
node_4_6,2026-08-16 16:00:00,22.071161562914686,82.9733872898453,0.3839785314982096,375.33478514694934,844.034627393447,63.719215816248216,20.5,94,0.497,301.0,811.7,16,-0.8660254037844384,-0.5000000000000004,228,-0.7055836101071774,-0.70862667826446,248.0
node_4_6,2026-08-16 17:00:00,22.753650674312567,81.4721012377542,0.38059398470346595,213.87040022174148,844.2993484058244,63.719215816248216,20.3,95,0.501,138.0,812.0,17,-0.9659258262890683,-0.25881904510252063,228,-0.7055836101071774,-0.70862667826446,248.0
node_4_6,2026-08-16 18:00:00,21.609616242389055,86.79570629964192,0.3799175897653537,94.14592407168432,844.1139408129928,63.719215816248216,19.5,98,0.5,95.0,811.7,18,-1.0,-1.8369701987210297e-16,228,-0.7055836101071774,-0.70862667826446,248.0
node_4_6,2026-08-16 19:00:00,20.11837168669011,91.67896704229445,0.39933389347861636,6.705579752449156,844.7492198006153,63.719215816248216,18.9,100,0.499,4.0,811.9,19,-0.9659258262890684,0.2588190451025203,228,-0.7055836101071774,-0.70862667826446,248.0
node_4_6,2026-08-16 20:00:00,19.78309269906765,93.03175691851902,0.39574505298351476,0.0,845.16089372635,63.719215816248216,18.9,100,0.497,0.0,812.7,20,-0.8660254037844386,0.5000000000000001,228,-0.7055836101071774,-0.70862667826446,248.0
node_4_6,2026-08-16 21:00:00,19.283092699067655,94.11931136152964,0.3928326074265253,0.0,845.2166020840083,63.719215816248216,18.8,100,0.497,0.0,812.9,21,-0.7071067811865477,0.7071067811865474,228,-0.7055836101071774,-0.70862667826446,248.0
node_4_6,2026-08-16 22:00:00,18.683092699067657,95.53047086642795,0.3912145821170868,0.0,844.9606365159318,63.719215816248216,18.8,100,0.496,0.0,813.1,22,-0.5000000000000004,0.8660254037844384,228,-0.7055836101071774,-0.70862667826446,248.0
node_4_6,2026-08-16 23:00:00,18.49768510623609,90.59141259928384,0.3902995644559152,0.0,843.745786898345,63.719215816248216,18.6,100,0.496,0.0,812.0,23,-0.25881904510252157,0.9659258262890681,228,-0.7055836101071774,-0.70862667826446,248.0
node_4_6,2026-08-17 00:00:00,17.2446380195933,94.41373160908049,0.38965235433213974,0.0,842.6720532312484,63.719215816248216,18.4,100,0.496,0.0,811.9,0,0.0,1.0,229,-0.7176769136759615,-0.6963762255968726,248.0
node_4_6,2026-08-17 01:00:00,17.306440550537154,95.17768099020337,0.38832874927025207,0.0,842.466216268381,63.719215816248216,18.4,100,0.496,0.0,811.5,1,0.25881904510252074,0.9659258262890683,229,-0.7176769136759615,-0.6963762255968726,248.0
node_4_6,2026-08-17 02:00:00,16.97699852578207,95.85407592831565,0.3870051442083644,0.0,841.8367742436259,63.719215816248216,18.2,100,0.495,0.0,811.0,2,0.49999999999999994,0.8660254037844387,229,-0.7176769136759615,-0.6963762255968726,248.0
node_4_6,2026-08-17 03:00:00,16.782835488649443,95.79570629964192,0.3866815391464766,0.0,841.5102507003046,63.719215816248216,18.1,100,0.494,0.0,810.9,3,0.7071067811865475,0.7071067811865476,229,-0.7176769136759615,-0.6963762255968726,248.0
node_4_6,2026-08-17 04:00:00,16.774080044348384,95.8248911139788,0.3856815391464766,0.0,841.5396927250596,63.719215816248216,18.2,100,0.493,0.0,810.9,4,0.8660254037844386,0.5000000000000001,229,-0.7176769136759615,-0.6963762255968726,248.0
node_4_6,2026-08-17 05:00:00,16.565324600047322,93.58884049510169,0.38585664803249786,0.0,841.8219246260392,63.719215816248216,18.3,99,0.492,0.0,811.3,5,0.9659258262890683,0.25881904510252074,229,-0.7176769136759615,-0.6963762255968726,248.0
node_4_6,2026-08-17 06:00:00,16.471418773332914,94.55965568076482,0.3915888404951017,18.355361980406727,842.8484481693606,63.719215816248216,18.8,95,0.502,11.0,812.0,6,1.0,6.123233995736766e-17,229,-0.7176769136759615,-0.6963762255968726,248.0
node_4_6,2026-08-17 07:00:00,17.404036489939898,95.29442024755085,0.39746952913357203,132.42402002580903,844.61634487359,63.719215816248216,18.8,96,0.505,76.0,812.1,7,0.9659258262890683,-0.25881904510252063,229,-0.7176769136759615,-0.6963762255968726,248.0
node_4_6,2026-08-17 08:00:00,19.145409650847938,87.17510888602123,0.4022918481433687,295.9544908922369,846.0754861335186,63.719215816248216,19.2,96,0.514,179.0,812.4,8,0.8660254037844387,-0.4999999999999998,229,-0.7176769136759615,-0.6963762255968726,248.0
node_4_6,2026-08-17 09:00:00,20.371933194169337,81.93905826714413,0.40237940258637933,459.49178640287806,846.3579752449164,63.719215816248216,19.7,99,0.514,356.0,813.0,9,0.7071067811865476,-0.7071067811865475,229,-0.7176769136759615,-0.6963762255968726,248.0
node_4_6,2026-08-17 10:00:00,21.904036489939894,77.41115950489834,0.3986154532052564,700.6969717715692,846.9256147387275,63.719215816248216,20.6,99,0.518,457.0,813.7,10,0.49999999999999994,-0.8660254037844387,229,-0.7176769136759615,-0.6963762255968726,248.0
node_4_6,2026-08-17 11:00:00,23.28334990948587,74.26523543321399,0.3945570835765827,809.4532048401459,847.152138282049,63.719215816248216,22.2,87,0.52,610.0,814.1,11,0.258819045102521,-0.9659258262890682,229,-0.7176769136759615,-0.6963762255968726,248.0
node_4_6,2026-08-17 12:00:00,23.500860798087995,76.44291642341733,0.3917931341954598,840.6841112506587,846.322696257294,63.719215816248216,20.6,99,0.515,514.0,813.6,12,1.2246467991473532e-16,-1.0,229,-0.7176769136759615,-0.6963762255968726,248.0
node_4_6,2026-08-17 13:00:00,23.088929661935033,79.97338728984528,0.39323605061887706,726.419767485778,845.4049281582735,63.719215816248216,21.5,95,0.519,648.0,813.2,13,-0.2588190451025208,-0.9659258262890683,229,-0.7176769136759615,-0.6963762255968726,248.0
node_4_6,2026-08-17 14:00:00,23.483092699067658,79.67896704229443,0.3960025721041821,594.0566891928246,845.1932542325388,63.719215816248216,19.4,100,0.515,329.0,812.8,14,-0.4999999999999997,-0.8660254037844388,229,-0.7176769136759615,-0.6963762255968726,248.0
node_4_6,2026-08-17 15:00:00,23.415453205256426,78.32617716606985,0.3952386227230592,498.5313625347611,844.7226962572939,63.719215816248216,20.1,99,0.515,436.0,812.6,15,-0.7071067811865471,-0.7071067811865479,229,-0.7176769136759615,-0.6963762255968726,248.0
node_4_6,2026-08-17 16:00:00,23.041976748577827,77.76652148530503,0.39320943790872237,357.6583902088372,844.3463013191815,63.719215816248216,19.6,95,0.512,214.0,811.9,16,-0.8660254037844384,-0.5000000000000004,229,-0.7176769136759615,-0.6963762255968726,248.0
node_4_6,2026-08-17 17:00:00,22.36240611861363,82.62059741362071,0.4054480606317816,227.75880517275846,844.8404643563142,63.719215816248216,19.4,98,0.511,161.0,812.0,17,-0.9659258262890683,-0.25881904510252063,229,-0.7176769136759615,-0.6963762255968726,248.0
node_4_6,2026-08-17 18:00:00,21.11837168669011,89.35536198040674,0.40185922013668,93.79313419545973,844.6550567634825,63.719215816248216,18.9,100,0.509,45.0,812.1,18,-1.0,-1.8369701987210297e-16,229,-0.7176769136759615,-0.6963762255968726,248.0
node_4_6,2026-08-17 19:00:00,20.441976748577822,91.73733667096818,0.3985647998891292,6.352789876224577,845.1990911954061,63.719215816248216,18.7,100,0.507,3.0,812.7,19,-0.9659258262890684,0.2588190451025203,229,-0.7176769136759615,-0.6963762255968726,248.0
node_4_6,2026-08-17 20:00:00,20.177255736200276,92.0609417328559,0.3975647998891292,0.0,845.7343701830285,63.719215816248216,18.8,100,0.506,0.0,813.3,20,-0.8660254037844386,0.5000000000000001,229,-0.7176769136759615,-0.6963762255968726,248.0
node_4_6,2026-08-17 21:00:00,18.49236256420515,95.9124455569894,0.4124695291335721,0.0,846.1664734787992,63.719215816248216,18.4,100,0.506,0.0,813.6,21,-0.7071067811865477,0.7071067811865474,229,-0.7176769136759615,-0.6963762255968726,248.0
node_4_6,2026-08-17 22:00:00,17.874594465184813,96.94163037132626,0.4138515038241335,0.0,845.7723104416665,63.719215816248216,18.5,100,0.509,0.0,813.7,22,-0.5000000000000004,0.8660254037844384,229,-0.7176769136759615,-0.6963762255968726,248.0
node_4_6,2026-08-17 23:00:00,18.836139785710447,95.55965568076482,0.4097931341954598,0.0,845.6959155035543,63.719215816248216,18.7,100,0.514,0.0,813.1,23,-0.25881904510252157,0.9659258262890681,229,-0.7176769136759615,-0.6963762255968726,248.0
node_4_6,2026-08-18 00:00:00,18.103779279521678,95.88326074265252,0.40673476456678603,0.0,845.0752289231003,63.719215816248216,18.3,100,0.512,0.0,812.8,0,0.0,1.0,230,-0.7295575540864876,-0.6839194216246105,248.0
node_4_6,2026-08-18 01:00:00,17.739058267144138,96.53047086642795,0.4043236050618877,0.0,844.5516238612124,63.719215816248216,18.2,100,0.51,0.0,812.4,1,0.25881904510252074,0.9659258262890683,230,-0.7295575540864876,-0.6839194216246105,248.0
node_4_6,2026-08-18 02:00:00,17.339058267144136,96.53047086642795,0.4022944202475509,0.0,844.1516238612126,63.719215816248216,18.0,100,0.507,0.0,811.8,2,0.49999999999999994,0.8660254037844387,230,-0.7295575540864876,-0.6839194216246105,248.0
node_4_6,2026-08-18 03:00:00,17.041976748577827,95.85407592831567,0.40155965568076485,0.0,843.9487053797789,63.719215816248216,17.7,100,0.508,0.0,811.6,3,0.7071067811865475,0.7071067811865476,230,-0.7295575540864876,-0.6839194216246105,248.0
node_4_6,2026-08-18 04:00:00,16.909616242389056,95.53047086642795,0.4001776809902034,0.0,843.8839843674012,63.719215816248216,17.7,100,0.508,0.0,812.2,4,0.8660254037844386,0.5000000000000001,230,-0.7295575540864876,-0.6839194216246105,248.0
node_4_6,2026-08-18 05:00:00,16.52712713099118,95.55965568076482,0.4042703796415783,0.0,843.0102507003046,63.719215816248216,18.3,100,0.501,0.0,811.9,5,0.9659258262890683,0.25881904510252074,230,-0.7295575540864876,-0.6839194216246105,248.0
node_4_6,2026-08-18 06:00:00,16.95073219287889,95.55965568076482,0.40588840495101686,13.618025309438526,844.225100317891,63.719215816248216,18.2,99,0.506,10.0,812.3,6,1.0,6.123233995736766e-17,230,-0.7295575540864876,-0.6839194216246105,248.0
node_4_6,2026-08-18 07:00:00,18.080174217633967,95.88326074265252,0.40388840495101697,112.2969923517328,845.1105079107226,63.719215816248216,18.7,100,0.508,39.0,812.7,7,0.9659258262890683,-0.25881904510252063,230,-0.7295575540864876,-0.6839194216246105,248.0
node_4_6,2026-08-18 08:00:00,19.741976748577823,93.1484961758665,0.4015939847034661,271.65749854050375,846.6489625901971,63.719215816248216,19.4,99,0.511,108.0,813.4,8,0.8660254037844387,-0.4999999999999998,230,-0.7295575540864876,-0.6839194216246105,248.0
node_4_6,2026-08-18 09:00:00,20.81253472382274,86.76652148530505,0.39991758976535374,436.3338934786159,847.3667306892174,63.719215816248216,20.4,100,0.512,307.0,814.4,9,0.7071067811865476,-0.7071067811865475,230,-0.7295575540864876,-0.6839194216246105,248.0
node_4_6,2026-08-18 10:00:00,21.84781371144519,81.79570629964195,0.39691758976535374,538.9708151856628,847.8608937263499,63.719215816248216,20.4,99,0.515,420.0,814.8,10,0.49999999999999994,-0.8660254037844387,230,-0.7295575540864876,-0.6839194216246105,248.0
node_4_6,2026-08-18 11:00:00,22.030045612424857,80.94420247550843,0.39753561507479235,658.3210329577051,848.3256147387276,63.719215816248216,19.3,95,0.516,449.0,815.0,11,0.258819045102521,-0.9659258262890682,230,-0.7295575540864876,-0.6839194216246105,248.0
node_4_6,2026-08-18 12:00:00,21.915195994838207,80.94420247550843,0.3968008505080063,562.8395349715554,847.7285332201612,63.719215816248216,20.5,100,0.511,348.0,815.1,12,1.2246467991473532e-16,-1.0,230,-0.7295575540864876,-0.6839194216246105,248.0
node_4_6,2026-08-18 13:00:00,22.574080044348378,79.00257210418216,0.39474248087933256,611.7253678183904,847.4226962572939,63.719215816248216,20.7,100,0.52,459.0,814.8,13,-0.2588190451025208,-0.9659258262890683,230,-0.7295575540864876,-0.6839194216246105,248.0
node_4_6,2026-08-18 14:00:00,22.38283548864944,79.26780753739612,0.3946549264363219,498.1339552191067,846.6256147387276,63.719215816248216,20.6,98,0.52,363.0,814.1,14,-0.4999999999999997,-0.8660254037844388,230,-0.7295575540864876,-0.6839194216246105,248.0
node_4_6,2026-08-18 15:00:00,22.07991700721575,82.56222778494697,0.3952145821170867,433.47042080190545,845.8903357511051,63.719215816248216,20.2,98,0.507,269.0,813.6,15,-0.7071067811865471,-0.7071067811865479,230,-0.7295575540864876,-0.6839194216246105,248.0
node_4_6,2026-08-18 16:00:00,21.439058267144137,84.73733667096816,0.39453818717897443,307.02404060597274,845.5961727139725,63.719215816248216,20.2,95,0.517,235.0,813.2,16,-0.8660254037844384,-0.5000000000000004,230,-0.7295575540864876,-0.6839194216246105,248.0
node_4_6,2026-08-18 17:00:00,21.912534723822738,84.32617716606987,0.39538711889892575,173.87811653428832,846.022696257294,63.719215816248216,18.8,100,0.516,139.0,813.3,17,-0.9659258262890683,-0.25881904510252063,230,-0.7295575540864876,-0.6839194216246105,248.0
node_4_6,2026-08-18 18:00:00,20.68626839091956,90.88326074265252,0.39473990877515036,62.615453205256415,846.240207145896,63.719215816248216,18.7,100,0.512,30.0,813.4,18,-1.0,-1.8369701987210297e-16,230,-0.7295575540864876,-0.6839194216246105,248.0
node_4_6,2026-08-18 19:00:00,20.009873452807266,93.53047086642795,0.39438711889892575,3.7347645667860276,846.8049281582736,63.719215816248216,18.3,100,0.509,3.0,814.1,19,-0.9659258262890684,0.2588190451025203,230,-0.7295575540864876,-0.6839194216246105,248.0
node_4_6,2026-08-18 20:00:00,19.70695497137358,94.50128605209107,0.39371072396081347,0.0,847.2078466397072,63.719215816248216,18.2,100,0.507,0.0,814.1,20,-0.8660254037844386,0.5000000000000001,230,-0.7295575540864876,-0.6839194216246105,248.0
node_4_6,2026-08-18 21:00:00,19.44223395899604,95.50128605209107,0.3930343290227012,0.0,847.5518810716308,63.719215816248216,17.8,100,0.504,0.0,814.3,21,-0.7071067811865477,0.7071067811865474,230,-0.7295575540864876,-0.6839194216246105,248.0
node_4_6,2026-08-18 22:00:00,19.139315477562356,95.17768099020337,0.3917107239608134,0.0,847.5224390468758,63.719215816248216,17.6,100,0.503,0.0,814.2,22,-0.5000000000000004,0.8660254037844384,230,-0.7295575540864876,-0.6839194216246105,248.0
node_4_6,2026-08-18 23:00:00,19.183349909485873,96.94163037132626,0.3877982784038241,0.0,846.9606365159318,63.719215816248216,18.3,100,0.501,0.0,814.4,23,-0.25881904510252157,0.9659258262890681,230,-0.7295575540864876,-0.6839194216246105,248.0
node_4_0,2026-08-01 00:00:00,27.918939845674913,82.96850519286791,0.36061725258011634,0.0,961.9175045872391,61.97299312833343,27.5,75,0.394,0.0,952.2,0,0.0,1.0,213,-0.5012418134457756,-0.8653072543632061,223.0
node_4_0,2026-08-01 01:00:00,27.984522149740016,81.25694503435723,0.3602751477625972,0.0,961.8831904983958,61.97299312833343,27.4,75,0.393,0.0,952.3,1,0.25881904510252074,0.9659258262890683,213,-0.5012418134457756,-0.8653072543632061,223.0
node_4_0,2026-08-01 02:00:00,27.815997579144685,80.91587628775301,0.3599320068741631,0.0,961.6860291578346,61.97299312833343,27.3,78,0.393,0.0,952.1,2,0.49999999999999994,0.8660254037844387,213,-0.5012418134457756,-0.8653072543632061,223.0
node_4_0,2026-08-01 03:00:00,27.547473008549364,81.60112199370624,0.359589902056644,0.0,961.6175045872392,61.97299312833343,27.0,79,0.392,0.0,952.2,3,0.7071067811865475,0.7071067811865476,213,-0.5012418134457756,-0.8653072543632061,223.0
node_4_0,2026-08-01 04:00:00,27.176316992698297,83.31268215221692,0.359589902056644,0.0,961.68055905314,61.97299312833343,26.6,80,0.391,0.0,952.0,4,0.8660254037844386,0.5000000000000001,213,-0.5012418134457756,-0.8653072543632061,223.0
node_4_0,2026-08-01 05:00:00,26.711356331182152,88.9086237913485,0.34297384545617216,0.0,961.5862363720175,61.97299312833343,24.4,96,0.403,0.0,951.2,5,0.9659258262890683,0.25881904510252074,213,-0.5012418134457756,-0.8653072543632061,223.0
node_4_0,2026-08-01 06:00:00,26.55072609635407,89.56651897382936,0.3493783334309971,23.7683333472853,961.7408784666936,61.97299312833343,24.6,96,0.406,17.0,951.2,6,1.0,6.123233995736766e-17,213,-0.5012418134457756,-0.8653072543632061,223.0
node_4_0,2026-08-01 07:00:00,26.972192086766,89.5675550447443,0.35441336606483054,138.03519254256304,962.080766267323,61.97299312833343,26.0,93,0.405,143.0,952.2,7,0.9659258262890683,-0.25881904510252063,213,-0.5012418134457756,-0.8653072543632061,223.0
node_4_0,2026-08-01 08:00:00,28.005884533060453,84.8874896933657,0.35532924235258356,298.8402010515551,962.348980016644,61.97299312833343,27.8,82,0.403,275.0,952.8,8,0.8660254037844387,-0.4999999999999998,213,-0.5012418134457756,-0.8653072543632061,223.0
node_4_0,2026-08-01 09:00:00,28.869146213144283,80.17696560576994,0.35430189182911115,473.0189521596558,962.380351838957,61.97299312833343,29.8,68,0.401,491.0,952.7,9,0.7071067811865476,-0.7071067811865475,213,-0.5012418134457756,-0.8653072543632061,223.0
node_4_0,2026-08-01 10:00:00,29.7949443236715,76.86221131172317,0.3526166461231579,617.2977306111791,962.3488764095524,61.97299312833343,29.8,67,0.399,572.0,952.5,10,0.49999999999999994,-0.8660254037844387,213,-0.5012418134457756,-0.8653072543632061,223.0
node_4_0,2026-08-01 11:00:00,30.104021298840806,75.60630234828088,0.35064606878846016,714.7368554744255,962.1487728024609,61.97299312833343,30.2,67,0.412,719.0,952.5,11,0.258819045102521,-0.9659258262890682,213,-0.5012418134457756,-0.8653072543632061,223.0
node_4_0,2026-08-01 12:00:00,30.53286528298974,74.66203946614057,0.3513911958959328,728.8270695719771,961.6228710848421,61.97299312833343,29.3,77,0.419,778.0,951.8,12,1.2246467991473532e-16,-1.0,213,-0.5012418134457756,-0.8653072543632061,223.0
node_4_0,2026-08-01 13:00:00,30.927187964112274,72.3472851720938,0.349420618561235,709.26307747907,961.0174009801476,61.97299312833343,30.4,71,0.417,773.0,951.3,13,-0.2588190451025208,-0.9659258262890683,213,-0.5012418134457756,-0.8653072543632061,223.0
node_4_0,2026-08-01 14:00:00,30.53503933848386,72.8348607882508,0.3540588453306045,641.7288027437885,960.2487728024608,61.97299312833343,31.1,69,0.412,719.0,950.7,14,-0.4999999999999997,-0.8660254037844388,213,-0.5012418134457756,-0.8653072543632061,223.0
node_4_0,2026-08-01 15:00:00,30.61842181021745,72.94633502397018,0.3527167405130853,490.1342508615756,959.5829832842128,61.97299312833343,30.7,69,0.408,550.0,950.2,15,-0.7071067811865471,-0.7071067811865479,213,-0.5012418134457756,-0.8653072543632061,223.0
node_4_0,2026-08-01 16:00:00,30.438542601867198,73.68835391869803,0.35277558584368984,400.89558448341097,959.3858219436515,61.97299312833343,30.5,71,0.405,463.0,949.6,16,-0.8660254037844384,-0.5000000000000004,213,-0.5012418134457756,-0.8653072543632061,223.0
node_4_0,2026-08-01 17:00:00,30.536740013343397,76.42001210427658,0.302558996772198,227.46521166998508,959.2514042477164,61.97299312833343,28.9,87,0.383,260.0,949.8,17,-0.9659258262890683,-0.25881904510252063,213,-0.5012418134457756,-0.8653072543632061,223.0
node_4_0,2026-08-01 18:00:00,29.60211510322551,81.7641890636256,0.30287375106624476,100.4591890217697,959.5487728024609,61.97299312833343,28.3,90,0.382,108.0,950.3,18,-1.0,-1.8369701987210297e-16,213,-0.5012418134457756,-0.8653072543632061,223.0
node_4_0,2026-08-01 19:00:00,28.636429192068917,85.0799794285873,0.3032168919546788,12.94529895305524,960.214769534892,61.97299312833343,27.5,94,0.382,16.0,950.6,19,-0.9659258262890684,0.2588190451025203,213,-0.5012418134457756,-0.8653072543632061,223.0
node_4_0,2026-08-01 20:00:00,28.202218710317005,86.05159283419998,0.3042168919546788,0.0,960.751715068991,61.97299312833343,27.0,95,0.382,0.0,950.7,20,-0.8660254037844386,0.5000000000000001,213,-0.5012418134457756,-0.8653072543632061,223.0
node_4_0,2026-08-01 21:00:00,28.004953762664243,85.655823040651,0.30456003284311295,0.0,961.7176081943308,61.97299312833343,26.8,93,0.382,0.0,951.3,21,-0.7071067811865477,0.7071067811865474,213,-0.5012418134457756,-0.8653072543632061,223.0
node_4_0,2026-08-01 22:00:00,27.87610977851531,85.6031941355361,0.3052179280255938,0.0,962.1888678172733,61.97299312833343,26.9,88,0.382,0.0,951.9,22,-0.5000000000000004,0.8660254037844384,213,-0.5012418134457756,-0.8653072543632061,223.0
node_4_0,2026-08-01 23:00:00,28.03895703023317,83.68628177686816,0.2960672768723813,0.0,961.3804554460485,61.97299312833343,27.5,84,0.377,0.0,951.5,23,-0.25881904510252157,0.9659258262890681,213,-0.5012418134457756,-0.8653072543632061,223.0
node_4_0,2026-08-02 00:00:00,27.613055312614463,86.65893125339579,0.2970683129432962,0.0,961.614769534892,61.97299312833343,26.7,87,0.377,0.0,951.4,0,0.0,1.0,214,-0.5160623910158526,-0.8565509959010037,223.0
node_4_0,2026-08-02 01:00:00,27.389888647342993,87.28947591240426,0.29775355864924946,0.0,961.6776167866099,61.97299312833343,26.4,88,0.377,0.0,951.6,1,0.25881904510252074,0.9659258262890683,214,-0.5160623910158526,-0.8565509959010037,223.0
node_4_0,2026-08-02 02:00:00,26.537567176648114,88.86739166629782,0.3073381204425891,0.0,961.738039807255,61.97299312833343,26.8,84,0.377,0.0,951.9,2,0.49999999999999994,0.8660254037844387,214,-0.5160623910158526,-0.8565509959010037,223.0
node_4_0,2026-08-02 03:00:00,25.480854633569336,93.28843984148932,0.3386758451397662,0.0,961.8574959949601,61.97299312833343,26.3,84,0.377,0.0,951.4,3,0.7071067811865475,0.7071067811865476,214,-0.5160623910158526,-0.8565509959010037,223.0
node_4_0,2026-08-02 04:00:00,25.00949140353528,94.94322681122539,0.36324195143391136,0.0,962.5150803561664,61.97299312833343,24.9,93,0.382,0.0,952.4,4,0.8660254037844386,0.5000000000000001,214,-0.5160623910158526,-0.8565509959010037,223.0
node_4_0,2026-08-02 05:00:00,26.472960297802103,92.57377147023385,0.350940994760666,0.0,961.6804554460485,61.97299312833343,25.9,90,0.381,0.0,952.1,5,0.9659258262890683,0.25881904510252074,214,-0.5160623910158526,-0.8565509959010037,223.0
node_4_0,2026-08-02 06:00:00,26.618214596034463,92.91691235866793,0.35002511847291295,23.11043816480445,962.2177118014221,61.97299312833343,26.3,89,0.381,22.0,952.5,6,1.0,6.123233995736766e-17,214,-0.5160623910158526,-0.8565509959010037,223.0
node_4_0,2026-08-02 07:00:00,27.03472851720938,91.2874037705744,0.3494229604082918,124.81828365361193,962.7231819061166,61.97299312833343,27.6,83,0.38,132.0,952.4,7,0.9659258262890683,-0.25881904510252063,214,-0.5160623910158526,-0.8565509959010037,223.0
node_4_0,2026-08-02 08:00:00,27.51821459603446,87.97368554744256,0.3505313264312664,253.53381125278042,962.8435099119494,61.97299312833343,28.6,78,0.379,311.0,952.9,8,0.8660254037844387,-0.4999999999999998,214,-0.5160623910158526,-0.8565509959010037,223.0
node_4_0,2026-08-02 09:00:00,28.575488135966353,84.31786250679157,0.3489302044375602,385.40949148639766,962.9147695348918,61.97299312833343,29.4,75,0.378,505.0,953.2,9,0.7071067811865476,-0.7071067811865475,214,-0.5160623910158526,-0.8565509959010037,223.0
node_4_0,2026-08-02 10:00:00,29.398758408329314,80.31682643587664,0.3473006958494666,502.2601461093271,962.7776167866098,61.97299312833343,29.7,75,0.376,584.0,953.1,10,0.49999999999999994,-0.8660254037844387,214,-0.5160623910158526,-0.8565509959010037,223.0
node_4_0,2026-08-02 11:00:00,30.712744491339983,76.28636769965948,0.3450963797202243,611.8551024803605,962.748772802461,61.97299312833343,28.0,85,0.371,726.0,953.1,11,0.258819045102521,-0.9659258262890682,214,-0.5160623910158526,-0.8565509959010037,223.0
node_4_0,2026-08-02 12:00:00,31.407377993737004,72.36945534099154,0.3431247663146116,735.1957409224237,962.4570815665942,61.97299312833343,29.5,78,0.378,706.0,952.8,12,1.2246467991473532e-16,-1.0,214,-0.5160623910158526,-0.8565509959010037,223.0
node_4_0,2026-08-02 13:00:00,31.73327971135571,71.11147423571938,0.34015315290899895,725.0835511238332,961.9829832842129,61.97299312833343,30.9,72,0.379,759.0,952.3,13,-0.2588190451025208,-0.9659258262890683,214,-0.5160623910158526,-0.8565509959010037,223.0
node_4_0,2026-08-02 14:00:00,31.507585207919988,71.395769793549,0.33952364432090537,646.3743659903394,961.0172973730562,61.97299312833343,31.1,70,0.377,731.0,951.4,14,-0.4999999999999997,-0.8660254037844388,214,-0.5160623910158526,-0.8565509959010037,223.0
node_4_0,2026-08-02 15:00:00,31.161709267138672,72.4525429823236,0.3409813676578036,528.4859500225559,960.5858219436516,61.97299312833343,31.4,67,0.374,658.0,950.7,15,-0.7071067811865471,-0.7071067811865479,214,-0.5160623910158526,-0.8565509959010037,223.0
node_4_0,2026-08-02 16:00:00,30.65319328882248,75.51138831292809,0.340352895140625,375.98471170723076,960.1544501213383,61.97299312833343,31.2,67,0.372,467.0,950.3,16,-0.8660254037844384,-0.5000000000000004,214,-0.5160623910158526,-0.8565509959010037,223.0
node_4_0,2026-08-02 17:00:00,29.263468894266822,84.6315807299234,0.33098213402349164,237.80733342177652,960.9831904983956,61.97299312833343,29.5,83,0.378,284.0,950.0,17,-0.9659258262890683,-0.25881904510252063,214,-0.5160623910158526,-0.8565509959010037,223.0
node_4_0,2026-08-02 18:00:00,27.91460772555963,89.9189845004978,0.34394383326818384,69.34165826929036,960.7201360324949,61.97299312833343,28.9,87,0.377,122.0,951.0,18,-1.0,-1.8369701987210297e-16,214,-0.5160623910158526,-0.8565509959010037,223.0
node_4_0,2026-08-02 19:00:00,27.303667516170677,93.29051198331918,0.3474345170970856,8.97264947652762,961.5119308754533,61.97299312833343,27.6,90,0.379,15.0,951.4,19,-0.9659258262890684,0.2588190451025203,214,-0.5160623910158526,-0.8565509959010037,223.0
node_4_0,2026-08-02 20:00:00,27.00093246382344,93.9189845004978,0.3474345170970856,0.0,962.1832941054873,61.97299312833343,27.0,87,0.379,0.0,952.5,20,-0.8660254037844386,0.5000000000000001,214,-0.5160623910158526,-0.8565509959010037,223.0
node_4_0,2026-08-02 21:00:00,26.861251877377047,94.57584361206372,0.34780604457990705,0.0,963.0491872308269,61.97299312833343,26.1,91,0.38,0.0,953.1,21,-0.7071067811865477,0.7071067811865474,214,-0.5160623910158526,-0.8565509959010037,223.0
node_4_0,2026-08-02 22:00:00,26.75841321793832,93.94633502397016,0.34783443117429436,0.0,963.1806626602315,61.97299312833343,26.1,89,0.38,0.0,953.0,22,-0.5000000000000004,0.8660254037844384,214,-0.5160623910158526,-0.8565509959010037,223.0
node_4_0,2026-08-02 23:00:00,26.9157903649617,93.60319413553609,0.32588041403996315,0.0,962.7778240007926,61.97299312833343,25.9,93,0.367,0.0,952.5,23,-0.25881904510252157,0.9659258262890681,214,-0.5160623910158526,-0.8565509959010037,223.0
node_4_0,2026-08-03 00:00:00,26.361148270285554,93.57584361206372,0.33437877997922594,0.0,962.7120344825448,61.97299312833343,26.1,90,0.367,0.0,952.1,0,0.0,1.0,215,-0.5307300481619331,-0.8475409228928312,223.0
node_4_0,2026-08-03 01:00:00,26.0981974114762,93.26212538893188,0.33500828856731946,0.0,962.312138089636,61.97299312833343,25.9,89,0.369,0.0,952.0,1,0.25881904510252074,0.9659258262890683,215,-0.5307300481619331,-0.8475409228928312,223.0
node_4_0,2026-08-03 02:00:00,25.86945703441876,93.60526627736596,0.33503563909079187,0.0,962.1519222831741,61.97299312833343,24.5,94,0.382,0.0,952.0,2,0.49999999999999994,0.8660254037844387,215,-0.5307300481619331,-0.8475409228928312,223.0
node_4_0,2026-08-03 03:00:00,25.932304286136624,93.5789518248085,0.33503563909079187,0.0,961.6463485713881,61.97299312833343,24.2,96,0.384,0.0,951.2,3,0.7071067811865475,0.7071067811865476,215,-0.5307300481619331,-0.8475409228928312,223.0
node_4_0,2026-08-03 04:00:00,25.889785040251503,93.92105664232766,0.3347208847967451,0.0,961.5806626602316,61.97299312833343,24.4,94,0.384,0.0,951.2,4,0.8660254037844386,0.5000000000000001,215,-0.5307300481619331,-0.8475409228928312,223.0
node_4_0,2026-08-03 05:00:00,26.31558315077872,95.97264947652762,0.3174017165138117,0.0,961.5146659278005,61.97299312833343,26.3,87,0.36,0.0,951.8,5,0.9659258262890683,0.25881904510252074,215,-0.5307300481619331,-0.8475409228928312,223.0
node_4_0,2026-08-03 06:00:00,26.23570394242847,96.0,0.32769387102500425,18.658931253395778,962.0944415290592,61.97299312833343,26.1,89,0.362,17.0,951.4,6,1.0,6.123233995736766e-17,215,-0.5307300481619331,-0.8475409228928312,223.0
node_4_0,2026-08-03 07:00:00,26.532097071953636,93.97264947652764,0.3365044895025274,93.50059798982228,962.7696188437511,61.97299312833343,27.2,88,0.364,143.0,952.7,7,0.9659258262890683,-0.25881904510252063,215,-0.5307300481619331,-0.8475409228928312,223.0
node_4_0,2026-08-03 08:00:00,27.132200679045127,91.00414428365971,0.33942036579028045,230.55958629488413,963.3176081943307,61.97299312833343,26.9,90,0.368,243.0,953.0,8,0.8660254037844387,-0.4999999999999998,215,-0.5307300481619331,-0.8475409228928312,223.0
node_4_0,2026-08-03 09:00:00,27.638438994775704,90.11458244846418,0.3407614345368847,326.4307516245656,963.3462449642966,61.97299312833343,28.8,79,0.368,433.0,953.2,9,0.7071067811865476,-0.7071067811865475,215,-0.5307300481619331,-0.8475409228928312,223.0
node_4_0,2026-08-03 10:00:00,28.867075764741656,83.7157044421704,0.3397603984659697,536.4647820560285,963.6518186760827,61.97299312833343,29.5,76,0.366,529.0,953.6,10,0.49999999999999994,-0.8660254037844387,215,-0.5307300481619331,-0.8475409228928312,223.0
node_4_0,2026-08-03 11:00:00,30.270328852546353,78.34417695934903,0.33821086930646344,655.6403409706076,963.5487728024609,61.97299312833343,28.7,77,0.368,546.0,953.7,11,0.258819045102521,-0.9659258262890682,215,-0.5307300481619331,-0.8475409228928312,223.0
node_4_0,2026-08-03 12:00:00,31.025385375588478,73.73994675289799,0.3362098332355486,749.5692653097069,963.257081566594,61.97299312833343,30.1,71,0.366,607.0,953.5,12,1.2246467991473532e-16,-1.0,215,-0.5307300481619331,-0.8475409228928312,223.0
node_4_0,2026-08-03 13:00:00,31.490967679653572,71.73891068198307,0.3342077610937187,778.1187267321241,962.7830868913043,61.97299312833343,30.8,70,0.365,719.0,952.7,13,-0.2588190451025208,-0.9659258262890683,215,-0.5307300481619331,-0.8475409228928312,223.0
node_4_0,2026-08-03 14:00:00,31.704642941389764,70.00103607091494,0.3308646202052846,729.6358679880406,961.7858219436516,61.97299312833343,30.8,70,0.363,743.0,952.1,14,-0.4999999999999997,-0.8660254037844388,215,-0.5307300481619331,-0.8475409228928312,223.0
node_4_0,2026-08-03 15:00:00,31.49906922960379,70.37152748282139,0.32983726968181226,603.3375139856307,961.1774095724269,61.97299312833343,31.3,69,0.366,636.0,951.8,15,-0.7071067811865471,-0.7071067811865479,215,-0.5307300481619331,-0.8475409228928312,223.0
node_4_0,2026-08-03 16:00:00,29.946747758908913,77.34624910117887,0.3389956029453857,440.5269124423798,961.0831904983957,61.97299312833343,30.9,70,0.368,434.0,951.0,16,-0.8660254037844384,-0.5000000000000004,215,-0.5307300481619331,-0.8475409228928312,223.0
node_4_0,2026-08-03 17:00:00,30.393495517817826,76.76936941820023,0.31376366658744415,197.721280542157,960.6569779595025,61.97299312833343,29.8,78,0.343,272.0,950.7,17,-0.9659258262890683,-0.25881904510252063,215,-0.5307300481619331,-0.8475409228928312,223.0
node_4_0,2026-08-03 18:00:00,29.49917283669529,82.34210481751916,0.31339213910462277,105.77497938673139,961.0257097442809,61.97299312833343,28.5,86,0.343,99.0,951.4,18,-1.0,-1.8369701987210297e-16,215,-0.5307300481619331,-0.8475409228928312,223.0
node_4_0,2026-08-03 19:00:00,27.987464416270235,88.94219074031045,0.32375064421377886,12.314754294046772,961.7146659278004,61.97299312833343,27.4,92,0.344,14.0,951.6,19,-0.9659258262890684,0.2588190451025203,215,-0.5307300481619331,-0.8475409228928312,223.0
node_4_0,2026-08-03 20:00:00,27.169560641510255,92.83278864642094,0.3804348037365848,0.0,962.8379362001634,61.97299312833343,26.4,98,0.375,0.0,952.6,20,-0.8660254037844386,0.5000000000000001,215,-0.5307300481619331,-0.8475409228928312,223.0
node_4_0,2026-08-03 21:00:00,27.20103607091493,91.54745701767641,0.3763429979139768,0.0,963.5776167866097,61.97299312833343,26.3,97,0.382,0.0,953.9,21,-0.7071067811865477,0.7071067811865474,215,-0.5307300481619331,-0.8475409228928312,223.0
node_4_0,2026-08-03 22:00:00,26.55779157538936,93.57687968297864,0.3768564583687347,0.0,963.7863399791089,61.97299312833343,25.6,96,0.382,0.0,953.0,22,-0.5000000000000004,0.8660254037844384,215,-0.5307300481619331,-0.8475409228928312,223.0
node_4_0,2026-08-03 23:00:00,26.456507022323024,96.34003267568929,0.36277251149948964,0.0,963.8887642101816,61.97299312833343,25.7,97,0.374,0.0,953.3,23,-0.25881904510252157,0.9659258262890681,215,-0.5307300481619331,-0.8475409228928312,223.0
node_4_0,2026-08-04 00:00:00,26.190510289891954,95.6274364462637,0.3662766473160132,0.0,962.9176081943308,61.97299312833343,25.6,95,0.374,0.0,952.8,0,0.0,1.0,216,-0.5452404385406507,-0.8382797052177745,223.0
node_4_0,2026-08-04 01:00:00,25.778948437954043,95.9716134056127,0.36982056650698825,0.0,962.9863399791091,61.97299312833343,25.6,93,0.374,0.0,952.5,1,0.25881904510252074,0.9659258262890683,216,-0.5452404385406507,-0.8382797052177745,223.0
node_4_0,2026-08-04 02:00:00,25.53601476370295,96.28636769965948,0.37230667643827386,0.0,963.1548645497044,61.97299312833343,25.6,93,0.373,0.0,952.7,2,0.49999999999999994,0.8660254037844387,216,-0.5452404385406507,-0.8382797052177745,223.0
node_4_0,2026-08-04 03:00:00,25.535807549519966,95.34314088843408,0.3699898500023972,0.0,962.9779276078843,61.97299312833343,25.1,94,0.374,0.0,953.0,3,0.7071067811865475,0.7071067811865476,216,-0.5452404385406507,-0.8382797052177745,223.0
node_4_0,2026-08-04 04:00:00,25.444323527836154,95.62950858809354,0.3695331627364139,0.0,963.1438207332238,61.97299312833343,24.4,97,0.404,0.0,953.0,4,0.8660254037844386,0.5000000000000001,216,-0.5452404385406507,-0.8382797052177745,223.0
node_4_0,2026-08-04 05:00:00,26.001597067768046,96.31475429404678,0.3643111236051206,0.0,962.2091958231059,61.97299312833343,25.3,97,0.389,0.0,952.2,5,0.9659258262890683,0.25881904510252074,216,-0.5452404385406507,-0.8382797052177745,223.0
node_4_0,2026-08-04 06:00:00,26.081165454843816,95.97368554744256,0.36274088996158793,20.478857434881053,962.9436135190408,61.97299312833343,25.0,99,0.4,10.0,952.9,6,1.0,6.123233995736766e-17,216,-0.5452404385406507,-0.8382797052177745,223.0
node_4_0,2026-08-04 07:00:00,26.715479543687227,92.94529895305524,0.3609978349959452,108.41999517000431,963.346348571388,61.97299312833343,24.9,97,0.43,82.0,953.6,7,0.9659258262890683,-0.25881904510252063,216,-0.5452404385406507,-0.8382797052177745,223.0
node_4_0,2026-08-04 08:00:00,27.68379690009956,90.28947591240426,0.3592547800303024,276.4288732600099,963.8490836237354,61.97299312833343,24.7,96,0.436,128.0,954.0,8,0.8660254037844387,-0.4999999999999998,216,-0.5452404385406507,-0.8382797052177745,223.0
node_4_0,2026-08-04 09:00:00,28.72084604129021,85.97472161835748,0.35685590202400863,449.6442995298173,964.6120344825447,61.97299312833343,25.3,96,0.434,248.0,954.7,9,0.7071067811865476,-0.7071067811865475,216,-0.5452404385406507,-0.8382797052177745,223.0
node_4_0,2026-08-04 10:00:00,29.3209496483817,83.00207214182987,0.35542863742332753,534.6214469760084,964.7804554460486,61.97299312833343,26.1,95,0.427,302.0,954.8,10,0.49999999999999994,-0.8660254037844387,216,-0.5452404385406507,-0.8382797052177745,223.0
node_4_0,2026-08-04 11:00:00,28.419397235436534,86.10940209388953,0.3576592680051274,589.8014530574341,964.6119308754533,61.97299312833343,25.3,91,0.427,463.0,955.2,11,0.258819045102521,-0.9659258262890682,216,-0.5452404385406507,-0.8382797052177745,223.0
node_4_0,2026-08-04 12:00:00,27.40603279497482,91.79257565801291,0.38381361689377075,430.7688558234669,964.6147695348919,61.97299312833343,25.9,95,0.434,328.0,954.4,12,1.2246467991473532e-16,-1.0,216,-0.5452404385406507,-0.8382797052177745,223.0
node_4_0,2026-08-04 13:00:00,27.766203946614063,91.02838659438731,0.40816574566870767,453.9248289245424,963.943406304858,61.97299312833343,27.0,90,0.428,378.0,954.3,13,-0.2588190451025208,-0.9659258262890683,216,-0.5452404385406507,-0.8382797052177745,223.0
node_4_0,2026-08-04 14:00:00,28.705530750390324,87.46540544725927,0.40848714600220054,528.8048891404623,963.0776167866097,61.97299312833343,27.0,89,0.425,233.0,953.2,14,-0.4999999999999997,-0.8660254037844388,216,-0.5452404385406507,-0.8382797052177745,223.0
node_4_0,2026-08-04 15:00:00,28.546704797513264,88.25694503435723,0.40656712543078777,470.63515173458484,962.2405676454191,61.97299312833343,27.6,86,0.422,186.0,952.2,15,-0.7071067811865471,-0.7071067811865479,216,-0.5452404385406507,-0.8382797052177745,223.0
node_4_0,2026-08-04 16:00:00,28.166514767888536,88.62950858809354,0.4053974123214224,328.3774234002673,961.3349939336331,61.97299312833343,28.7,80,0.418,430.0,951.4,16,-0.8660254037844384,-0.5000000000000004,216,-0.5452404385406507,-0.8382797052177745,223.0
node_4_0,2026-08-04 17:00:00,28.250104453805108,85.3400326756893,0.3774311391791139,182.81306943049276,961.443406304858,61.97299312833343,27.5,84,0.398,235.0,951.5,17,-0.9659258262890683,-0.25881904510252063,216,-0.5452404385406507,-0.8382797052177745,223.0
node_4_0,2026-08-04 18:00:00,27.444634349110633,90.96954126378284,0.37568912028438606,64.20136782522717,961.6721466819154,61.97299312833343,26.5,93,0.409,89.0,951.8,18,-1.0,-1.8369701987210297e-16,216,-0.5452404385406507,-0.8382797052177745,223.0
node_4_0,2026-08-04 19:00:00,26.94169208258041,92.57273539931893,0.3742902422780924,7.02735052347238,962.1092994301976,61.97299312833343,26.0,97,0.415,11.0,952.1,19,-0.9659258262890684,0.2588190451025203,216,-0.5452404385406507,-0.8382797052177745,223.0
node_4_0,2026-08-04 20:00:00,26.607481600828493,93.54642094676149,0.37323450516023265,0.0,962.874985341354,61.97299312833343,25.7,99,0.415,0.0,952.6,20,-0.8660254037844386,0.5000000000000001,216,-0.5452404385406507,-0.8382797052177745,223.0
node_4_0,2026-08-04 21:00:00,26.53885342314168,92.86221131172317,0.37220611856584535,0.0,963.4778240007928,61.97299312833343,25.5,99,0.413,0.0,953.1,21,-0.7071067811865477,0.7071067811865474,216,-0.5452404385406507,-0.8382797052177745,223.0
node_4_0,2026-08-04 22:00:00,25.767075764741655,92.68731784778309,0.3840503039923305,0.0,963.6122416967278,61.97299312833343,25.4,98,0.411,0.0,953.2,22,-0.5000000000000004,0.8660254037844384,216,-0.5452404385406507,-0.8382797052177745,223.0
node_4_0,2026-08-04 23:00:00,26.070639673820835,94.655823040651,0.3820791202006743,0.0,962.9463485713881,61.97299312833343,25.3,97,0.4,0.0,952.9,23,-0.25881904510252157,0.9659258262890681,216,-0.5452404385406507,-0.8382797052177745,223.0
node_4_0,2026-08-05 00:00:00,25.704746548481257,96.65685911156594,0.3804212250181934,0.0,962.2092994301975,61.97299312833343,25.0,98,0.399,0.0,952.1,0,0.0,1.0,217,-0.5595892624101763,-0.828770087174504,223.0
node_4_0,2026-08-05 01:00:00,25.573167511985087,97.2874037705744,0.3784212250181935,0.0,961.7751925555372,61.97299312833343,24.7,98,0.398,0.0,951.7,1,0.25881904510252074,0.9659258262890683,217,-0.5595892624101763,-0.828770087174504,223.0
node_4_0,2026-08-05 02:00:00,25.373063904893595,97.2874037705744,0.3767633298357126,0.0,961.4381434143463,61.97299312833343,24.6,98,0.397,0.0,951.4,2,0.49999999999999994,0.8660254037844387,217,-0.5595892624101763,-0.828770087174504,223.0
node_4_0,2026-08-05 03:00:00,25.241588475488918,96.34314088843408,0.3754201889472785,0.0,961.3696188437511,61.97299312833343,24.5,98,0.396,0.0,951.3,3,0.7071067811865475,0.7071067811865476,217,-0.5595892624101763,-0.828770087174504,223.0
node_4_0,2026-08-05 04:00:00,25.175902564332326,96.97368554744256,0.3744201889472785,0.0,961.1381434143464,61.97299312833343,24.4,97,0.395,0.0,951.2,4,0.8660254037844386,0.5000000000000001,217,-0.5595892624101763,-0.828770087174504,223.0
node_4_0,2026-08-05 05:00:00,25.54169208258041,96.62950858809356,0.35926185568370506,0.0,960.7750889484455,61.97299312833343,24.9,98,0.404,0.0,950.8,5,0.9659258262890683,0.25881904510252074,217,-0.5595892624101763,-0.828770087174504,223.0
node_4_0,2026-08-05 06:00:00,25.715686757870206,97.2874037705744,0.35926185568370506,22.084123712247,961.3408784666938,61.97299312833343,24.6,97,0.407,16.0,951.2,6,1.0,6.123233995736766e-17,217,-0.5595892624101763,-0.828770087174504,223.0
node_4_0,2026-08-05 07:00:00,26.64989723962212,92.31475429404679,0.35826185568370505,132.28490201478803,961.6750889484456,61.97299312833343,25.0,97,0.412,53.0,951.5,7,0.9659258262890683,-0.25881904510252063,217,-0.5595892624101763,-0.828770087174504,223.0
node_4_0,2026-08-05 08:00:00,27.54979363253063,88.00310821274479,0.35726185568370505,296.50533179616815,961.846348571388,61.97299312833343,25.2,97,0.412,68.0,951.5,8,0.8660254037844387,-0.4999999999999998,217,-0.5595892624101763,-0.828770087174504,223.0
node_4_0,2026-08-05 09:00:00,28.48400411428255,84.05988140151942,0.3559197508661858,454.048374824958,961.714769534892,61.97299312833343,25.8,95,0.411,146.0,951.5,9,0.7071067811865476,-0.7071067811865475,217,-0.5595892624101763,-0.828770087174504,223.0
node_4_0,2026-08-05 10:00:00,29.35263229196936,79.69042606052788,0.35357764604866676,574.5997233553395,961.6063571636673,61.97299312833343,26.8,88,0.408,283.0,951.6,10,0.49999999999999994,-0.8660254037844387,217,-0.5595892624101763,-0.828770087174504,223.0
node_4_0,2026-08-05 11:00:00,30.17012163836337,76.03045873621717,0.3526323470956115,739.7194191118737,961.5747781271709,61.97299312833343,29.0,79,0.411,442.0,951.7,11,0.258819045102521,-0.9659258262890682,217,-0.5595892624101763,-0.828770087174504,223.0
node_4_0,2026-08-05 12:00:00,30.46759380019912,77.05573711785969,0.3523754020612543,753.9651442091686,960.6830868913041,61.97299312833343,29.6,75,0.407,697.0,950.8,12,1.2246467991473532e-16,-1.0,217,-0.5595892624101763,-0.828770087174504,223.0
node_4_0,2026-08-05 13:00:00,30.419811663802506,77.13468047553205,0.35140378865564154,678.0319244210887,960.1433026977663,61.97299312833343,29.4,74,0.405,551.0,950.2,13,-0.2588190451025208,-0.9659258262890683,217,-0.5595892624101763,-0.828770087174504,223.0
node_4_0,2026-08-05 14:00:00,29.71264257767572,79.78325101977855,0.3545627114419012,497.29601284593764,959.0802482318654,61.97299312833343,30.0,70,0.401,620.0,949.3,14,-0.4999999999999997,-0.8660254037844388,217,-0.5595892624101763,-0.828770087174504,223.0
node_4_0,2026-08-05 15:00:00,31.1023223174085,69.33796053385944,0.3532469210769395,494.4218904688323,958.880144624774,61.97299312833343,30.3,68,0.397,607.0,948.6,15,-0.7071067811865471,-0.7071067811865479,217,-0.5595892624101763,-0.828770087174504,223.0
node_4_0,2026-08-05 16:00:00,30.150251022292252,71.77040548911516,0.3509048162594203,324.7528174086973,958.6146659278004,61.97299312833343,29.9,70,0.395,437.0,948.3,16,-0.8660254037844384,-0.5000000000000004,217,-0.5595892624101763,-0.828770087174504,223.0
node_4_0,2026-08-05 17:00:00,29.323418534277337,83.04287465292404,0.35696634018881307,201.6094526204338,958.580351838957,61.97299312833343,30.0,76,0.384,254.0,948.2,17,-0.9659258262890683,-0.25881904510252063,217,-0.5595892624101763,-0.828770087174504,223.0
node_4_0,2026-08-05 18:00:00,28.862995513632235,85.98817360597928,0.35593691752351087,97.67799320954875,958.714769534892,61.97299312833343,29.1,85,0.383,113.0,948.5,18,-1.0,-1.8369701987210297e-16,217,-0.5595892624101763,-0.828770087174504,223.0
node_4_0,2026-08-05 19:00:00,27.782555308428876,92.1641031408343,0.3545937766350768,11.286367699659463,959.5491872308269,61.97299312833343,27.5,90,0.384,15.0,949.2,19,-0.9659258262890684,0.2588190451025203,217,-0.5595892624101763,-0.828770087174504,223.0
node_4_0,2026-08-05 20:00:00,27.396437784348052,94.02631445255747,0.3535653900406895,0.0,960.4778240007927,61.97299312833343,26.8,93,0.383,0.0,950.1,20,-0.8660254037844386,0.5000000000000001,217,-0.5595892624101763,-0.828770087174504,223.0
node_4_0,2026-08-05 21:00:00,27.236118370794443,92.34314088843409,0.3532222491522554,0.0,961.1120344825447,61.97299312833343,26.3,93,0.383,0.0,950.9,21,-0.7071067811865477,0.7071067811865474,217,-0.5595892624101763,-0.828770087174504,223.0
node_4_0,2026-08-05 22:00:00,27.1333833184472,92.02942266530223,0.35222224915225536,0.0,961.2148731419834,61.97299312833343,25.9,93,0.383,0.0,951.0,22,-0.5000000000000004,0.8660254037844384,217,-0.5595892624101763,-0.828770087174504,223.0
node_4_0,2026-08-05 23:00:00,27.25959585734039,95.99896392908508,0.3463677199508932,0.0,960.7119308754532,61.97299312833343,26.2,98,0.383,0.0,950.3,23,-0.25881904510252157,0.9659258262890681,217,-0.5595892624101763,-0.828770087174504,223.0
node_4_0,2026-08-06 00:00:00,26.653814931371436,95.99896392908508,0.3569999071377751,0.0,960.3833977125787,61.97299312833343,25.2,97,0.383,0.0,950.0,0,0.0,1.0,218,-0.5737722679043243,-0.8190148866680802,223.0
node_4_0,2026-08-06 01:00:00,26.179302220624173,95.97057733469778,0.3693446905540825,0.0,960.2520258902655,61.97299312833343,24.7,98,0.385,0.0,950.0,1,0.25881904510252074,0.9659258262890683,218,-0.5737722679043243,-0.8190148866680802,223.0
node_4_0,2026-08-06 02:00:00,25.776463561185437,97.02735052347239,0.3748183676343889,0.0,960.2206540679524,61.97299312833343,24.6,98,0.384,0.0,949.6,2,0.49999999999999994,0.8660254037844387,218,-0.5737722679043243,-0.8190148866680802,223.0
node_4_0,2026-08-06 03:00:00,25.621925073600785,97.31371822313184,0.3792646941912229,0.0,960.1177118014223,61.97299312833343,24.5,99,0.384,0.0,949.6,3,0.7071067811865475,0.7071067811865476,218,-0.5737722679043243,-0.8190148866680802,223.0
node_4_0,2026-08-06 04:00:00,25.327498785386755,97.6842096350383,0.3809731461369888,0.0,960.352129497357,61.97299312833343,24.3,99,0.384,0.0,949.6,4,0.8660254037844386,0.5000000000000001,218,-0.5737722679043243,-0.8190148866680802,223.0
node_4_0,2026-08-06 05:00:00,25.601804281951033,97.36945534099152,0.3793131788126781,0.0,959.7806626602315,61.97299312833343,24.5,98,0.388,0.0,949.1,5,0.9659258262890683,0.25881904510252074,218,-0.5737722679043243,-0.8190148866680802,223.0
node_4_0,2026-08-06 06:00:00,25.493495517817827,97.34106874660422,0.38572534889786403,8.772477630945016,960.7121380896363,61.97299312833343,24.6,97,0.388,18.0,950.2,6,1.0,6.123233995736766e-17,218,-0.5737722679043243,-0.8190148866680802,223.0
node_4_0,2026-08-06 07:00:00,25.45603194826121,97.36945534099152,0.3918749639801616,41.32140033349286,961.4493944450098,61.97299312833343,25.2,92,0.388,84.0,950.9,7,0.9659258262890683,-0.25881904510252063,218,-0.5737722679043243,-0.8190148866680802,223.0
node_4_0,2026-08-06 08:00:00,25.518879199979068,94.65685911156592,0.3995318230917275,68.6315807299234,962.1780312149758,61.97299312833343,25.3,91,0.387,156.0,951.7,8,0.8660254037844387,-0.4999999999999998,218,-0.5737722679043243,-0.8190148866680802,223.0
node_4_0,2026-08-06 09:00:00,25.67331408047223,91.53770276548553,0.4032960121553531,129.1472061887362,962.7437171261322,61.97299312833343,25.5,89,0.387,143.0,952.4,9,0.7071067811865476,-0.7071067811865475,218,-0.5737722679043243,-0.8190148866680802,223.0
node_4_0,2026-08-06 10:00:00,25.892873875268872,93.45254298232362,0.40678462384242503,119.13718223131843,962.9122416967276,61.97299312833343,25.7,87,0.387,221.0,952.6,10,0.49999999999999994,-0.8660254037844387,218,-0.5737722679043243,-0.8190148866680802,223.0
node_4_0,2026-08-06 11:00:00,26.1469549730919,94.02631445255747,0.4050142183533099,142.27170279812083,962.7407748596022,61.97299312833343,25.2,92,0.406,221.0,952.9,11,0.258819045102521,-0.9659258262890682,218,-0.5737722679043243,-0.8190148866680802,223.0
node_4_0,2026-08-06 12:00:00,26.31326252679745,93.70948801668084,0.4057943780946159,161.94877778607614,962.6722502890068,61.97299312833343,24.7,97,0.418,192.0,952.9,12,1.2246467991473532e-16,-1.0,218,-0.5737722679043243,-0.8190148866680802,223.0
node_4_0,2026-08-06 13:00:00,26.516204793327674,91.99585571634029,0.4145368266033003,178.64186551112,962.0380398072549,61.97299312833343,24.8,98,0.431,177.0,952.2,13,-0.2588190451025208,-0.9659258262890683,218,-0.5737722679043243,-0.8190148866680802,223.0
node_4_0,2026-08-06 14:00:00,26.107377993737,92.99481964542537,0.42231802241552124,158.71668151940491,961.3750889484456,61.97299312833343,25.0,97,0.437,211.0,951.6,14,-0.4999999999999997,-0.8660254037844388,218,-0.5737722679043243,-0.8190148866680802,223.0
node_4_0,2026-08-06 15:00:00,26.284418542648517,92.30853786855721,0.4260383007553078,113.59631225940768,961.1037257184114,61.97299312833343,25.1,98,0.435,173.0,951.1,15,-0.7071067811865471,-0.7071067811865479,218,-0.5737722679043243,-0.8190148866680802,223.0
node_4_0,2026-08-06 16:00:00,26.14705858018339,94.36634712824676,0.42698256363744813,77.73685547442548,960.5694116295681,61.97299312833343,25.1,97,0.433,113.0,950.9,16,-0.8660254037844384,-0.5000000000000004,218,-0.5737722679043243,-0.8190148866680802,223.0
node_4_0,2026-08-06 17:00:00,26.524099129094907,92.96746912195299,0.4139924777983687,48.711989772467206,960.1667801843123,61.97299312833343,24.4,96,0.429,83.0,950.7,17,-0.9659258262890683,-0.25881904510252063,218,-0.5737722679043243,-0.8190148866680802,223.0
node_4_0,2026-08-06 18:00:00,26.22115686256469,94.33796053385944,0.41111267021536396,33.553243829209464,960.1639415248736,61.97299312833343,24.5,95,0.436,32.0,950.6,18,-1.0,-1.8369701987210297e-16,218,-0.5737722679043243,-0.8190148866680802,223.0
node_4_0,2026-08-06 19:00:00,25.94969002543914,95.0242423107276,0.41371172006724033,4.601121993706231,960.7639415248736,61.97299312833343,24.4,94,0.439,4.0,951.2,19,-0.9659258262890684,0.2588190451025203,218,-0.5737722679043243,-0.8190148866680802,223.0
node_4_0,2026-08-06 20:00:00,25.915479543687223,95.68213749320844,0.4113138781318615,0.0,961.298255613717,61.97299312833343,24.3,97,0.435,0.0,951.7,20,-0.8660254037844386,0.5000000000000001,218,-0.5737722679043243,-0.8190148866680802,223.0
node_4_0,2026-08-06 21:00:00,25.75252868487787,95.99792785817016,0.4076580550912105,0.0,961.9723538960983,61.97299312833343,24.3,98,0.436,0.0,952.1,21,-0.7071067811865477,0.7071067811865474,218,-0.5737722679043243,-0.8190148866680802,223.0
node_4_0,2026-08-06 22:00:00,25.584004114282543,96.0,0.4053443368680787,0.0,962.2723538960984,61.97299312833343,24.4,97,0.436,0.0,952.3,22,-0.5000000000000004,0.8660254037844384,218,-0.5737722679043243,-0.8190148866680802,223.0
node_4_0,2026-08-06 23:00:00,25.881269061935306,94.65789518248086,0.41029585224662346,0.0,962.1066679849417,61.97299312833343,24.9,95,0.432,0.0,952.2,23,-0.25881904510252157,0.9659258262890681,218,-0.5737722679043243,-0.8190148866680802,223.0
node_4_0,2026-08-07 00:00:00,25.49231287841575,93.9189845004978,0.4144784278209246,0.0,961.7009906660642,61.97299312833343,24.9,94,0.427,0.0,951.9,0,0.0,1.0,219,-0.5877852522924734,-0.8090169943749472,223.0
node_4_0,2026-08-07 01:00:00,25.352528684877868,94.26108931801694,0.41273640892619673,0.0,961.4009906660642,61.97299312833343,25.1,93,0.424,0.0,951.6,1,0.25881904510252074,0.9659258262890683,219,-0.5877852522924734,-0.8090169943749472,223.0
node_4_0,2026-08-07 02:00:00,25.281476276118294,93.91691235866794,0.4104490051556223,0.0,961.069618843751,61.97299312833343,25.3,90,0.421,0.0,951.2,2,0.49999999999999994,0.8660254037844387,219,-0.5877852522924734,-0.8090169943749472,223.0
node_4_0,2026-08-07 03:00:00,25.17884483086255,94.94426288214032,0.4077911099731415,0.0,960.9353047549075,61.97299312833343,25.0,91,0.418,0.0,951.1,3,0.7071067811865475,0.7071067811865476,219,-0.5877852522924734,-0.8090169943749472,223.0
node_4_0,2026-08-07 04:00:00,25.11042386735872,95.62950858809354,0.40553209279695446,0.0,960.998255613717,61.97299312833343,25.1,91,0.417,0.0,951.1,4,0.8660254037844386,0.5000000000000001,219,-0.5877852522924734,-0.8090169943749472,223.0
node_4_0,2026-08-07 05:00:00,25.642106510946384,96.97161340561271,0.4021379485970065,0.0,960.7751925555369,61.97299312833343,26.2,82,0.422,0.0,951.3,5,0.9659258262890683,0.25881904510252074,219,-0.5877852522924734,-0.8090169943749472,223.0
node_4_0,2026-08-07 06:00:00,25.849897239622123,95.31475429404676,0.3997958437794873,17.429336742510937,961.1380398072549,61.97299312833343,25.8,85,0.42,10.0,951.3,6,1.0,6.123233995736766e-17,219,-0.5877852522924734,-0.8090169943749472,223.0
node_4_0,2026-08-07 07:00:00,26.38999225443449,94.28325948691469,0.39779687985040224,69.92846904746179,961.6121380896362,61.97299312833343,26.4,86,0.417,99.0,951.6,7,0.9659258262890683,-0.25881904510252063,219,-0.5877852522924734,-0.8090169943749472,223.0
node_4_0,2026-08-07 08:00:00,26.879155652137026,92.68110142229352,0.39579687985040224,111.58456179333966,961.9435099119494,61.97299312833343,27.5,81,0.415,294.0,951.7,8,0.8660254037844387,-0.4999999999999998,219,-0.5877852522924734,-0.8090169943749472,223.0
node_4_0,2026-08-07 09:00:00,27.19917283669529,88.79361172892783,0.3948252664447896,159.894641274721,962.2722502890069,61.97299312833343,28.7,75,0.412,454.0,952.4,9,0.7071067811865476,-0.7071067811865475,219,-0.5877852522924734,-0.8090169943749472,223.0
node_4_0,2026-08-07 10:00:00,27.97074328091233,83.4483986986639,0.39251051215074284,279.7696560576994,962.3722502890068,61.97299312833343,28.7,74,0.409,402.0,952.5,10,0.49999999999999994,-0.8660254037844387,219,-0.5877852522924734,-0.8090169943749472,223.0
node_4_0,2026-08-07 11:00:00,29.498197411476202,75.99896392908508,0.39476849325601493,480.9344571365482,962.6035185042285,61.97299312833343,30.3,62,0.405,587.0,952.6,11,0.258819045102521,-0.9659258262890682,219,-0.5877852522924734,-0.8090169943749472,223.0
node_4_0,2026-08-07 12:00:00,28.275237960387717,84.51596221054432,0.3966570190202956,324.93118901507376,962.3433026977664,61.97299312833343,29.3,68,0.402,380.0,952.1,12,1.2246467991473532e-16,-1.0,219,-0.5877852522924734,-0.8090169943749472,223.0
node_4_0,2026-08-07 13:00:00,29.089742078855853,79.8276082918463,0.40281224407112426,393.1350760829047,961.903414897137,61.97299312833343,29.0,71,0.4,478.0,951.6,13,-0.2588190451025208,-0.9659258262890683,219,-0.5877852522924734,-0.8090169943749472,223.0
node_4_0,2026-08-07 14:00:00,28.952900151848187,82.53813237944205,0.4024943815643328,507.84695605887464,961.032258881286,61.97299312833343,27.9,80,0.398,220.0,950.9,14,-0.4999999999999997,-0.8660254037844388,219,-0.5877852522924734,-0.8090169943749472,223.0
node_4_0,2026-08-07 15:00:00,28.432615107411102,86.70948801668084,0.40895521311397576,377.8621015152259,960.5406712525107,61.97299312833343,27.7,83,0.397,145.0,950.3,15,-0.7071067811865471,-0.7071067811865479,219,-0.5877852522924734,-0.8090169943749472,223.0
node_4_0,2026-08-07 16:00:00,28.138188819197072,88.99689178725522,0.41118895190852034,256.59477883744717,960.0720430748238,61.97299312833343,27.7,84,0.396,165.0,950.0,16,-0.8660254037844384,-0.5000000000000004,219,-0.5877852522924734,-0.8090169943749472,223.0
node_4_0,2026-08-07 17:00:00,28.3461867620558,87.57066325748907,0.4019278625905034,179.56950045580462,960.1006798447897,61.97299312833343,27.3,86,0.411,115.0,950.2,17,-0.9659258262890683,-0.25881904510252063,219,-0.5877852522924734,-0.8090169943749472,223.0
node_4_0,2026-08-07 18:00:00,27.163572501358317,92.65478696973608,0.4158866304654527,67.39239187557732,960.2833977125787,61.97299312833343,27.0,91,0.409,46.0,950.1,18,-1.0,-1.8369701987210297e-16,219,-0.5877852522924734,-0.8090169943749472,223.0
node_4_0,2026-08-07 19:00:00,26.520846041290206,95.02735052347239,0.41245625765202687,6.424156387936292,960.6804554460484,61.97299312833343,26.5,91,0.408,9.0,950.4,19,-0.9659258262890684,0.2588190451025203,219,-0.5877852522924734,-0.8090169943749472,223.0
node_4_0,2026-08-07 20:00:00,26.25221786360339,94.02838659438731,0.409882486181793,0.0,961.2806626602315,61.97299312833343,26.3,91,0.407,0.0,950.9,20,-0.8660254037844386,0.5000000000000001,219,-0.5877852522924734,-0.8090169943749472,223.0
node_4_0,2026-08-07 21:00:00,26.018007381851476,92.97264947652764,0.4065940463403036,0.0,962.174985341354,61.97299312833343,26.4,88,0.406,0.0,951.6,21,-0.7071067811865477,0.7071067811865474,219,-0.5877852522924734,-0.8090169943749472,223.0
node_4_0,2026-08-07 22:00:00,25.926419753076175,92.54849308859134,0.40928697415661797,0.0,962.5323624883774,61.97299312833343,26.3,87,0.405,0.0,952.4,22,-0.5000000000000004,0.8660254037844384,219,-0.5877852522924734,-0.8090169943749472,223.0
node_4_0,2026-08-07 23:00:00,27.263883322632793,88.54642094676149,0.4182476373303952,0.0,962.10362211132,61.97299312833343,26.0,97,0.403,0.0,951.9,23,-0.25881904510252157,0.9659258262890681,219,-0.5877852522924734,-0.8090169943749472,223.0
node_4_0,2026-08-08 00:00:00,26.689888647342993,89.23166665271472,0.41221053255473195,0.0,962.2063571636672,61.97299312833343,26.0,97,0.403,0.0,952.0,0,0.0,1.0,220,-0.6016240632249227,-0.7987793728863648,223.0
node_4_0,2026-08-08 01:00:00,25.866825589163014,91.6315807299234,0.41432968890081234,0.0,961.7352011478163,61.97299312833343,26.0,97,0.402,0.0,951.7,1,0.25881904510252074,0.9659258262890683,220,-0.6016240632249227,-0.7987793728863648,223.0
node_4_0,2026-08-08 02:00:00,25.207127818158366,94.63054465900848,0.4174214947234203,0.0,961.4639415248736,61.97299312833343,25.7,96,0.402,0.0,951.5,2,0.49999999999999994,0.8660254037844387,220,-0.6016240632249227,-0.7987793728863648,223.0
node_4_0,2026-08-08 03:00:00,25.196084001677917,94.97264947652764,0.41298758408329317,0.0,961.069618843751,61.97299312833343,25.5,95,0.402,0.0,951.5,3,0.7071067811865475,0.7071067811865476,220,-0.6016240632249227,-0.7987793728863648,223.0
node_4_0,2026-08-08 04:00:00,25.0930381280562,93.60423020645104,0.41495876787494934,0.0,961.3124489109107,61.97299312833343,25.5,93,0.401,0.0,951.4,4,0.8660254037844386,0.5000000000000001,220,-0.6016240632249227,-0.7987793728863648,223.0
node_4_0,2026-08-08 05:00:00,26.13860324756304,90.91691235866794,0.39682096225240027,0.0,961.3833977125788,61.97299312833343,25.2,88,0.407,0.0,951.6,5,0.9659258262890683,0.25881904510252074,220,-0.6016240632249227,-0.7987793728863648,223.0
node_4_0,2026-08-08 06:00:00,26.080915279265177,91.94529895305524,0.39994115466939556,21.508280100183292,961.9545537284298,61.97299312833343,25.1,89,0.406,13.0,951.8,6,1.0,6.123233995736766e-17,220,-0.6016240632249227,-0.7987793728863648,223.0
node_4_0,2026-08-08 07:00:00,27.10269209095159,90.57584361206372,0.40020017184558265,120.60455002391029,962.5462449642966,61.97299312833343,27.1,84,0.405,107.0,952.2,7,0.9659258262890683,-0.25881904510252063,220,-0.6016240632249227,-0.7987793728863648,223.0
node_4_0,2026-08-08 08:00:00,27.704555325171235,86.09595010626774,0.40641217008518604,259.67155719106466,963.203414897137,61.97299312833343,28.7,73,0.403,326.0,953.6,8,0.8660254037844387,-0.4999999999999998,220,-0.6016240632249227,-0.7987793728863648,223.0
node_4_0,2026-08-08 09:00:00,28.290008245307448,83.69603602905904,0.40252364432090537,417.54739733341154,963.5433026977664,61.97299312833343,26.2,90,0.407,277.0,954.3,9,0.7071067811865476,-0.7071067811865475,220,-0.6016240632249227,-0.7987793728863648,223.0
node_4_0,2026-08-08 10:00:00,29.367817005255066,80.69396388722919,0.398320364262578,581.9078316099402,963.7830868913043,61.97299312833343,27.3,85,0.408,302.0,953.9,10,0.49999999999999994,-0.8660254037844387,220,-0.6016240632249227,-0.7987793728863648,223.0
node_4_0,2026-08-08 11:00:00,30.694176112635397,72.63822676936948,0.40095255144945974,748.3969827074659,963.8487728024609,61.97299312833343,29.6,75,0.408,776.0,954.2,11,0.258819045102521,-0.9659258262890682,220,-0.6016240632249227,-0.7987793728863648,223.0
node_4_0,2026-08-08 12:00:00,31.486739166629782,67.57480754114879,0.3966641116079705,786.359254540572,963.5858219436516,61.97299312833343,30.7,70,0.406,780.0,954.1,12,1.2246467991473532e-16,-1.0,220,-0.6016240632249227,-0.7987793728863648,223.0
node_4_0,2026-08-08 13:00:00,31.749793632530633,65.68628177686817,0.3920619535433493,780.912927983738,962.8487728024609,61.97299312833343,30.9,68,0.403,801.0,953.3,13,-0.2588190451025208,-0.9659258262890683,220,-0.6016240632249227,-0.7987793728863648,223.0
node_4_0,2026-08-08 14:00:00,31.84432352783616,65.65893125339579,0.3877745497727749,742.3458025529502,962.1515078548082,61.97299312833343,31.0,70,0.401,700.0,952.8,14,-0.4999999999999997,-0.8660254037844388,220,-0.6016240632249227,-0.7987793728863648,223.0
node_4_0,2026-08-08 15:00:00,31.638853423141683,66.71363230034055,0.3841450411846814,639.254266435569,961.5828796771214,61.97299312833343,30.6,72,0.398,582.0,952.5,15,-0.7071067811865471,-0.7071067811865479,220,-0.6016240632249227,-0.7987793728863648,223.0
node_4_0,2026-08-08 16:00:00,31.207481600828494,68.37049141190647,0.38180190029624733,467.07065479035293,961.0171937659646,61.97299312833343,29.9,75,0.397,445.0,951.6,16,-0.8660254037844384,-0.5000000000000004,220,-0.6016240632249227,-0.7987793728863648,223.0
node_4_0,2026-08-08 17:00:00,30.352735899060853,77.63054465900848,0.3814303728134259,273.875663299345,961.4460377501136,61.97299312833343,29.0,87,0.406,258.0,952.1,17,-0.9659258262890683,-0.25881904510252063,220,-0.6016240632249227,-0.7987793728863648,223.0
node_4_0,2026-08-08 18:00:00,29.407688815011483,84.31371822313186,0.3798008642253323,111.655823040651,961.9488764095524,61.97299312833343,27.6,97,0.406,111.0,952.1,18,-1.0,-1.8369701987210297e-16,220,-0.6016240632249227,-0.7987793728863648,223.0
node_4_0,2026-08-08 19:00:00,28.34768022273235,87.62847251717862,0.379513460454758,10.259017176187083,962.4311798489753,61.97299312833343,26.7,99,0.407,13.0,952.9,19,-0.9659258262890684,0.2588190451025203,220,-0.6016240632249227,-0.7987793728863648,223.0
node_4_0,2026-08-08 20:00:00,28.02157129093066,87.23166665271472,0.37854081097823034,0.0,963.2830868913043,61.97299312833343,25.9,94,0.407,0.0,953.1,20,-0.8660254037844386,0.5000000000000001,220,-0.6016240632249227,-0.7987793728863648,223.0
node_4_0,2026-08-08 21:00:00,27.721467683839165,87.5748075411488,0.3779113023901368,0.0,964.1831904983958,61.97299312833343,25.9,90,0.406,0.0,954.0,21,-0.7071067811865477,0.7071067811865474,220,-0.6016240632249227,-0.7987793728863648,223.0
node_4_0,2026-08-08 22:00:00,27.45578177268257,86.86117524080825,0.37759654809609,0.0,964.6490836237354,61.97299312833343,26.3,85,0.404,0.0,954.4,22,-0.5000000000000004,0.8660254037844384,220,-0.6016240632249227,-0.7987793728863648,223.0
node_4_0,2026-08-08 23:00:00,27.624409950369387,88.86013916989333,0.38097118379165623,0.0,964.3120344825447,61.97299312833343,26.8,87,0.403,0.0,954.3,23,-0.25881904510252157,0.9659258262890681,220,-0.6016240632249227,-0.7987793728863648,223.0
node_4_0,2026-08-09 00:00:00,27.155781772682573,89.23166665271472,0.3799985343151286,0.0,964.1147695348918,61.97299312833343,26.2,89,0.402,0.0,954.5,0,0.0,1.0,221,-0.6152845999633277,-0.7883050558305253,223.0
node_4_0,2026-08-09 01:00:00,26.853046720335332,89.57377147023385,0.379025884838601,0.0,963.5462449642966,61.97299312833343,26.2,88,0.401,0.0,953.9,1,0.25881904510252074,0.9659258262890683,221,-0.6152845999633277,-0.7883050558305253,223.0
node_4_0,2026-08-09 02:00:00,26.5502080608966,90.60215806462116,0.3783679896561202,0.0,963.6120344825447,61.97299312833343,26.0,88,0.4,0.0,953.7,2,0.49999999999999994,0.8660254037844387,221,-0.6152845999633277,-0.7883050558305253,223.0
node_4_0,2026-08-09 03:00:00,26.484314935557027,91.26108931801694,0.37839534017959253,0.0,963.5463485713882,61.97299312833343,25.8,88,0.399,0.0,953.6,3,0.7071067811865475,0.7071067811865476,221,-0.6152845999633277,-0.7883050558305253,223.0
node_4_0,2026-08-09 04:00:00,26.318421810217444,90.57687968297864,0.37773744499711165,0.0,963.7778240007929,61.97299312833343,25.2,90,0.398,0.0,953.7,4,0.8660254037844386,0.5000000000000001,221,-0.6152845999633277,-0.7883050558305253,223.0
node_4_0,2026-08-09 05:00:00,26.80124328509792,88.17592953485503,0.37673433678436685,0.0,963.814769534892,61.97299312833343,26.1,86,0.4,0.0,954.0,5,0.9659258262890683,0.25881904510252074,221,-0.6152845999633277,-0.7883050558305253,223.0
node_4_0,2026-08-09 06:00:00,26.895565966220456,88.54745701767641,0.376076441601886,20.452542982323603,964.1804554460485,61.97299312833343,26.3,86,0.399,17.0,954.3,6,1.0,6.123233995736766e-17,221,-0.6152845999633277,-0.7883050558305253,223.0
node_4_0,2026-08-09 07:00:00,27.627145002716624,87.88956183519556,0.3761027560544435,123.73062211466365,964.7489800166438,61.97299312833343,27.4,82,0.398,134.0,954.9,7,0.9659258262890683,-0.25881904510252063,221,-0.6152845999633277,-0.7883050558305253,223.0
node_4_0,2026-08-09 08:00:00,28.68736080917874,83.57480754114879,0.3747880017603967,299.72710122223464,965.017504587239,61.97299312833343,28.2,77,0.397,299.0,955.3,8,0.8660254037844387,-0.4999999999999998,221,-0.6152845999633277,-0.7883050558305253,223.0
node_4_0,2026-08-09 09:00:00,29.778741223771057,77.91794842958286,0.37313010657791584,478.01597067768046,965.1803518389571,61.97299312833343,29.4,72,0.395,493.0,955.5,9,0.7071067811865476,-0.7071067811865475,221,-0.6152845999633277,-0.7883050558305253,223.0
node_4_0,2026-08-09 10:00:00,30.575902564332324,73.28947591240426,0.3704732474663499,654.1693004296812,965.1776167866099,61.97299312833343,30.1,67,0.392,641.0,955.4,10,0.49999999999999994,-0.8660254037844387,221,-0.6152845999633277,-0.7883050558305253,223.0
node_4_0,2026-08-09 11:00:00,31.43601476370295,66.08515978316193,0.36858368563115435,756.3947337226341,964.780351838957,61.97299312833343,31.0,62,0.391,725.0,955.1,11,0.258819045102521,-0.9659258262890682,221,-0.6152845999633277,-0.7883050558305253,223.0
node_4_0,2026-08-09 12:00:00,31.739060637324663,65.05573711785969,0.36526893133710764,800.825283379062,964.2460377501136,61.97299312833343,31.4,61,0.388,824.0,954.6,12,1.2246467991473532e-16,-1.0,221,-0.6152845999633277,-0.7883050558305253,223.0
node_4_0,2026-08-09 13:00:00,31.90221871031701,64.39680586446391,0.3622952457896651,768.34671258368,963.5775131795183,61.97299312833343,32.0,58,0.385,832.0,954.0,13,-0.2588190451025208,-0.9659258262890683,221,-0.6152845999633277,-0.7883050558305253,223.0
node_4_0,2026-08-09 14:00:00,31.82548898267997,65.1367526173619,0.3596373506071842,686.687832133101,962.8117236612702,61.97299312833343,31.9,59,0.384,767.0,953.3,14,-0.4999999999999997,-0.8660254037844388,221,-0.6152845999633277,-0.7883050558305253,223.0
node_4_0,2026-08-09 15:00:00,31.725488982679966,66.1367526173619,0.35732259631313745,581.7259391111347,962.1829832842128,61.97299312833343,31.5,63,0.381,639.0,952.6,15,-0.7071067811865471,-0.7071067811865479,221,-0.6152845999633277,-0.7883050558305253,223.0
node_4_0,2026-08-09 16:00:00,31.7283276421187,65.79361172892783,0.3550078420190907,463.05307545334375,961.6144587136175,61.97299312833343,31.1,65,0.379,461.0,952.0,16,-0.8660254037844384,-0.5000000000000004,221,-0.6152845999633277,-0.7883050558305253,223.0
node_4_0,2026-08-09 17:00:00,30.634004960996158,76.42104817519152,0.3622616788407031,276.3574690382412,961.380351838957,61.97299312833343,30.5,70,0.401,281.0,951.6,17,-0.9659258262890683,-0.25881904510252063,221,-0.6152845999633277,-0.7883050558305253,223.0
node_4_0,2026-08-09 18:00:00,29.80536819103021,84.42104817519152,0.36194692454665633,106.86013916989332,961.4488764095522,61.97299312833343,29.2,87,0.399,107.0,951.5,18,-1.0,-1.8369701987210297e-16,221,-0.6152845999633277,-0.7883050558305253,223.0
node_4_0,2026-08-09 19:00:00,28.771054102186806,87.73476639832336,0.36129006543509046,9.944262882140311,961.9831904983957,61.97299312833343,28.2,89,0.398,12.0,952.0,19,-0.9659258262890684,0.2588190451025203,221,-0.6152845999633277,-0.7883050558305253,223.0
node_4_0,2026-08-09 20:00:00,28.23390135390467,88.73683854015322,0.36129006543509046,0.0,962.6860291578344,61.97299312833343,27.7,88,0.397,0.0,952.6,20,-0.8660254037844386,0.5000000000000001,221,-0.6152845999633277,-0.7883050558305253,223.0
node_4_0,2026-08-09 21:00:00,27.936740013343396,88.68213749320846,0.36063217025260963,0.0,963.5147695348919,61.97299312833343,27.0,90,0.396,0.0,953.4,21,-0.7071067811865477,0.7071067811865474,221,-0.6152845999633277,-0.7883050558305253,223.0
node_4_0,2026-08-09 22:00:00,27.70516097684723,88.65478696973608,0.36029006543509046,0.0,963.8777203937013,61.97299312833343,26.7,90,0.395,0.0,953.6,22,-0.5000000000000004,0.8660254037844384,221,-0.6152845999633277,-0.7883050558305253,223.0
node_4_0,2026-08-09 23:00:00,27.97368554744255,86.62536430443384,0.36094588847574144,0.0,963.5119308754532,61.97299312833343,26.9,88,0.395,0.0,953.2,23,-0.25881904510252157,0.9659258262890681,221,-0.6152845999633277,-0.7883050558305253,223.0
node_4_0,2026-08-10 00:00:00,27.32177850511364,87.97057733469778,0.36060378365822227,0.0,963.2435099119493,61.97299312833343,26.4,89,0.394,0.0,953.0,0,0.0,1.0,222,-0.6287628145958345,-0.7775971469736268,223.0
node_4_0,2026-08-10 01:00:00,26.941027478635803,86.63054465900848,0.360918537952269,0.0,962.7832941054874,61.97299312833343,26.6,86,0.394,0.0,952.7,1,0.25881904510252074,0.9659258262890683,222,-0.6287628145958345,-0.7775971469736268,223.0
node_4_0,2026-08-10 02:00:00,26.76966424860175,87.28947591240426,0.36060378365822227,0.0,962.6490836237354,61.97299312833343,26.5,82,0.393,0.0,952.8,2,0.49999999999999994,0.8660254037844387,222,-0.6287628145958345,-0.7775971469736268,223.0
node_4_0,2026-08-10 03:00:00,26.601139678006426,88.26108931801696,0.3612890293641755,0.0,962.2490836237353,61.97299312833343,26.4,80,0.392,0.0,952.2,3,0.7071067811865475,0.7071067811865476,222,-0.6287628145958345,-0.7775971469736268,223.0
node_4_0,2026-08-10 04:00:00,26.464297750998767,89.6031941355361,0.3612890293641755,0.0,962.4806626602315,61.97299312833343,25.9,83,0.391,0.0,952.2,4,0.8660254037844386,0.5000000000000001,222,-0.6287628145958345,-0.7775971469736268,223.0
node_4_0,2026-08-10 05:00:00,26.04421992074466,94.65478696973607,0.3724819487133536,0.0,962.2092994301975,61.97299312833343,24.4,100,0.385,0.0,952.3,5,0.9659258262890683,0.25881904510252074,222,-0.6287628145958345,-0.7775971469736268,223.0
node_4_0,2026-08-10 06:00:00,25.94484156329362,95.96954126378284,0.3799545897227451,16.42830067159601,962.8804554460485,61.97299312833343,24.5,99,0.415,7.0,952.9,6,1.0,6.123233995736766e-17,222,-0.6287628145958345,-0.7775971469736268,223.0
node_4_0,2026-08-10 07:00:00,26.20485015557275,92.0799794285873,0.3835283611929789,93.05679012304691,963.3751925555371,61.97299312833343,25.0,97,0.413,74.0,953.0,7,0.9659258262890683,-0.25881904510252063,222,-0.6287628145958345,-0.7775971469736268,223.0
node_4_0,2026-08-10 08:00:00,26.693391910726334,93.05366497602984,0.3903261172055665,204.65605887733335,963.6862363720174,61.97299312833343,25.5,96,0.411,209.0,953.3,8,0.8660254037844387,-0.4999999999999998,222,-0.6287628145958345,-0.7775971469736268,223.0
node_4_0,2026-08-10 09:00:00,27.154022145554418,91.73787461106815,0.39203974950590703,299.9315610165188,963.9463485713881,61.97299312833343,26.2,90,0.409,326.0,953.7,9,0.7071067811865476,-0.7071067811865475,222,-0.6287628145958345,-0.7775971469736268,223.0
node_4_0,2026-08-10 10:00:00,27.71336613388894,89.31268215221692,0.40443846760347113,460.18280322011987,963.98055905314,61.97299312833343,27.1,83,0.406,409.0,953.8,10,0.49999999999999994,-0.8660254037844387,222,-0.6287628145958345,-0.7775971469736268,223.0
node_4_0,2026-08-10 11:00:00,27.223641739333285,88.14547079863786,0.41258393840210894,509.91986871550733,964.0119308754531,61.97299312833343,25.7,93,0.411,412.0,953.8,11,0.258819045102521,-0.9659258262890682,222,-0.6287628145958345,-0.7775971469736268,223.0
node_4_0,2026-08-10 12:00:00,27.54417695934901,87.54227666310176,0.4086133610674112,342.87270611388175,963.6489800166438,61.97299312833343,25.1,96,0.42,123.0,953.7,12,1.2246467991473532e-16,-1.0,222,-0.6287628145958345,-0.7775971469736268,223.0
node_4_0,2026-08-10 13:00:00,28.392934520964708,82.85910309897838,0.403356416033054,459.8399482806005,963.2462449642966,61.97299312833343,26.2,92,0.417,304.0,953.3,13,-0.2588190451025208,-0.9659258262890683,222,-0.6287628145958345,-0.7775971469736268,223.0
node_4_0,2026-08-10 14:00:00,28.655574558499588,81.86117524080825,0.3990710844043095,387.76818968224353,962.2461413572051,61.97299312833343,26.9,86,0.414,280.0,952.6,14,-0.4999999999999997,-0.8660254037844388,222,-0.6287628145958345,-0.7775971469736268,223.0
node_4_0,2026-08-10 15:00:00,28.544323527836156,82.86117524080825,0.39741526136365846,317.8621774431786,961.8119308754533,61.97299312833343,27.1,82,0.411,250.0,952.1,15,-0.7071067811865471,-0.7071067811865479,222,-0.6287628145958345,-0.7775971469736268,223.0
node_4_0,2026-08-10 16:00:00,28.27569535014934,83.23166665271471,0.3970458060226669,234.26811416860272,961.3805590531399,61.97299312833343,27.3,80,0.408,165.0,951.6,16,-0.8660254037844384,-0.5000000000000004,222,-0.6287628145958345,-0.7775971469736268,223.0
node_4_0,2026-08-10 17:00:00,28.012287101578366,84.43287456921223,0.4255453848758466,94.86530259019568,961.443406304858,61.97299312833343,27.7,78,0.391,122.0,951.6,17,-0.9659258262890683,-0.25881904510252063,222,-0.6287628145958345,-0.7775971469736268,223.0
node_4_0,2026-08-10 18:00:00,27.467136410437497,89.54124059218684,0.41736945534099157,58.14650686955278,961.5408784666936,61.97299312833343,27.0,84,0.39,98.0,951.6,18,-1.0,-1.8369701987210297e-16,222,-0.6287628145958345,-0.7775971469736268,223.0
node_4_0,2026-08-10 19:00:00,26.961562698651527,92.91276807500822,0.414168247424494,4.942190740310453,962.0463485713882,61.97299312833343,26.1,87,0.389,11.0,951.8,19,-0.9659258262890684,0.2588190451025203,222,-0.6287628145958345,-0.7775971469736268,223.0
node_4_0,2026-08-10 20:00:00,26.924306343277898,91.88645362245077,0.410909230248307,0.0,962.7806626602314,61.97299312833343,25.8,86,0.388,0.0,952.6,20,-0.8660254037844386,0.5000000000000001,222,-0.6287628145958345,-0.7775971469736268,223.0
node_4_0,2026-08-10 21:00:00,26.784314935557024,92.23063058179977,0.4079365807717793,0.0,963.2778240007927,61.97299312833343,25.9,82,0.388,0.0,953.1,21,-0.7071067811865477,0.7071067811865474,222,-0.6287628145958345,-0.7775971469736268,223.0
node_4_0,2026-08-10 22:00:00,26.51568675787021,92.6031941355361,0.40565021307211985,0.0,963.3464521784796,61.97299312833343,25.7,81,0.387,0.0,953.1,22,-0.5000000000000004,0.8660254037844384,222,-0.6287628145958345,-0.7775971469736268,223.0
node_4_0,2026-08-10 23:00:00,26.77863761667956,91.63261680083835,0.40870595018997957,0.0,962.4121380896361,61.97299312833343,25.7,85,0.387,0.0,952.5,23,-0.25881904510252157,0.9659258262890681,222,-0.6287628145958345,-0.7775971469736268,223.0
node_4_0,2026-08-11 00:00:00,26.384211328465533,91.26316145984681,0.4057049141190647,0.0,962.351922283174,61.97299312833343,25.3,86,0.387,0.0,952.2,0,0.0,1.0,223,-0.6420547132365636,-0.7666588193001592,223.0
node_4_0,2026-08-11 01:00:00,26.249897239622126,90.20846041290204,0.404076441601886,0.0,962.2463485713881,61.97299312833343,25.3,85,0.386,0.0,952.0,1,0.25881904510252074,0.9659258262890683,223,-0.6420547132365636,-0.7666588193001592,223.0
node_4_0,2026-08-11 02:00:00,26.11842181021745,90.2105325547319,0.4041352869324905,0.0,962.314976749075,61.97299312833343,25.1,85,0.386,0.0,952.0,2,0.49999999999999994,0.8660254037844387,223,-0.6420547132365636,-0.7666588193001592,223.0
node_4_0,2026-08-11 03:00:00,25.987049987904264,91.23788307820428,0.4038499553037459,0.0,962.1148731419835,61.97299312833343,25.2,84,0.385,0.0,951.9,3,0.7071067811865475,0.7071067811865476,223,-0.6420547132365636,-0.7666588193001592,223.0
node_4_0,2026-08-11 04:00:00,25.855470951408094,92.23684700728936,0.4021920601212651,0.0,962.0806626602315,61.97299312833343,25.3,83,0.385,0.0,951.8,4,0.8660254037844386,0.5000000000000001,223,-0.6420547132365636,-0.7666588193001592,223.0
node_4_0,2026-08-11 05:00:00,25.66181287423016,93.34417695934903,0.4032100860065031,0.0,962.9519222831741,61.97299312833343,25.2,89,0.369,0.0,952.9,5,0.9659258262890683,0.25881904510252074,223,-0.6420547132365636,-0.7666588193001592,223.0
node_4_0,2026-08-11 06:00:00,25.601389853585065,93.00207214182987,0.4052699674080225,12.795683870757681,963.080766267323,61.97299312833343,25.2,89,0.37,14.0,953.0,6,1.0,6.123233995736766e-17,223,-0.6420547132365636,-0.7666588193001592,223.0
node_4_0,2026-08-11 07:00:00,26.138335387684215,92.28947591240426,0.40492889866141835,91.8487423898291,963.5148731419836,61.97299312833343,26.0,87,0.371,120.0,953.2,7,0.9659258262890683,-0.25881904510252063,223,-0.6420547132365636,-0.7666588193001592,223.0
node_4_0,2026-08-11 08:00:00,26.026980749929294,92.0557371178597,0.40729939007332483,183.4482387899343,964.0149767490749,61.97299312833343,26.7,84,0.371,291.0,954.1,8,0.8660254037844387,-0.4999999999999998,223,-0.6420547132365636,-0.7666588193001592,223.0
node_4_0,2026-08-11 09:00:00,26.8923558398114,89.37256355373633,0.41382010302448724,351.7573831154499,964.5178154085137,61.97299312833343,27.6,80,0.37,372.0,954.5,9,0.7071067811865476,-0.7071067811865475,223,-0.6420547132365636,-0.7666588193001592,223.0
node_4_0,2026-08-11 10:00:00,27.075945525727974,89.79775601258754,0.42000534026330427,418.5067724939431,964.6779276078843,61.97299312833343,28.3,78,0.369,490.0,954.5,10,0.49999999999999994,-0.8660254037844387,223,-0.6420547132365636,-0.7666588193001592,223.0
node_4_0,2026-08-11 11:00:00,26.74550616723823,90.21880418777906,0.4155842920881128,475.35486636740563,964.9204468537694,61.97299312833343,25.1,97,0.383,492.0,954.6,11,0.258819045102521,-0.9659258262890682,223,-0.6420547132365636,-0.7666588193001592,223.0
node_4_0,2026-08-11 12:00:00,26.84246029361651,90.56298114712806,0.41966219937487026,236.44535017018404,964.4833977125787,61.97299312833343,24.9,97,0.418,78.0,954.2,12,1.2246467991473532e-16,-1.0,223,-0.6420547132365636,-0.7666588193001592,223.0
node_4_0,2026-08-11 13:00:00,27.067593800199116,90.50724402926838,0.41691914440922745,268.28702495943475,963.614976749075,61.97299312833343,25.0,96,0.426,87.0,953.6,13,-0.2588190451025208,-0.9659258262890683,223,-0.6420547132365636,-0.7666588193001592,223.0
node_4_0,2026-08-11 14:00:00,27.376006171423818,90.76522513454051,0.41546556535598894,249.33629288085024,962.677824000793,61.97299312833343,25.0,97,0.433,60.0,952.6,14,-0.4999999999999997,-0.8660254037844388,223,-0.6420547132365636,-0.7666588193001592,223.0
node_4_0,2026-08-11 15:00:00,28.30170067485954,84.13778868827684,0.4124371787616016,386.59378551652486,961.7749853413541,61.97299312833343,26.3,91,0.426,342.0,952.2,15,-0.7071067811865471,-0.7071067811865479,223,-0.6420547132365636,-0.7666588193001592,223.0
node_4_0,2026-08-11 16:00:00,28.404850155572753,84.81889011057035,0.40977824750820585,292.19649104442396,961.0721466819152,61.97299312833343,27.1,86,0.419,352.0,951.4,16,-0.8660254037844384,-0.5000000000000004,223,-0.6420547132365636,-0.7666588193001592,223.0
node_4_0,2026-08-11 17:00:00,28.878430402496576,82.739946752898,0.41736634712824683,110.09621981149462,961.4721466819153,61.97299312833343,27.4,87,0.434,240.0,951.5,17,-0.9659258262890683,-0.25881904510252063,223,-0.6420547132365636,-0.7666588193001592,223.0
node_4_0,2026-08-11 18:00:00,28.002011496134017,89.10732995205967,0.4140799794285873,96.5433127340167,961.1722502890068,61.97299312833343,26.7,93,0.425,95.0,951.3,18,-1.0,-1.8369701987210297e-16,223,-0.6420547132365636,-0.7666588193001592,223.0
node_4_0,2026-08-11 19:00:00,27.03895703023317,93.0799794285873,0.4114504708404938,8.944262882140311,961.3325697025605,61.97299312833343,25.6,96,0.421,10.0,951.2,19,-0.9659258262890684,0.2588190451025203,223,-0.6420547132365636,-0.7666588193001592,223.0
node_4_0,2026-08-11 20:00:00,26.607274386645507,94.36841927007663,0.4094504708404938,0.0,962.1695152366597,61.97299312833343,25.4,94,0.418,0.0,952.1,20,-0.8660254037844386,0.5000000000000001,223,-0.6420547132365636,-0.7666588193001592,223.0
node_4_0,2026-08-11 21:00:00,26.44411631365317,94.34314088843409,0.4078209622524002,0.0,963.0092994301974,61.97299312833343,25.3,92,0.415,0.0,952.8,21,-0.7071067811865477,0.7071067811865474,223,-0.6420547132365636,-0.7666588193001592,223.0
node_4_0,2026-08-11 22:00:00,26.18095824066083,94.31786250679156,0.4061641031408343,0.0,963.4750889484455,61.97299312833343,25.1,89,0.413,0.0,953.2,22,-0.5000000000000004,0.8660254037844384,223,-0.6420547132365636,-0.7666588193001592,223.0
node_4_0,2026-08-11 23:00:00,26.5781195812221,92.63365287175327,0.405875663299345,0.0,963.1435099119494,61.97299312833343,25.8,87,0.416,0.0,953.1,23,-0.25881904510252157,0.9659258262890681,223,-0.6420547132365636,-0.7666588193001592,223.0
node_4_0,2026-08-12 00:00:00,26.00969861771827,93.29154805423411,0.40487566329934505,0.0,963.1723538960982,61.97299312833343,25.2,88,0.414,0.0,953.5,0,0.0,1.0,224,-0.655156357209085,-0.7554933140726804,223.0
node_4_0,2026-08-12 01:00:00,25.612640884248492,94.92105664232767,0.4032188041877791,0.0,963.3696188437511,61.97299312833343,24.8,88,0.412,0.0,953.3,1,0.25881904510252074,0.9659258262890683,224,-0.655156357209085,-0.7554933140726804,223.0
node_4_0,2026-08-12 02:00:00,25.412537277157,95.23684700728936,0.40221880418777906,0.0,963.1723538960982,61.97299312833343,24.3,88,0.411,0.0,953.0,2,0.49999999999999994,0.8660254037844387,224,-0.655156357209085,-0.7554933140726804,223.0
node_4_0,2026-08-12 03:00:00,25.315375936595732,94.89474218977021,0.40087669937025994,0.0,962.9010942731556,61.97299312833343,24.1,88,0.409,0.0,952.9,3,0.7071067811865475,0.7071067811865476,224,-0.655156357209085,-0.7554933140726804,223.0
node_4_0,2026-08-12 04:00:00,25.152425077786376,94.55160130133613,0.39987669937026,0.0,962.7983592208085,61.97299312833343,23.8,88,0.408,0.0,952.7,4,0.8660254037844386,0.5000000000000001,224,-0.655156357209085,-0.7554933140726804,223.0
node_4_0,2026-08-12 05:00:00,25.892002057141276,93.52425077786374,0.3964767852930513,0.0,962.8380398072549,61.97299312833343,24.6,88,0.41,0.0,952.9,5,0.9659258262890683,0.25881904510252074,224,-0.655156357209085,-0.7554933140726804,223.0
node_4_0,2026-08-12 06:00:00,26.19473710948851,93.52321470694882,0.3954767852930512,20.452542982323603,963.2695152366596,61.97299312833343,24.3,90,0.408,18.0,953.0,6,1.0,6.123233995736766e-17,224,-0.655156357209085,-0.7554933140726804,223.0
node_4_0,2026-08-12 07:00:00,27.52337387945446,89.57791575389356,0.39447678529305125,145.7817853349071,963.5323624883774,61.97299312833343,26.7,89,0.407,141.0,953.8,7,0.9659258262890683,-0.25881904510252063,224,-0.655156357209085,-0.7554933140726804,223.0
node_4_0,2026-08-12 08:00:00,28.954849308859135,84.6031941355361,0.39281992618148537,333.89015135788173,963.9694116295681,61.97299312833343,27.9,84,0.405,319.0,954.3,8,0.8660254037844387,-0.4999999999999998,224,-0.655156357209085,-0.7554933140726804,223.0
node_4_0,2026-08-12 09:00:00,30.123477486545955,78.65685911156594,0.39047782136396614,526.5470104694477,964.10362211132,61.97299312833343,29.4,79,0.403,512.0,954.2,9,0.7071067811865476,-0.7071067811865475,224,-0.655156357209085,-0.7554933140726804,223.0
node_4_0,2026-08-12 10:00:00,31.120846041290207,74.68420963503831,0.3874778213639662,681.5687510243889,964.037832593072,61.97299312833343,30.6,75,0.399,679.0,954.1,10,0.49999999999999994,-0.8660254037844387,224,-0.655156357209085,-0.7554933140726804,223.0
node_4_0,2026-08-12 11:00:00,32.15263229196937,70.34106874660422,0.38347678529305124,796.2142302901628,963.574778127171,61.97299312833343,31.8,70,0.395,797.0,953.6,11,0.258819045102521,-0.9659258262890682,224,-0.655156357209085,-0.7554933140726804,223.0
node_4_0,2026-08-12 12:00:00,32.570639673820835,68.7641890636256,0.38050413581652365,830.7735475704046,963.3775131795182,61.97299312833343,32.2,69,0.392,840.0,953.2,12,1.2246467991473532e-16,-1.0,224,-0.655156357209085,-0.7554933140726804,223.0
node_4_0,2026-08-12 13:00:00,32.97327111907658,67.42312031702137,0.37784624063404276,820.8922573682562,962.4774095724267,61.97299312833343,32.6,67,0.388,812.0,952.7,13,-0.2588190451025208,-0.9659258262890683,224,-0.655156357209085,-0.7554933140726804,223.0
node_4_0,2026-08-12 14:00:00,33.17610977851531,66.73891068198307,0.3748735911575151,766.1728213221104,962.0802482318655,61.97299312833343,32.7,65,0.385,750.0,952.2,14,-0.4999999999999997,-0.8660254037844388,224,-0.655156357209085,-0.7554933140726804,223.0
node_4_0,2026-08-12 15:00:00,33.20485015557275,66.08205157041715,0.3725578007925535,625.5381662479867,961.7431990906749,61.97299312833343,32.5,67,0.383,625.0,951.7,15,-0.7071067811865471,-0.7071067811865479,224,-0.655156357209085,-0.7554933140726804,223.0
node_4_0,2026-08-12 16:00:00,32.562745338053595,69.47678529305121,0.37089990561007263,453.84670411654383,961.2486691953693,61.97299312833343,32.0,70,0.381,461.0,951.3,16,-0.8660254037844384,-0.5000000000000004,224,-0.655156357209085,-0.7554933140726804,223.0
node_4_0,2026-08-12 17:00:00,32.268422656931065,71.21673204594919,0.3635882595287706,268.1718021854676,961.3802482318654,61.97299312833343,31.6,73,0.382,285.0,951.5,17,-0.9659258262890683,-0.25881904510252063,224,-0.655156357209085,-0.7554933140726804,223.0
node_4_0,2026-08-12 18:00:00,30.917387432729747,81.07022517639643,0.364614573981328,102.69914424180382,962.1117236612702,61.97299312833343,30.4,80,0.381,115.0,952.0,18,-1.0,-1.8369701987210297e-16,224,-0.655156357209085,-0.7554933140726804,223.0
node_4_0,2026-08-12 19:00:00,29.822961144515716,84.61664612315789,0.3652998196872813,7.944262882140311,962.8487728024609,61.97299312833343,28.8,85,0.381,11.0,952.9,19,-0.9659258262890684,0.2588190451025203,224,-0.655156357209085,-0.7554933140726804,223.0
node_4_0,2026-08-12 20:00:00,29.322961144515716,84.24615471125144,0.3652998196872813,0.0,963.6118272683616,61.97299312833343,27.9,89,0.381,0.0,953.7,20,-0.8660254037844386,0.5000000000000001,224,-0.655156357209085,-0.7554933140726804,223.0
node_4_0,2026-08-12 21:00:00,28.95717162626763,84.58825952877058,0.3656429605757153,0.0,964.4119308754532,61.97299312833343,27.2,92,0.381,0.0,954.5,21,-0.7071067811865477,0.7071067811865474,224,-0.655156357209085,-0.7554933140726804,223.0
node_4_0,2026-08-12 22:00:00,28.599690872152753,85.56194507621314,0.3659850653932345,0.0,964.8119308754532,61.97299312833343,26.7,92,0.381,0.0,954.7,22,-0.5000000000000004,0.8660254037844384,224,-0.655156357209085,-0.7554933140726804,223.0
node_4_0,2026-08-12 23:00:00,28.913469740980435,82.85142098861738,0.36069869769357504,0.0,964.5804554460485,61.97299312833343,28.0,85,0.381,0.0,954.7,23,-0.25881904510252157,0.9659258262890681,224,-0.655156357209085,-0.7554933140726804,223.0
node_4_0,2026-08-13 00:00:00,28.582201525758745,83.85038491770246,0.36069869769357504,0.0,964.7091958231059,61.97299312833343,27.8,84,0.381,0.0,954.9,0,0.0,1.0,225,-0.6680638642135333,-0.7441039398713608,223.0
node_4_0,2026-08-13 01:00:00,28.219250666949392,86.13778868827683,0.3613839433995283,0.0,964.1804554460485,61.97299312833343,27.1,86,0.381,0.0,954.4,1,0.25881904510252074,0.9659258262890683,225,-0.6680638642135333,-0.7441039398713608,223.0
node_4_0,2026-08-13 02:00:00,27.719147059857896,89.08205157041715,0.3613839433995283,0.0,963.5748817342626,61.97299312833343,25.9,92,0.381,0.0,953.8,2,0.49999999999999994,0.8660254037844387,225,-0.6680638642135333,-0.7441039398713608,223.0
node_4_0,2026-08-13 03:00:00,27.484625756831505,91.68524570595324,0.3620691891054815,0.0,963.4007834518814,61.97299312833343,25.1,94,0.381,0.0,953.4,3,0.7071067811865475,0.7071067811865476,225,-0.6680638642135333,-0.7441039398713608,223.0
node_4_0,2026-08-13 04:00:00,27.213366133888943,93.00000000000001,0.3620691891054815,0.0,963.2406712525105,61.97299312833343,24.7,94,0.381,0.0,953.3,4,0.8660254037844386,0.5000000000000001,225,-0.6680638642135333,-0.7441039398713608,223.0
node_4_0,2026-08-13 05:00:00,27.95000084671362,89.31786250679157,0.35783855852368174,0.0,962.9747781271711,61.97299312833343,26.6,90,0.381,0.0,953.3,5,0.9659258262890683,0.25881904510252074,225,-0.6680638642135333,-0.7441039398713608,223.0
node_4_0,2026-08-13 06:00:00,28.087049987904265,89.97472161835748,0.3584964537061626,19.452542982323603,963.4063571636673,61.97299312833343,27.1,89,0.381,16.0,953.6,6,1.0,6.123233995736766e-17,225,-0.6680638642135333,-0.7441039398713608,223.0
node_4_0,2026-08-13 07:00:00,29.19252009259874,87.28843984148934,0.3584964537061626,140.15227674681358,963.6062535565757,61.97299312833343,28.8,80,0.38,116.0,953.7,7,0.9659258262890683,-0.25881904510252063,225,-0.6680638642135333,-0.7441039398713608,223.0
node_4_0,2026-08-13 08:00:00,30.298197411476202,80.54849308859134,0.3578112080002094,323.77203108271624,963.6404640383278,61.97299312833343,29.7,75,0.379,287.0,953.8,8,0.8660254037844387,-0.4999999999999998,225,-0.6680638642135333,-0.7441039398713608,223.0
node_4_0,2026-08-13 09:00:00,31.23545376684983,74.1748934639401,0.3564691031826902,504.68644168559786,963.4720430748239,61.97299312833343,30.7,71,0.377,515.0,953.4,9,0.7071067811865476,-0.7071067811865475,225,-0.6680638642135333,-0.7441039398713608,223.0
node_4_0,2026-08-13 10:00:00,31.9327187145026,69.51699828145924,0.3544691031826902,645.9877270577506,963.7719394677324,61.97299312833343,31.2,71,0.375,671.0,953.8,10,0.49999999999999994,-0.8660254037844387,225,-0.6680638642135333,-0.7441039398713608,223.0
node_4_0,2026-08-13 11:00:00,32.29210566423277,68.86428345355304,0.35372915642979225,740.0319074868164,964.1377289859804,61.97299312833343,32.4,61,0.372,795.0,954.4,11,0.258819045102521,-0.9659258262890682,225,-0.6680638642135333,-0.7441039398713608,223.0
node_4_0,2026-08-13 12:00:00,32.586635559538294,68.29154805423411,0.35307333338914126,785.1079364090183,963.5718358606409,61.97299312833343,32.9,58,0.369,802.0,953.9,12,1.2246467991473532e-16,-1.0,225,-0.6680638642135333,-0.7441039398713608,223.0
node_4_0,2026-08-13 13:00:00,32.78178709739277,66.28533162874453,0.3517848935476519,811.1862733097321,962.6404640383275,61.97299312833343,32.7,57,0.368,786.0,953.1,13,-0.2588190451025208,-0.9659258262890683,225,-0.6680638642135333,-0.7441039398713608,223.0
node_4_0,2026-08-13 14:00:00,32.39927644378679,68.395769793549,0.35012803443608603,700.1639262978324,962.1718358606408,61.97299312833343,32.3,63,0.366,747.0,952.5,14,-0.4999999999999997,-0.8660254037844388,225,-0.6680638642135333,-0.7441039398713608,223.0
node_4_0,2026-08-13 15:00:00,31.79293452096471,72.62743644626369,0.3501301065779159,556.3051599505856,961.7404640383277,61.97299312833343,31.8,65,0.364,608.0,951.7,15,-0.7071067811865471,-0.7071067811865479,225,-0.6680638642135333,-0.7441039398713608,223.0
node_4_0,2026-08-13 16:00:00,31.344219920744663,74.68524570595324,0.3511595292432181,387.88616698295164,961.2118272683616,61.97299312833343,31.6,69,0.362,463.0,951.2,16,-0.8660254037844384,-0.5000000000000004,225,-0.6680638642135333,-0.7441039398713608,223.0
node_4_0,2026-08-13 17:00:00,31.59917283669529,75.76936941820024,0.3453468555581373,250.61959442717307,961.1774095724269,61.97299312833343,30.8,75,0.376,292.0,951.3,17,-0.9659258262890683,-0.25881904510252063,225,-0.6680638642135333,-0.7441039398713608,223.0
node_4_0,2026-08-13 18:00:00,30.024970947222506,83.74305496564278,0.3456889603756565,102.60008592279131,961.1775131795183,61.97299312833343,29.8,86,0.375,107.0,951.4,18,-1.0,-1.8369701987210297e-16,225,-0.6680638642135333,-0.7441039398713608,223.0
node_4_0,2026-08-13 19:00:00,29.05928503606591,86.3999140772087,0.3460310651931756,7.629508588093541,961.9119308754532,61.97299312833343,28.8,87,0.375,10.0,951.6,19,-0.9659258262890684,0.2588190451025203,225,-0.6680638642135333,-0.7441039398713608,223.0
node_4_0,2026-08-13 20:00:00,28.727809606661236,87.08515978316194,0.3463731700106948,0.0,962.6435099119494,61.97299312833343,28.2,89,0.375,0.0,952.4,20,-0.8660254037844386,0.5000000000000001,225,-0.6680638642135333,-0.7441039398713608,223.0
node_4_0,2026-08-13 21:00:00,28.43085548028295,87.39887800629377,0.3463731700106948,0.0,963.174985341354,61.97299312833343,27.5,91,0.375,0.0,952.9,21,-0.7071067811865477,0.7071067811865474,225,-0.6680638642135333,-0.7441039398713608,223.0
node_4_0,2026-08-13 22:00:00,28.19643778434805,87.3999140772087,0.34671527482821396,0.0,963.0091958231059,61.97299312833343,27.5,88,0.375,0.0,953.1,22,-0.5000000000000004,0.8660254037844384,225,-0.6680638642135333,-0.7441039398713608,223.0
node_4_0,2026-08-13 23:00:00,28.738749816050188,84.97575768927241,0.3402059586571157,0.0,962.4748817342627,61.97299312833343,27.6,86,0.368,0.0,952.5,23,-0.25881904510252157,0.9659258262890681,225,-0.6680638642135333,-0.7441039398713608,223.0
node_4_0,2026-08-14 00:00:00,28.09886201542081,87.66203946614058,0.34089120436306897,0.0,962.2090922160145,61.97299312833343,27.0,88,0.368,0.0,952.3,0,0.0,1.0,226,-0.680773409477016,-0.732494071613579,223.0
node_4_0,2026-08-14 01:00:00,27.667593800199118,89.31889857770649,0.3412333091805881,0.0,962.1434063048579,61.97299312833343,26.4,89,0.368,0.0,952.0,1,0.25881904510252074,0.9659258262890683,226,-0.680773409477016,-0.732494071613579,223.0
node_4_0,2026-08-14 02:00:00,27.47327111907658,90.29051198331919,0.341890168292154,0.0,962.074985341354,61.97299312833343,25.9,90,0.369,0.0,952.0,2,0.49999999999999994,0.8660254037844387,226,-0.680773409477016,-0.732494071613579,223.0
node_4_0,2026-08-14 03:00:00,27.310320260267225,90.92002057141273,0.3422322731096732,0.0,961.8091958231059,61.97299312833343,25.8,88,0.369,0.0,951.8,3,0.7071067811865475,0.7071067811865476,226,-0.680773409477016,-0.732494071613579,223.0
node_4_0,2026-08-14 04:00:00,27.075902564332328,91.92105664232766,0.3425743779271923,0.0,961.9148731419834,61.97299312833343,25.5,89,0.369,0.0,951.6,4,0.8660254037844386,0.5000000000000001,226,-0.680773409477016,-0.732494071613579,223.0
node_4_0,2026-08-14 05:00:00,26.47687798955141,95.34210481751916,0.3427214912537035,0.0,961.9862363720174,61.97299312833343,26.5,91,0.364,0.0,951.5,5,0.9659258262890683,0.25881904510252074,226,-0.680773409477016,-0.732494071613579,223.0
node_4_0,2026-08-14 06:00:00,26.55644637662718,95.0557371178597,0.34649396888464856,11.054701046944762,962.346555785571,61.97299312833343,26.3,93,0.365,15.0,952.1,6,1.0,6.123233995736766e-17,226,-0.680773409477016,-0.732494071613579,223.0
node_4_0,2026-08-14 07:00:00,26.597368554744257,94.34314088843409,0.3586817248135242,78.15995885717457,963.2094030372889,61.97299312833343,27.8,89,0.365,117.0,952.1,7,0.9659258262890683,-0.25881904510252063,226,-0.680773409477016,-0.732494071613579,223.0
node_4_0,2026-08-14 08:00:00,27.115375936595733,90.63261680083833,0.3640598983357917,180.74694647834792,963.8121380896362,61.97299312833343,28.6,88,0.365,253.0,952.9,8,0.8660254037844387,-0.4999999999999998,226,-0.680773409477016,-0.732494071613579,223.0
node_4_0,2026-08-14 09:00:00,27.359492250248895,90.08205157041715,0.36782719561216215,308.9198098598663,964.5462449642966,61.97299312833343,27.1,92,0.378,471.0,953.8,9,0.7071067811865476,-0.7071067811865475,226,-0.680773409477016,-0.732494071613579,223.0
node_4_0,2026-08-14 10:00:00,28.056653590810164,87.45254298232362,0.36788293273002176,363.86992729062877,964.6176081943306,61.97299312833343,26.8,94,0.396,456.0,954.3,10,0.49999999999999994,-0.8660254037844387,226,-0.680773409477016,-0.732494071613579,223.0
node_4_0,2026-08-14 11:00:00,28.899423012273925,81.34417695934903,0.37525446021284314,443.72496203390017,965.1888678172731,61.97299312833343,27.3,90,0.402,533.0,954.8,11,0.258819045102521,-0.9659258262890682,226,-0.680773409477016,-0.732494071613579,223.0
node_4_0,2026-08-14 12:00:00,28.891632283598184,81.7115601585107,0.37325342414192825,374.844329091527,965.2889714243647,61.97299312833343,28.0,88,0.405,637.0,954.9,12,1.2246467991473532e-16,-1.0,226,-0.680773409477016,-0.732494071613579,223.0
node_4_0,2026-08-14 13:00:00,28.999837440639894,82.34106874660424,0.3741672282878514,446.44565305337096,964.8231819061166,61.97299312833343,29.8,81,0.402,624.0,954.3,13,-0.2588190451025208,-0.9659258262890683,226,-0.680773409477016,-0.732494071613579,223.0
node_4_0,2026-08-14 14:00:00,27.5923735241116,85.14339865680799,0.38858811655431325,397.41427609556035,964.6721466819154,61.97299312833343,28.8,84,0.402,572.0,953.9,14,-0.4999999999999997,-0.8660254037844388,226,-0.680773409477016,-0.732494071613579,223.0
node_4_0,2026-08-14 15:00:00,27.495004969367336,86.46022509268462,0.3878744842539727,271.89352039440536,963.9091958231061,61.97299312833343,28.0,87,0.401,406.0,953.9,15,-0.7071067811865471,-0.7071067811865479,226,-0.680773409477016,-0.732494071613579,223.0
node_4_0,2026-08-14 16:00:00,27.64092387154431,86.83175257550602,0.38432806330721125,214.11951003208424,962.9778240007927,61.97299312833343,27.4,91,0.403,268.0,953.3,16,-0.8660254037844384,-0.5000000000000004,226,-0.680773409477016,-0.732494071613579,223.0
node_4_0,2026-08-14 17:00:00,27.878844830862548,85.85806702806346,0.37803565602506417,155.40923871544308,962.7722502890069,61.97299312833343,27.7,87,0.404,117.0,953.2,17,-0.9659258262890683,-0.25881904510252063,226,-0.680773409477016,-0.732494071613579,223.0
node_4_0,2026-08-14 18:00:00,27.155885379774062,88.59697771004653,0.38962479171602,71.56401721804299,962.7954169542784,61.97299312833343,26.8,91,0.402,92.0,952.7,18,-1.0,-1.8369701987210297e-16,226,-0.680773409477016,-0.732494071613579,223.0
node_4_0,2026-08-14 19:00:00,26.476109778515312,93.99689178725522,0.3864204755867777,5.028386594387309,962.9037257184115,61.97299312833343,25.8,97,0.401,9.0,952.6,19,-0.9659258262890684,0.2588190451025203,226,-0.680773409477016,-0.732494071613579,223.0
node_4_0,2026-08-14 20:00:00,26.207585207919987,95.31268215221692,0.38355930034596947,0.0,963.5094030372888,61.97299312833343,25.4,99,0.4,0.0,953.3,20,-0.8660254037844386,0.5000000000000001,226,-0.680773409477016,-0.732494071613579,223.0
node_4_0,2026-08-14 21:00:00,26.139060637324665,96.28429555782961,0.3809844928048206,0.0,964.003829325503,61.97299312833343,25.3,98,0.399,0.0,954.1,21,-0.7071067811865477,0.7071067811865474,226,-0.680773409477016,-0.732494071613579,223.0
node_4_0,2026-08-14 22:00:00,26.07043245963785,96.60008592279132,0.3793823347401995,0.0,964.369618843751,61.97299312833343,25.4,97,0.398,0.0,954.5,22,-0.5000000000000004,0.8660254037844384,226,-0.680773409477016,-0.732494071613579,223.0
node_4_0,2026-08-14 23:00:00,26.67316751198509,94.31268215221692,0.37772547562863357,0.0,964.0408784666936,61.97299312833343,25.9,97,0.393,0.0,954.1,23,-0.25881904510252157,0.9659258262890681,226,-0.680773409477016,-0.732494071613579,223.0
node_4_0,2026-08-15 00:00:00,26.24148486839742,94.99896392908508,0.3764380718580592,0.0,963.6009906660643,61.97299312833343,25.4,96,0.394,0.0,953.9,0,0.0,1.0,227,-0.6932812268869771,-0.7206671495538615,223.0
node_4_0,2026-08-15 01:00:00,25.94442713492765,95.31371822313184,0.37515066808748476,0.0,963.4298346502133,61.97299312833343,25.1,96,0.403,0.0,953.7,1,0.25881904510252074,0.9659258262890683,227,-0.6932812268869771,-0.7206671495538615,223.0
node_4_0,2026-08-15 02:00:00,25.524202736186403,96.60112199370624,0.37764031584547164,0.0,963.438247021438,61.97299312833343,24.5,99,0.405,0.0,953.4,2,0.49999999999999994,0.8660254037844387,227,-0.6932812268869771,-0.7206671495538615,223.0
node_4_0,2026-08-15 03:00:00,25.10387473035366,95.97264947652762,0.3857955408963004,0.0,963.4956241684613,61.97299312833343,24.3,100,0.403,0.0,953.3,3,0.7071067811865475,0.7071067811865476,227,-0.6932812268869771,-0.7206671495538615,223.0
node_4_0,2026-08-15 04:00:00,24.857998789572346,94.97264947652764,0.3865375597910282,0.0,963.8410856808766,61.97299312833343,24.2,100,0.402,0.0,953.3,4,0.8660254037844386,0.5000000000000001,227,-0.6932812268869771,-0.7206671495538615,223.0
node_4_0,2026-08-15 05:00:00,25.758620432121305,94.68628177686817,0.3833027849255687,0.0,963.3955205613697,61.97299312833343,25.4,94,0.391,0.0,953.5,5,0.9659258262890683,0.25881904510252074,227,-0.6932812268869771,-0.7206671495538615,223.0
node_4_0,2026-08-15 06:00:00,25.792312878415757,93.00103607091495,0.38301641722590923,15.850384917702442,964.0410856808767,61.97299312833343,25.6,95,0.393,12.0,953.9,6,1.0,6.123233995736766e-17,227,-0.6932812268869771,-0.7206671495538615,223.0
node_4_0,2026-08-15 07:00:00,25.648550347432717,94.0314948071321,0.3878487762583737,90.6188612394451,964.9123453038192,61.97299312833343,24.3,99,0.423,70.0,954.5,7,0.9659258262890683,-0.25881904510252063,227,-0.6932812268869771,-0.7206671495538615,223.0
node_4_0,2026-08-15 08:00:00,25.78054381229486,92.65996732431071,0.3933632727840465,145.48557871169538,965.1779276078844,61.97299312833343,24.9,96,0.423,172.0,955.0,8,0.8660254037844387,-0.4999999999999998,227,-0.6932812268869771,-0.7206671495538615,223.0
node_4_0,2026-08-15 09:00:00,27.077144156003015,89.54745701767641,0.3930485184899998,323.03761767981223,965.3066679849417,61.97299312833343,25.7,96,0.419,259.0,955.1,9,0.7071067811865476,-0.7071067811865475,227,-0.6932812268869771,-0.7206671495538615,223.0
node_4_0,2026-08-15 10:00:00,28.094072505543902,86.51699828145925,0.3897327281250381,472.68650804151804,965.2695152366596,61.97299312833343,26.4,90,0.415,244.0,955.2,10,0.49999999999999994,-0.8660254037844387,227,-0.6932812268869771,-0.7206671495538615,223.0
node_4_0,2026-08-15 11:00:00,29.080500850899206,83.20431612924233,0.38715895665480415,616.9245937784445,965.1666765772209,61.97299312833343,26.6,93,0.412,353.0,955.3,11,0.258819045102521,-0.9659258262890682,227,-0.6932812268869771,-0.7206671495538615,223.0
node_4_0,2026-08-15 12:00:00,29.306920603975378,82.91691235866793,0.3858978673367873,532.0730717367386,964.3266851695,61.97299312833343,26.7,92,0.411,213.0,954.5,12,1.2246467991473532e-16,-1.0,227,-0.6932812268869771,-0.7206671495538615,223.0
node_4_0,2026-08-15 13:00:00,30.112079887395375,78.86428345355304,0.38292418178934484,646.2447892508447,963.6665729701294,61.97299312833343,27.7,87,0.408,371.0,953.6,13,-0.2588190451025208,-0.9659258262890683,227,-0.6932812268869771,-0.7206671495538615,223.0
node_4_0,2026-08-15 14:00:00,30.303667516170677,75.14857901138264,0.3796083914243831,570.210102250191,962.5665729701293,61.97299312833343,27.5,88,0.406,240.0,952.6,14,-0.4999999999999997,-0.8660254037844388,227,-0.6932812268869771,-0.7206671495538615,223.0
node_4_0,2026-08-15 15:00:00,30.426834181442146,74.8874896933657,0.376265250535949,549.1032357806324,961.5665729701294,61.97299312833343,28.2,85,0.404,363.0,951.5,15,-0.7071067811865471,-0.7071067811865479,227,-0.6932812268869771,-0.7206671495538615,223.0
node_4_0,2026-08-15 16:00:00,30.281476276118294,75.62847251717862,0.3736073553534681,434.39282148953384,960.7694116295681,61.97299312833343,28.6,84,0.401,338.0,950.7,16,-0.8660254037844384,-0.5000000000000004,227,-0.6932812268869771,-0.7206671495538615,223.0
node_4_0,2026-08-15 17:00:00,30.59422076745828,77.81889011057035,0.36271882958918755,277.94011859848064,960.5405676454193,61.97299312833343,29.6,75,0.385,199.0,950.2,17,-0.9659258262890683,-0.25881904510252063,227,-0.6932812268869771,-0.7206671495538615,223.0
node_4_0,2026-08-15 18:00:00,29.49969087215275,85.47574922213627,0.3617461801126599,95.00871818127595,960.9090922160144,61.97299312833343,28.3,82,0.384,113.0,950.2,18,-1.0,-1.8369701987210297e-16,227,-0.6932812268869771,-0.7206671495538615,223.0
node_4_0,2026-08-15 19:00:00,28.505057369755736,88.07894335767236,0.3614030392242258,6.28740377057439,961.6119308754531,61.97299312833343,27.4,85,0.384,9.0,950.9,19,-0.9659258262890684,0.2588190451025203,227,-0.6932812268869771,-0.7206671495538615,223.0
node_4_0,2026-08-15 20:00:00,28.010734688633196,90.36634712824676,0.36074514404174496,0.0,962.3462449642966,61.97299312833343,26.9,88,0.383,0.0,951.9,20,-0.8660254037844386,0.5000000000000001,227,-0.6932812268869771,-0.7206671495538615,223.0
node_4_0,2026-08-15 21:00:00,27.57652420688128,91.65271482790621,0.36077249456521737,0.0,962.974985341354,61.97299312833343,26.4,89,0.383,0.0,952.4,21,-0.7071067811865477,0.7071067811865474,227,-0.6932812268869771,-0.7206671495538615,223.0
node_4_0,2026-08-15 22:00:00,27.17662781397277,92.62432823351891,0.3604293536767833,0.0,962.974985341354,61.97299312833343,26.0,91,0.382,0.0,952.7,22,-0.5000000000000004,0.8660254037844384,227,-0.6932812268869771,-0.7206671495538615,223.0
node_4_0,2026-08-15 23:00:00,27.79958726506126,89.42519245885123,0.3528029533014345,0.0,962.4350975407247,61.97299312833343,26.1,89,0.379,0.0,952.0,23,-0.25881904510252157,0.9659258262890681,227,-0.6932812268869771,-0.7206671495538615,223.0
node_4_0,2026-08-16 00:00:00,26.973478333259568,90.7683333472853,0.3528029533014345,0.0,962.3094030372888,61.97299312833343,25.5,90,0.378,0.0,951.8,0,0.0,1.0,228,-0.7055836101071774,-0.70862667826446,223.0
node_4_0,2026-08-16 01:00:00,26.33916424441616,93.11147423571938,0.3531450581189537,0.0,961.7751925555372,61.97299312833343,25.3,89,0.378,0.0,951.2,1,0.25881904510252074,0.9659258262890683,228,-0.7055836101071774,-0.70862667826446,223.0
node_4_0,2026-08-16 02:00:00,25.904953762664242,94.11147423571938,0.3534871629364728,0.0,961.2724575031898,61.97299312833343,25.0,89,0.378,0.0,950.5,2,0.49999999999999994,0.8660254037844387,228,-0.7055836101071774,-0.70862667826446,223.0
node_4_0,2026-08-16 03:00:00,25.63906063732467,95.42726460068108,0.3534871629364728,0.0,960.9437171261322,61.97299312833343,24.5,93,0.378,0.0,950.2,3,0.7071067811865475,0.7071067811865476,228,-0.7055836101071774,-0.70862667826446,223.0
node_4_0,2026-08-16 04:00:00,25.504746548481258,95.71466837125548,0.3528292677539919,0.0,961.175192555537,61.97299312833343,24.3,96,0.378,0.0,950.9,4,0.8660254037844386,0.5000000000000001,228,-0.7055836101071774,-0.70862667826446,223.0
node_4_0,2026-08-16 05:00:00,26.256342769535685,95.79671994167262,0.34410380905963067,0.0,960.7436135190409,61.97299312833343,25.9,89,0.368,0.0,950.2,5,0.9659258262890683,0.25881904510252074,228,-0.7055836101071774,-0.70862667826446,223.0
node_4_0,2026-08-16 06:00:00,26.20443572720678,95.45357905323854,0.34630708911795804,16.397841935378842,961.6436135190409,61.97299312833343,25.8,90,0.368,16.0,951.2,6,1.0,6.123233995736766e-17,228,-0.7055836101071774,-0.70862667826446,223.0
node_4_0,2026-08-16 07:00:00,26.844427134927646,94.08308764133207,0.3479082111116643,120.57541399810721,962.1065643778502,61.97299312833343,27.1,86,0.368,126.0,951.4,7,0.9659258262890683,-0.25881904510252063,228,-0.7055836101071774,-0.70862667826446,223.0
node_4_0,2026-08-16 08:00:00,27.815790364961703,89.31268215221692,0.3513705083461788,272.8509744403886,962.5722502890067,61.97299312833343,28.6,80,0.367,307.0,951.9,8,0.8660254037844387,-0.4999999999999998,228,-0.7055836101071774,-0.70862667826446,223.0
node_4_0,2026-08-16 09:00:00,28.66697215765016,84.28222341599975,0.35380191723051957,452.2855505311546,962.6464521784796,61.97299312833343,28.4,81,0.368,502.0,952.1,9,0.7071067811865476,-0.7071067811865475,228,-0.7055836101071774,-0.70862667826446,223.0
node_4_0,2026-08-16 10:00:00,28.755308392047986,84.50517188743851,0.3644711922587924,566.5208227476597,962.4806626602315,61.97299312833343,29.1,79,0.371,600.0,952.0,10,0.49999999999999994,-0.8660254037844387,228,-0.7055836101071774,-0.70862667826446,223.0
node_4_0,2026-08-16 11:00:00,29.59813845920759,84.21569597503427,0.3736858521629117,682.387565897591,962.4778240007927,61.97299312833343,30.0,81,0.374,713.0,952.3,11,0.258819045102521,-0.9659258262890682,228,-0.7055836101071774,-0.70862667826446,223.0
node_4_0,2026-08-16 12:00:00,30.56635220852843,80.27246916380888,0.37513321479066064,757.0048015434351,962.2175045872392,61.97299312833343,30.7,73,0.373,725.0,951.6,12,1.2246467991473532e-16,-1.0,228,-0.7055836101071774,-0.70862667826446,223.0
node_4_0,2026-08-16 13:00:00,30.15056353699396,80.32717021075364,0.3871584762380309,714.7508386816376,961.78055905314,61.97299312833343,31.8,66,0.371,707.0,951.3,13,-0.2588190451025208,-0.9659258262890683,228,-0.7055836101071774,-0.70862667826446,223.0
node_4_0,2026-08-16 14:00:00,30.048242913012693,80.69558948083025,0.3885795244132224,529.4623066685077,960.980351838957,61.97299312833343,32.1,63,0.368,763.0,950.5,14,-0.4999999999999997,-0.8660254037844388,228,-0.7055836101071774,-0.70862667826446,223.0
node_4_0,2026-08-16 15:00:00,29.33218468817217,85.44278873013275,0.38658574083871194,471.6619893539082,960.620343246678,61.97299312833343,31.6,64,0.365,598.0,950.1,15,-0.7071067811865471,-0.7071067811865479,228,-0.7055836101071774,-0.70862667826446,223.0
node_4_0,2026-08-16 16:00:00,28.53440170506194,87.44382480104767,0.3890496806010998,358.3873972454527,960.5547609426128,61.97299312833343,30.9,67,0.363,432.0,949.9,16,-0.8660254037844384,-0.5000000000000004,228,-0.7055836101071774,-0.70862667826446,223.0
node_4_0,2026-08-16 17:00:00,29.286473000178184,83.55883686346834,0.37141751034849024,161.85549822577246,960.7202396395863,61.97299312833343,29.8,80,0.343,283.0,950.2,17,-0.9659258262890683,-0.25881904510252063,228,-0.7055836101071774,-0.70862667826446,223.0
node_4_0,2026-08-16 18:00:00,28.19762042375012,88.55987293438328,0.3704175103484903,85.98447587054837,960.814769534892,61.97299312833343,29.0,78,0.343,101.0,950.2,18,-1.0,-1.8369701987210297e-16,228,-0.7055836101071774,-0.70862667826446,223.0
node_4_0,2026-08-16 19:00:00,26.61995823228965,91.96185915342181,0.3927185598839606,5.944262882140311,961.8578068162344,61.97299312833343,28.2,78,0.344,8.0,950.9,19,-0.9659258262890684,0.2588190451025203,228,-0.7055836101071774,-0.70862667826446,223.0
node_4_0,2026-08-16 20:00:00,26.35721458766328,93.96289522433676,0.3988955085554583,0.0,962.6575996020515,61.97299312833343,27.4,82,0.344,0.0,951.9,20,-0.8660254037844386,0.5000000000000001,228,-0.7055836101071774,-0.70862667826446,223.0
node_4_0,2026-08-16 21:00:00,26.26836201123522,94.19456187705146,0.39615038144798564,0.0,963.0123453038191,61.97299312833343,26.3,89,0.345,0.0,952.2,21,-0.7071067811865477,0.7071067811865474,228,-0.7055836101071774,-0.70862667826446,223.0
node_4_0,2026-08-16 22:00:00,25.90845702604758,95.79568387075767,0.39511992271176843,0.0,963.352129497357,61.97299312833343,25.8,96,0.345,0.0,952.9,22,-0.5000000000000004,0.8660254037844384,228,-0.7055836101071774,-0.70862667826446,223.0
node_4_0,2026-08-16 23:00:00,26.379509434807154,90.70387804814968,0.3954371787616016,0.0,962.3751925555371,61.97299312833343,26.8,89,0.336,0.0,952.1,23,-0.25881904510252157,0.9659258262890681,228,-0.7055836101071774,-0.70862667826446,223.0
node_4_0,2026-08-17 00:00:00,25.92192507360079,93.53873883640046,0.3933824777146569,0.0,962.346555785571,61.97299312833343,26.0,95,0.337,0.0,951.9,0,0.0,1.0,229,-0.7176769136759615,-0.6963762255968726,223.0
node_4_0,2026-08-17 01:00:00,25.753504110096955,95.824070465145,0.3916961959377887,0.0,961.9463485713882,61.97299312833343,25.3,97,0.338,0.0,951.4,1,0.25881904510252074,0.9659258262890683,229,-0.7176769136759615,-0.6963762255968726,223.0
node_4_0,2026-08-17 02:00:00,25.656135555352705,96.48196564762586,0.38966884541431634,0.0,961.4806626602315,61.97299312833343,24.6,97,0.338,0.0,951.0,2,0.49999999999999994,0.8660254037844387,229,-0.7176769136759615,-0.6963762255968726,223.0
node_4_0,2026-08-17 03:00:00,25.55350411009696,95.51035224201317,0.3882993900733248,0.0,961.3464521784795,61.97299312833343,24.4,99,0.343,0.0,951.4,3,0.7071067811865475,0.7071067811865476,229,-0.7176769136759615,-0.6963762255968726,223.0
node_4_0,2026-08-17 04:00:00,25.458870607699943,95.14089690102162,0.3866141443673716,0.0,961.2464521784797,61.97299312833343,24.5,99,0.344,0.0,950.8,4,0.8660254037844386,0.5000000000000001,229,-0.7176769136759615,-0.6963762255968726,223.0
node_4_0,2026-08-17 05:00:00,25.472960297802096,94.76626120545544,0.3744670479751327,0.0,961.738039807255,61.97299312833343,25.9,84,0.345,0.0,951.0,5,0.9659258262890683,0.25881904510252074,229,-0.7176769136759615,-0.6963762255968726,223.0
node_4_0,2026-08-17 06:00:00,25.26094105610257,94.76626120545544,0.3797610977851531,12.115618519379096,962.5038293255029,61.97299312833343,25.7,84,0.345,15.0,951.3,6,1.0,6.123233995736766e-17,229,-0.7176769136759615,-0.6963762255968726,223.0
node_4_0,2026-08-17 07:00:00,25.437256355373634,95.36841927007661,0.38522650323241237,108.4485755416658,962.9643559532395,61.97299312833343,26.0,88,0.346,123.0,952.1,7,0.9659258262890683,-0.25881904510252063,229,-0.7176769136759615,-0.6963762255968726,223.0
node_4_0,2026-08-17 08:00:00,25.755367344316596,94.70948801668084,0.3928255530842887,242.4231203170214,963.2698260579341,61.97299312833343,26.6,86,0.345,263.0,952.6,8,0.8660254037844387,-0.4999999999999998,229,-0.7176769136759615,-0.6963762255968726,223.0
node_4_0,2026-08-17 09:00:00,26.584625756831503,91.33588839202957,0.3944529895305524,373.5626185796762,963.3806626602316,61.97299312833343,28.0,78,0.344,494.0,952.8,9,0.7071067811865476,-0.7071067811865475,229,-0.7176769136759615,-0.6963762255968726,223.0
node_4_0,2026-08-17 10:00:00,28.020329699259975,86.49999153286387,0.3932729157120377,574.7080900688986,963.8437171261324,61.97299312833343,29.2,73,0.343,658.0,953.2,10,0.49999999999999994,-0.8660254037844387,229,-0.7176769136759615,-0.6963762255968726,223.0
node_4_0,2026-08-17 11:00:00,29.819811663802504,78.16306706991936,0.3879591974889059,713.1977378268855,963.7749853413541,61.97299312833343,29.5,74,0.343,764.0,953.3,11,0.258819045102521,-0.9659258262890682,229,-0.7176769136759615,-0.6963762255968726,223.0
node_4_0,2026-08-17 12:00:00,30.619708056711016,75.16617528266416,0.3836717937183315,769.7008375724942,963.2119308754533,61.97299312833343,30.5,73,0.341,800.0,952.8,12,1.2246467991473532e-16,-1.0,229,-0.7176769136759615,-0.6963762255968726,223.0
node_4_0,2026-08-17 13:00:00,30.954022145554426,74.8524570595323,0.3800696356537103,737.8314327580467,962.7434063048579,61.97299312833343,30.9,71,0.339,765.0,952.3,13,-0.2588190451025208,-0.9659258262890683,229,-0.7176769136759615,-0.6963762255968726,223.0
node_4_0,2026-08-17 14:00:00,30.880027470264622,75.50931617109823,0.37952321470694883,585.0476342749903,961.9719394677325,61.97299312833343,30.7,72,0.338,687.0,951.8,14,-0.4999999999999997,-0.8660254037844388,229,-0.7176769136759615,-0.6963762255968726,223.0
node_4_0,2026-08-17 15:00:00,30.746024202695693,75.21984025869398,0.3782641975307618,507.038680257032,961.4406712525107,61.97299312833343,27.7,87,0.368,551.0,951.5,15,-0.7071067811865471,-0.7071067811865479,229,-0.7176769136759615,-0.6963762255968726,223.0
node_4_0,2026-08-17 16:00:00,29.495921442317815,79.24201042759172,0.3817662612054555,368.1818092086131,961.0488764095523,61.97299312833343,27.5,91,0.385,338.0,950.9,16,-0.8660254037844384,-0.5000000000000004,229,-0.7176769136759615,-0.6963762255968726,223.0
node_4_0,2026-08-17 17:00:00,28.67238331007602,85.07022517639642,0.41163381278048294,167.0374083494347,961.246348571388,61.97299312833343,28.5,91,0.386,190.0,950.9,17,-0.9659258262890683,-0.25881904510252063,229,-0.7176769136759615,-0.6963762255968726,223.0
node_4_0,2026-08-17 18:00:00,27.996895174109675,89.61768219407283,0.4065202664029336,82.58352572242472,961.5463485713881,61.97299312833343,27.1,89,0.386,83.0,951.2,18,-1.0,-1.8369701987210297e-16,229,-0.7176769136759615,-0.6963762255968726,223.0
node_4_0,2026-08-17 19:00:00,27.134462350757783,90.53666669457061,0.4031477028491973,5.28740377057439,962.3436135190407,61.97299312833343,26.6,90,0.385,7.0,951.6,19,-0.9659258262890684,0.2588190451025203,229,-0.7176769136759615,-0.6963762255968726,223.0
node_4_0,2026-08-17 20:00:00,26.934565957849273,91.90612203556213,0.4052266462068697,0.0,963.1492908379184,61.97299312833343,25.9,93,0.384,0.0,952.4,20,-0.8660254037844386,0.5000000000000001,229,-0.7176769136759615,-0.6963762255968726,223.0
node_4_0,2026-08-17 21:00:00,25.658620432121303,95.74098282381294,0.41802009802706785,0.0,963.9984628279001,61.97299312833343,25.5,95,0.383,0.0,953.0,21,-0.7071067811865477,0.7071067811865474,229,-0.7176769136759615,-0.6963762255968726,223.0
node_4_0,2026-08-17 22:00:00,25.421364076747672,96.02735052347239,0.4193085378685572,0.0,964.17539976972,61.97299312833343,25.0,99,0.382,0.0,953.7,22,-0.5000000000000004,0.8660254037844384,229,-0.7176769136759615,-0.6963762255968726,223.0
node_4_0,2026-08-17 23:00:00,26.22414209049056,93.03045873621717,0.41878843137435323,0.0,963.6037257184115,61.97299312833343,25.9,95,0.373,0.0,953.1,23,-0.25881904510252157,0.9659258262890681,229,-0.7176769136759615,-0.6963762255968726,223.0
node_4_0,2026-08-18 00:00:00,25.627498785386756,94.74098282381293,0.4144736770803064,0.0,963.6436135190409,61.97299312833343,25.3,94,0.372,0.0,953.0,0,0.0,1.0,230,-0.7295575540864876,-0.6839194216246105,223.0
node_4_0,2026-08-18 01:00:00,25.32770599956974,96.1114742357194,0.4132399382857619,0.0,963.2381434143464,61.97299312833343,25.0,95,0.372,0.0,952.8,1,0.25881904510252074,0.9659258262890683,230,-0.7295575540864876,-0.6839194216246105,223.0
node_4_0,2026-08-18 02:00:00,25.064651533668894,96.1114742357194,0.410583079174196,0.0,963.009403037289,61.97299312833343,24.8,97,0.372,0.0,952.3,2,0.49999999999999994,0.8660254037844387,230,-0.7295575540864876,-0.6839194216246105,223.0
node_4_0,2026-08-18 03:00:00,24.727498785386757,95.79568387075767,0.4086135379104131,0.0,962.7438207332239,61.97299312833343,24.8,96,0.372,0.0,952.0,3,0.7071067811865475,0.7071067811865476,230,-0.7295575540864876,-0.6839194216246105,223.0
node_4_0,2026-08-18 04:00:00,24.52486734013101,95.79568387075767,0.40629981968728135,0.0,963.2235963344826,61.97299312833343,24.7,94,0.371,0.0,951.8,4,0.8660254037844386,0.5000000000000001,230,-0.7295575540864876,-0.6839194216246105,223.0
node_4_0,2026-08-18 05:00:00,24.896230570165063,96.45357905323854,0.4128959381694147,0.0,962.7094030372889,61.97299312833343,24.6,98,0.386,0.0,952.2,5,0.9659258262890683,0.25881904510252074,230,-0.7295575540864876,-0.6839194216246105,223.0
node_4_0,2026-08-18 06:00:00,24.85928503606591,96.4525429823236,0.4173484811517384,7.544348804931613,963.343820733224,61.97299312833343,24.6,97,0.385,15.0,952.5,6,1.0,6.123233995736766e-17,230,-0.7295575540864876,-0.6839194216246105,223.0
node_4_0,2026-08-18 07:00:00,25.276877989551412,96.11043816480445,0.4177411427325426,48.275864016052836,963.5381434143465,61.97299312833343,25.6,96,0.384,131.0,952.6,7,0.9659258262890683,-0.25881904510252063,230,-0.7295575540864876,-0.6839194216246105,223.0
node_4_0,2026-08-18 08:00:00,26.228888638971814,93.50620795835344,0.41571068399632544,149.96839608695512,964.27539976972,61.97299312833343,27.1,90,0.383,318.0,953.2,8,0.8660254037844387,-0.4999999999999998,230,-0.7295575540864876,-0.6839194216246105,223.0
node_4_0,2026-08-18 09:00:00,27.017948429582866,89.61561005224297,0.4140517527429296,244.78924923344258,964.7493944450098,61.97299312833343,28.9,81,0.381,509.0,953.7,9,0.7071067811865476,-0.7071067811865475,230,-0.7295575540864876,-0.6839194216246105,223.0
node_4_0,2026-08-18 10:00:00,27.60427316784667,88.69973376448996,0.41173492630705305,346.29697367948427,965.0835013196702,61.97299312833343,30.2,75,0.378,662.0,953.9,10,0.49999999999999994,-0.8660254037844387,230,-0.7295575540864876,-0.6839194216246105,223.0
node_4_0,2026-08-18 11:00:00,27.790287084836002,85.81120800020933,0.41073803451979785,397.1739935577879,965.5521294973571,61.97299312833343,29.8,72,0.381,687.0,954.8,11,0.258819045102521,-0.9659258262890682,230,-0.7295575540864876,-0.6839194216246105,223.0
node_4_0,2026-08-18 12:00:00,28.1870339970313,83.75754302417951,0.40808117540823186,457.5188102900948,965.0521294973571,61.97299312833343,29.5,75,0.38,599.0,954.5,12,1.2246467991473532e-16,-1.0,230,-0.7295575540864876,-0.6839194216246105,223.0
node_4_0,2026-08-18 13:00:00,28.792918530091747,82.04287465292404,0.40408117540823185,515.9274004891713,964.586339979109,61.97299312833343,30.4,72,0.379,623.0,954.3,13,-0.2588190451025208,-0.9659258262890683,230,-0.7295575540864876,-0.6839194216246105,223.0
node_4_0,2026-08-18 14:00:00,28.755869388901104,81.75547088234964,0.4017653850432702,452.23609826645816,963.851922283174,61.97299312833343,30.1,74,0.377,639.0,953.5,14,-0.4999999999999997,-0.8660254037844388,230,-0.7295575540864876,-0.6839194216246105,223.0
node_4_0,2026-08-18 15:00:00,28.97217609589304,80.67445538284744,0.3997916994958276,465.13957488119206,963.1547609426127,61.97299312833343,28.3,82,0.38,533.0,952.6,15,-0.7071067811865471,-0.7071067811865479,230,-0.7295575540864876,-0.6839194216246105,223.0
node_4_0,2026-08-18 16:00:00,28.342978329073976,82.50517188743851,0.3977633129014403,332.0909635289673,962.7463485713881,61.97299312833343,25.3,96,0.408,224.0,953.1,16,-0.8660254037844384,-0.5000000000000004,230,-0.7295575540864876,-0.6839194216246105,223.0
node_4_0,2026-08-18 17:00:00,28.5290958531548,84.98713753506435,0.3972554624152135,192.69767855693237,962.9120344825446,61.97299312833343,25.5,97,0.427,165.0,953.4,17,-0.9659258262890683,-0.25881904510252063,230,-0.7295575540864876,-0.6839194216246105,223.0
node_4_0,2026-08-18 18:00:00,27.730855480282948,89.73891068198307,0.39622914796265607,62.754881359663514,963.5065643778503,61.97299312833343,25.7,97,0.427,40.0,953.1,18,-1.0,-1.8369701987210297e-16,230,-0.7295575540864876,-0.6839194216246105,223.0
node_4_0,2026-08-18 19:00:00,27.141795689671902,91.39887800629378,0.395230184033571,3.60215806462116,964.2464521784796,61.97299312833343,25.3,97,0.422,6.0,953.7,19,-0.9659258262890684,0.2588190451025203,230,-0.7295575540864876,-0.6839194216246105,223.0
node_4_0,2026-08-18 20:00:00,26.741795689671903,92.77040548911518,0.3945733249220051,0.0,964.7122416967277,61.97299312833343,25.0,98,0.418,0.0,954.3,20,-0.8660254037844386,0.5000000000000001,230,-0.7295575540864876,-0.6839194216246105,223.0
node_4_0,2026-08-18 21:00:00,26.439060637324665,93.77040548911516,0.39357436099292004,0.0,965.2408784666936,61.97299312833343,25.1,96,0.414,0.0,955.0,21,-0.7071067811865477,0.7071067811865474,230,-0.7295575540864876,-0.6839194216246105,223.0
node_4_0,2026-08-18 22:00:00,26.244634349110633,93.42830067159602,0.3922322561754009,0.0,965.3065643778502,61.97299312833343,24.8,96,0.412,0.0,955.1,22,-0.5000000000000004,0.8660254037844384,230,-0.7295575540864876,-0.6839194216246105,223.0
node_4_0,2026-08-18 23:00:00,26.33632558497743,95.68524570595324,0.3888313060272773,0.0,964.9408784666936,61.97299312833343,24.5,97,0.409,0.0,954.8,23,-0.25881904510252157,0.9659258262890681,230,-0.7295575540864876,-0.6839194216246105,223.0
node_2_5,2026-08-01 00:00:00,25.64565943843798,89.98601131425326,0.410242141251319,0.0,931.4917217890086,53.405877864536855,22.3,100,0.498,0.0,888.8,0,0.0,1.0,213,-0.5012418134457756,-0.8653072543632061,247.0
node_2_5,2026-08-01 01:00:00,25.674879567903186,88.26336317182754,0.4092421412513191,0.0,931.4063318537411,53.405877864536855,22.4,99,0.497,0.0,888.7,1,0.25881904510252074,0.9659258262890683,213,-0.5012418134457756,-0.8653072543632061,247.0
node_2_5,2026-08-01 02:00:00,24.961851355233996,89.39977889006187,0.42947203754699115,0.0,931.2917217890085,53.405877864536855,22.0,98,0.503,0.0,888.8,2,0.49999999999999994,0.8660254037844387,213,-0.5012418134457756,-0.8653072543632061,247.0
node_2_5,2026-08-01 03:00:00,24.690113825012553,88.97632638516156,0.42562685403985256,0.0,931.2489353296305,53.405877864536855,21.5,99,0.516,0.0,888.5,3,0.7071067811865475,0.7071067811865476,213,-0.5012418134457756,-0.8653072543632061,247.0
node_2_5,2026-08-01 04:00:00,24.43201786661455,90.69811377625626,0.4264816141438576,0.0,931.0063318537409,53.405877864536855,21.3,99,0.517,0.0,888.3,4,0.8660254037844386,0.5000000000000001,213,-0.5012418134457756,-0.8653072543632061,247.0
node_2_5,2026-08-01 05:00:00,24.17216790588694,96.99386640845762,0.413648806152029,0.0,931.1338948892324,53.405877864536855,21.6,99,0.487,0.0,888.7,5,0.9659258262890683,0.25881904510252074,213,-0.5012418134457756,-0.8653072543632061,247.0
node_2_5,2026-08-01 06:00:00,24.515040440398103,96.710380959341,0.4199184112476242,19.733193822848417,931.1478915948107,53.405877864536855,21.4,99,0.513,17.0,888.9,6,1.0,6.123233995736766e-17,213,-0.5012418134457756,-0.8653072543632061,247.0
node_2_5,2026-08-01 07:00:00,25.488531972949147,95.4234525049003,0.4200636511436192,136.91770918986532,931.3201564090533,53.405877864536855,22.0,99,0.515,86.0,888.8,7,0.9659258262890683,-0.25881904510252063,213,-0.5012418134457756,-0.8653072543632061,247.0
node_2_5,2026-08-01 08:00:00,26.94610064732602,88.55470371514856,0.4186401986387189,310.13049879114254,931.8918078641416,53.405877864536855,23.8,91,0.511,307.0,889.6,8,0.8660254037844387,-0.4999999999999998,213,-0.5012418134457756,-0.8653072543632061,247.0
node_2_5,2026-08-01 09:00:00,28.3003443005324,77.99128415446461,0.41607150623782363,507.4422866084285,932.0202424841864,53.405877864536855,26.1,81,0.508,479.0,889.9,9,0.7071067811865476,-0.7071067811865475,213,-0.5012418134457756,-0.8653072543632061,247.0
node_2_5,2026-08-01 10:00:00,29.484690500980058,72.43044684777368,0.41321674613381865,654.5713829871136,931.9917217890086,53.405877864536855,27.6,74,0.504,644.0,889.9,10,0.49999999999999994,-0.8660254037844387,213,-0.5012418134457756,-0.8653072543632061,247.0
node_2_5,2026-08-01 11:00:00,30.026153333694023,68.29047979199002,0.40879243287758726,726.6020228109163,931.8064179288743,53.405877864536855,27.3,72,0.5,719.0,889.5,11,0.258819045102521,-0.9659258262890682,213,-0.5012418134457756,-0.8653072543632061,247.0
node_2_5,2026-08-01 12:00:00,29.145465621726725,74.54695695316947,0.4104889334834068,668.5849265310167,931.292507298429,53.405877864536855,24.7,88,0.503,378.0,889.0,12,1.2246467991473532e-16,-1.0,213,-0.5012418134457756,-0.8653072543632061,247.0
node_2_5,2026-08-01 13:00:00,29.431038540482856,73.11995311071985,0.40948366064319547,671.0386477051079,930.7200703339201,53.405877864536855,26.6,79,0.502,572.0,888.6,13,-0.2588190451025208,-0.9659258262890683,213,-0.5012418134457756,-0.8653072543632061,247.0
node_2_5,2026-08-01 14:00:00,29.40174316910708,72.55212146115554,0.4077680068436431,644.6152872114665,930.0486771042313,53.405877864536855,28.2,72,0.499,674.0,888.1,14,-0.4999999999999997,-0.8660254037844388,213,-0.5012418134457756,-0.8653072543632061,247.0
node_2_5,2026-08-01 15:00:00,28.987402162996307,74.2703575147009,0.4060532137954218,441.66888227138224,929.5626738098096,53.405877864536855,24.5,94,0.504,370.0,887.4,15,-0.7071067811865471,-0.7071067811865479,213,-0.5012418134457756,-0.8653072543632061,247.0
node_2_5,2026-08-01 16:00:00,27.934105336254035,79.82247897585646,0.40632884415033405,361.3412981609,929.3340670394986,53.405877864536855,24.7,98,0.509,271.0,887.3,16,-0.8660254037844384,-0.5000000000000004,213,-0.5012418134457756,-0.8653072543632061,247.0
node_2_5,2026-08-01 17:00:00,27.63157665772652,89.69639227359424,0.3910453587012174,204.87394143164687,929.2769395740098,53.405877864536855,24.2,97,0.507,166.0,887.2,17,-0.9659258262890683,-0.25881904510252063,213,-0.5012418134457756,-0.8653072543632061,247.0
node_2_5,2026-08-01 18:00:00,27.06035557830369,92.27121826603192,0.39275229665523437,98.01129809952842,929.4909362795879,53.405877864536855,24.1,98,0.504,90.0,887.5,18,-1.0,-1.8369701987210297e-16,213,-0.5012418134457756,-0.8653072543632061,247.0
node_2_5,2026-08-01 19:00:00,26.43060816481735,94.55556446647957,0.39246795045478666,11.855620855336,929.9479776699438,53.405877864536855,23.4,100,0.502,12.0,887.7,19,-0.9659258262890684,0.2588190451025203,213,-0.5012418134457756,-0.8653072543632061,247.0
node_2_5,2026-08-01 20:00:00,26.072867340174277,94.98773281691527,0.3926140511021128,0.0,930.4769395740097,53.405877864536855,23.1,100,0.5,0.0,888.2,20,-0.8660254037844386,0.5000000000000001,213,-0.5012418134457756,-0.8653072543632061,247.0
node_2_5,2026-08-01 21:00:00,26.02973658026381,92.98159922537292,0.3923297049016651,0.0,931.2769395740097,53.405877864536855,23.0,100,0.498,0.0,888.8,21,-0.7071067811865477,0.7071067811865474,213,-0.5012418134457756,-0.8653072543632061,247.0
node_2_5,2026-08-01 22:00:00,25.873480699328514,90.69025868205188,0.3926140511021128,0.0,931.7060736283418,53.405877864536855,22.7,100,0.497,0.0,889.2,22,-0.5000000000000004,0.8660254037844384,213,-0.5012418134457756,-0.8653072543632061,247.0
node_2_5,2026-08-01 23:00:00,26.10182924424018,90.68939793072087,0.3967227061133042,0.0,930.9770256491429,53.405877864536855,23.3,98,0.496,0.0,888.6,23,-0.25881904510252157,0.9659258262890681,213,-0.5012418134457756,-0.8653072543632061,247.0
node_2_5,2026-08-02 00:00:00,25.688090764061116,91.26422392315854,0.3947322827101706,0.0,931.0632010938305,53.405877864536855,22.8,98,0.495,0.0,888.4,0,0.0,1.0,214,-0.5160623910158526,-0.8565509959010037,247.0
node_2_5,2026-08-02 01:00:00,25.48870412321535,90.83377707538487,0.3945948979083799,0.0,931.1062457786079,53.405877864536855,22.7,98,0.495,0.0,888.4,1,0.25881904510252074,0.9659258262890683,214,-0.5160623910158526,-0.8565509959010037,247.0
node_2_5,2026-08-02 02:00:00,25.18940355750269,88.82850423517351,0.3960166289106182,0.0,930.9202424841862,53.405877864536855,22.1,99,0.518,0.0,888.4,2,0.49999999999999994,0.8660254037844387,214,-0.5160623910158526,-0.8565509959010037,247.0
node_2_5,2026-08-02 03:00:00,24.173663682817246,94.41990116735097,0.4060145824112803,0.0,931.3634593192298,53.405877864536855,21.9,100,0.518,0.0,888.5,3,0.7071067811865475,0.7071067811865476,214,-0.5160623910158526,-0.8565509959010037,247.0
node_2_5,2026-08-02 04:00:00,23.84452962848514,95.85562085533599,0.41557089929686564,0.0,931.8057184945869,53.405877864536855,21.4,99,0.52,0.0,889.3,4,0.8660254037844386,0.5000000000000001,214,-0.5160623910158526,-0.8565509959010037,247.0
node_2_5,2026-08-02 05:00:00,24.859214935128318,93.27907336023631,0.40215810080461334,0.0,931.1634593192298,53.405877864536855,22.1,99,0.502,0.0,888.5,5,0.9659258262890683,0.25881904510252074,214,-0.5160623910158526,-0.8565509959010037,247.0
node_2_5,2026-08-02 06:00:00,25.30208746963948,94.13297271291029,0.40130420145193935,25.425282339787614,931.5632871689637,53.405877864536855,22.5,99,0.5,25.0,889.0,6,1.0,6.123233995736766e-17,214,-0.5160623910158526,-0.8565509959010037,247.0
node_2_5,2026-08-02 07:00:00,26.20200139450638,92.27649110624327,0.4005955419952604,147.38331628254736,932.1492904633853,53.405877864536855,23.5,98,0.499,145.0,889.6,7,0.9659258262890683,-0.25881904510252063,214,-0.5160623910158526,-0.8565509959010037,247.0
node_2_5,2026-08-02 08:00:00,26.856600181467694,85.99913924866898,0.40232346297789745,302.15167035030413,932.2202424841864,53.405877864536855,24.6,91,0.498,296.0,889.8,8,0.8660254037844387,-0.4999999999999998,214,-0.5160623910158526,-0.8565509959010037,247.0
node_2_5,2026-08-02 09:00:00,27.97025258651366,79.00613359154237,0.40046870287389247,421.7080955681147,932.4203285593195,53.405877864536855,25.5,83,0.497,402.0,890.0,9,0.7071067811865476,-0.7071067811865475,214,-0.5160623910158526,-0.8565509959010037,247.0
node_2_5,2026-08-02 10:00:00,28.840591248160422,73.72792098263707,0.3983295965694398,540.5595150925496,932.3203285593195,53.405877864536855,26.6,76,0.495,480.0,890.0,10,0.49999999999999994,-0.8660254037844387,214,-0.5160623910158526,-0.8565509959010037,247.0
node_2_5,2026-08-02 11:00:00,29.400441208888033,75.71651455088335,0.3984739757141038,591.085489017099,932.5772838745421,53.405877864536855,25.8,79,0.494,529.0,889.9,11,0.258819045102521,-0.9659258262890682,214,-0.5160623910158526,-0.8565509959010037,247.0
node_2_5,2026-08-02 12:00:00,29.572619947997506,75.71038095934098,0.39761394276988743,732.5717361176986,932.3346803986528,53.405877864536855,26.7,79,0.495,658.0,890.3,12,1.2246467991473532e-16,-1.0,214,-0.5160623910158526,-0.8565509959010037,247.0
node_2_5,2026-08-02 13:00:00,30.057310448977564,71.86261519820937,0.3951843566734448,660.4443331077664,931.7918078641417,53.405877864536855,25.9,81,0.495,461.0,889.6,13,-0.2588190451025208,-0.9659258262890683,214,-0.5160623910158526,-0.8565509959010037,247.0
node_2_5,2026-08-02 14:00:00,29.616256325484045,74.14093613933996,0.3960365345234568,611.7960568039213,930.8486771042312,53.405877864536855,25.9,83,0.497,440.0,888.7,14,-0.4999999999999997,-0.8660254037844388,214,-0.5160623910158526,-0.8565509959010037,247.0
node_2_5,2026-08-02 15:00:00,29.544863095795016,74.28617603533496,0.3957504668203471,480.56010711502296,930.4201564090532,53.405877864536855,26.9,80,0.497,444.0,888.6,15,-0.7071067811865471,-0.7071067811865479,214,-0.5160623910158526,-0.8565509959010037,247.0
node_2_5,2026-08-02 16:00:00,29.272684356685545,76.14007538800894,0.394748745317685,389.79355474824445,929.9201564090533,53.405877864536855,25.9,83,0.499,352.0,887.7,16,-0.8660254037844384,-0.5000000000000004,214,-0.5160623910158526,-0.8565509959010037,247.0
node_2_5,2026-08-02 17:00:00,27.788973181837182,89.12242703248758,0.39306634172983757,248.41258182780174,930.4774668580308,53.405877864536855,24.0,99,0.488,244.0,888.0,17,-0.9659258262890683,-0.25881904510252063,214,-0.5160623910158526,-0.8565509959010037,247.0
node_2_5,2026-08-02 18:00:00,26.76044165343679,91.97901697137988,0.39648021763787145,101.26239408827124,930.7195430498991,53.405877864536855,24.0,99,0.489,109.0,888.7,18,-1.0,-1.8369701987210297e-16,214,-0.5160623910158526,-0.8565509959010037,247.0
node_2_5,2026-08-02 19:00:00,26.159042784862113,93.27121826603192,0.3976210454449861,9.993866408457638,930.9632010938308,53.405877864536855,23.4,100,0.489,10.0,888.7,19,-0.9659258262890684,0.2588190451025203,214,-0.5160623910158526,-0.8565509959010037,247.0
node_2_5,2026-08-02 20:00:00,25.388101597283647,94.55728596914159,0.40845977036390646,0.0,931.8341531146316,53.405877864536855,23.1,100,0.489,0.0,889.5,20,-0.8660254037844386,0.5000000000000001,214,-0.5160623910158526,-0.8565509959010037,247.0
node_2_5,2026-08-02 21:00:00,25.24452962848514,94.70252586513661,0.4098866658741308,0.0,932.4202424841864,53.405877864536855,22.8,100,0.489,0.0,890.0,21,-0.7071067811865477,0.7071067811865474,214,-0.5160623910158526,-0.8565509959010037,247.0
node_2_5,2026-08-02 22:00:00,25.25861240919661,94.41731891335795,0.40846149186656844,0.0,932.5200703339202,53.405877864536855,22.6,100,0.489,0.0,890.0,22,-0.5000000000000004,0.8660254037844384,214,-0.5160623910158526,-0.8565509959010037,247.0
node_2_5,2026-08-02 23:00:00,25.230436014551145,94.70338661646761,0.39701888616793535,0.0,931.8923351481626,53.405877864536855,23.4,99,0.485,0.0,889.4,23,-0.25881904510252157,0.9659258262890681,214,-0.5160623910158526,-0.8565509959010037,247.0
node_2_5,2026-08-03 00:00:00,24.90217354477258,93.98859356824627,0.39758757856883065,0.0,931.8355519832063,53.405877864536855,22.7,96,0.49,0.0,889.4,0,0.0,1.0,215,-0.5307300481619331,-0.8475409228928312,247.0
node_2_5,2026-08-03 01:00:00,24.531393674237787,94.41118532181557,0.4001527196321767,0.0,931.4210279936067,53.405877864536855,22.4,99,0.497,0.0,888.9,1,0.25881904510252074,0.9659258262890683,215,-0.5307300481619331,-0.8475409228928312,247.0
node_2_5,2026-08-03 02:00:00,24.17513779330249,94.9807384740419,0.4065716517159713,0.0,931.4782415342288,53.405877864536855,22.1,99,0.498,0.0,888.9,2,0.49999999999999994,0.8660254037844387,215,-0.5307300481619331,-0.8475409228928312,247.0
node_2_5,2026-08-03 03:00:00,24.07592330272293,94.4041909789422,0.40486127075663036,0.0,930.7925933735621,53.405877864536855,21.9,100,0.498,0.0,888.3,3,0.7071067811865475,0.7071067811865476,215,-0.5307300481619331,-0.8475409228928312,247.0
node_2_5,2026-08-03 04:00:00,23.889920008301296,94.5494308749372,0.4031508897972893,0.0,930.6642448286505,53.405877864536855,21.7,100,0.497,0.0,887.9,4,0.8660254037844386,0.5000000000000001,215,-0.5307300481619331,-0.8475409228928312,247.0
node_2_5,2026-08-03 05:00:00,24.716955759771388,95.56869240089532,0.38819759294008577,0.0,930.9493765385184,53.405877864536855,22.5,99,0.479,0.0,888.6,5,0.9659258262890683,0.25881904510252074,215,-0.5307300481619331,-0.8475409228928312,247.0
node_2_5,2026-08-03 06:00:00,24.702259619905686,97.13824555312164,0.38962890053919047,22.97643471738685,931.563900528118,53.405877864536855,22.8,99,0.48,28.0,889.1,6,1.0,6.123233995736766e-17,215,-0.5307300481619331,-0.8475409228928312,247.0
node_2_5,2026-08-03 07:00:00,25.587133104374473,95.27735185757427,0.3902001751940788,118.35727707816649,931.7064179288743,53.405877864536855,23.7,96,0.48,126.0,889.3,7,0.9659258262890683,-0.25881904510252063,215,-0.5307300481619331,-0.8475409228928312,247.0
node_2_5,2026-08-03 08:00:00,26.42877892057717,89.84690500980061,0.39134627584140486,282.14868290131903,932.7063318537412,53.405877864536855,24.3,96,0.481,287.0,890.3,8,0.8660254037844387,-0.4999999999999998,215,-0.5307300481619331,-0.8475409228928312,247.0
node_2_5,2026-08-03 09:00:00,27.197901697137986,86.72264814242571,0.39235327018427824,406.6447471937336,932.7916357138754,53.405877864536855,25.6,88,0.482,490.0,890.6,9,0.7071067811865476,-0.7071067811865475,215,-0.5307300481619331,-0.8475409228928312,247.0
node_2_5,2026-08-03 10:00:00,28.626325483960223,78.86530578442769,0.39149851008027325,600.154680026727,933.1348525489191,53.405877864536855,28.4,73,0.482,650.0,891.2,10,0.49999999999999994,-0.8660254037844387,215,-0.5307300481619331,-0.8475409228928312,247.0
node_2_5,2026-08-03 11:00:00,29.312769987269892,73.58440258930406,0.3926498835678106,719.8197883896381,933.1779833088294,53.405877864536855,27.2,74,0.482,708.0,890.8,11,0.258819045102521,-0.9659258262890682,215,-0.5307300481619331,-0.8475409228928312,247.0
node_2_5,2026-08-03 12:00:00,29.213297271291026,76.28606770310967,0.3927898506235943,710.670752357734,933.2486771042311,53.405877864536855,25.9,85,0.487,715.0,891.1,12,1.2246467991473532e-16,-1.0,215,-0.5307300481619331,-0.8475409228928312,247.0
node_2_5,2026-08-03 13:00:00,29.4147822149988,75.000860751331,0.3925055044231466,650.2798018488439,932.4346803986529,53.405877864536855,27.0,80,0.489,577.0,890.4,13,-0.2588190451025208,-0.9659258262890683,215,-0.5307300481619331,-0.8475409228928312,247.0
node_2_5,2026-08-03 14:00:00,30.001301960219045,70.99128415446461,0.39064461072759926,666.6883990101952,931.6486771042312,53.405877864536855,28.0,72,0.487,529.0,889.7,14,-0.4999999999999997,-0.8660254037844388,215,-0.5307300481619331,-0.8475409228928312,247.0
node_2_5,2026-08-03 15:00:00,29.95755784115434,71.13738480179062,0.38892981767937795,550.7188280760186,930.9486771042311,53.405877864536855,26.2,83,0.49,431.0,888.8,15,-0.7071067811865471,-0.7071067811865479,215,-0.5307300481619331,-0.8475409228928312,247.0
node_2_5,2026-08-03 16:00:00,28.901560185618347,76.55997655535992,0.38749937083160424,394.8050976461325,930.6630289435643,53.405877864536855,24.2,96,0.508,262.0,888.6,16,-0.8660254037844384,-0.5000000000000004,215,-0.5307300481619331,-0.8475409228928312,247.0
node_2_5,2026-08-03 17:00:00,28.131307599104684,83.40688156516052,0.401299789363059,225.0440125565781,930.6915496387423,53.405877864536855,24.6,95,0.497,235.0,888.5,17,-0.9659258262890683,-0.25881904510252063,215,-0.5307300481619331,-0.8475409228928312,247.0
node_2_5,2026-08-03 18:00:00,27.174696584414455,89.25992016650349,0.4027189381113042,95.75051718169391,930.8632010938306,53.405877864536855,23.6,99,0.512,89.0,888.6,18,-1.0,-1.8369701987210297e-16,215,-0.5307300481619331,-0.8475409228928312,247.0
node_2_5,2026-08-03 19:00:00,26.287122271151944,92.27390885225023,0.4027180773599732,12.286067703109676,931.2916357138754,53.405877864536855,23.2,99,0.508,12.0,888.9,19,-0.9659258262890684,0.2588190451025203,215,-0.5307300481619331,-0.8475409228928312,247.0
node_2_5,2026-08-03 20:00:00,25.716525384105882,93.98515056292223,0.4038606266697499,0.0,932.0347664737858,53.405877864536855,23.0,99,0.505,0.0,889.6,20,-0.8660254037844386,0.5000000000000001,215,-0.5307300481619331,-0.8475409228928312,247.0
node_2_5,2026-08-03 21:00:00,25.631135448838485,93.40946381915354,0.40928128025620664,0.0,933.1487631793641,53.405877864536855,22.7,99,0.505,0.0,890.5,21,-0.7071067811865477,0.7071067811865474,215,-0.5307300481619331,-0.8475409228928312,247.0
node_2_5,2026-08-03 22:00:00,25.402442603394412,93.55642521781058,0.4078569669999753,0.0,932.8352076826739,53.405877864536855,22.6,99,0.503,0.0,890.3,22,-0.5000000000000004,0.8660254037844384,215,-0.5307300481619331,-0.8475409228928312,247.0
node_2_5,2026-08-03 23:00:00,24.713899797222734,98.99999999999999,0.40152968565873104,0.0,933.2500759728057,53.405877864536855,22.8,98,0.502,0.0,890.5,23,-0.25881904510252157,0.9659258262890681,215,-0.5307300481619331,-0.8475409228928312,247.0
node_2_5,2026-08-04 00:00:00,24.485992461199103,98.13910630445264,0.4075420611740411,0.0,932.4201564090532,53.405877864536855,22.5,100,0.51,0.0,889.7,0,0.0,1.0,216,-0.5452404385406507,-0.8382797052177745,247.0
node_2_5,2026-08-04 01:00:00,24.39990309164437,97.4234525049003,0.40626470931646685,0.0,932.3488492544973,53.405877864536855,22.2,100,0.51,0.0,889.7,1,0.25881904510252074,0.9659258262890683,216,-0.5452404385406507,-0.8382797052177745,247.0
node_2_5,2026-08-04 02:00:00,24.100430375665503,97.4243132562313,0.40470042900445186,0.0,932.4063318537411,53.405877864536855,21.5,99,0.514,0.0,889.7,2,0.49999999999999994,0.8660254037844387,216,-0.5452404385406507,-0.8382797052177745,247.0
node_2_5,2026-08-04 03:00:00,24.129736580263806,96.4243132562313,0.4061212992553591,0.0,932.3341531146316,53.405877864536855,21.5,99,0.515,0.0,889.6,3,0.7071067811865475,0.7071067811865476,216,-0.5452404385406507,-0.8382797052177745,247.0
node_2_5,2026-08-04 04:00:00,24.058343350574777,95.85562085533599,0.40441263979868014,0.0,932.2202424841864,53.405877864536855,21.3,99,0.511,0.0,889.6,4,0.8660254037844386,0.5000000000000001,216,-0.5452404385406507,-0.8382797052177745,247.0
node_2_5,2026-08-04 05:00:00,24.586347594954038,96.85389935267398,0.4238133075739821,0.0,931.6487631793642,53.405877864536855,22.5,99,0.495,0.0,889.0,5,0.9659258262890683,0.25881904510252074,216,-0.5452404385406507,-0.8382797052177745,247.0
node_2_5,2026-08-04 06:00:00,24.75844025893041,96.56255880935294,0.4262357909953261,22.00968492909169,932.106331853741,53.405877864536855,22.4,99,0.498,26.0,889.4,6,1.0,6.123233995736766e-17,216,-0.5452404385406507,-0.8382797052177745,247.0
node_2_5,2026-08-04 07:00:00,25.30139886857467,94.13039045891725,0.4266618257542194,132.45153820861907,932.6918078641417,53.405877864536855,23.2,97,0.497,146.0,890.1,7,0.9659258262890683,-0.25881904510252063,216,-0.5452404385406507,-0.8382797052177745,247.0
node_2_5,2026-08-04 08:00:00,26.244970837373174,91.84077141825824,0.4256618257542194,284.2531706219898,933.2632010938306,53.405877864536855,24.4,89,0.496,287.0,890.9,8,0.8660254037844387,-0.4999999999999998,216,-0.5452404385406507,-0.8382797052177745,247.0
node_2_5,2026-08-04 09:00:00,27.658268108664203,84.70952020800998,0.42209055109933113,465.15818520634053,933.9064179288742,53.405877864536855,26.0,80,0.495,516.0,891.5,9,0.7071067811865476,-0.7071067811865475,216,-0.5452404385406507,-0.8382797052177745,247.0
node_2_5,2026-08-04 10:00:00,28.699472715978864,78.72264814242571,0.41980534414755244,580.7327664004185,934.2063318537412,53.405877864536855,28.1,68,0.494,610.0,892.0,10,0.49999999999999994,-0.8660254037844387,216,-0.5452404385406507,-0.8382797052177745,247.0
node_2_5,2026-08-04 11:00:00,27.568068208518547,83.16966592993916,0.4233765104702155,624.3616548220537,933.9209419184738,53.405877864536855,25.1,89,0.506,543.0,891.5,11,0.258819045102521,-0.9659258262890682,216,-0.5452404385406507,-0.8382797052177745,247.0
node_2_5,2026-08-04 12:00:00,25.853630294052145,94.01484943707776,0.4421526394338604,497.73077196548775,933.9779833088294,53.405877864536855,25.0,90,0.509,613.0,891.5,12,1.2246467991473532e-16,-1.0,216,-0.5452404385406507,-0.8382797052177745,247.0
node_2_5,2026-08-04 13:00:00,27.869553152226324,86.44529628485144,0.44101095087541475,701.1151417333186,933.3634593192298,53.405877864536855,24.3,94,0.52,572.0,890.6,13,-0.2588190451025208,-0.9659258262890683,216,-0.5452404385406507,-0.8382797052177745,247.0
node_2_5,2026-08-04 14:00:00,28.08903759052523,83.26960509559518,0.44127614388212966,578.7327528844156,932.5348525489189,53.405877864536855,22.9,97,0.518,286.0,890.2,14,-0.4999999999999997,-0.8660254037844388,216,-0.5452404385406507,-0.8382797052177745,247.0
node_2_5,2026-08-04 15:00:00,26.816966592993914,90.70607720268595,0.4428544128798913,401.3758928141838,931.6632010938306,53.405877864536855,23.8,96,0.514,327.0,889.1,15,-0.7071067811865471,-0.7071067811865479,216,-0.5452404385406507,-0.8382797052177745,247.0
node_2_5,2026-08-04 16:00:00,26.973050323663006,89.13996705578364,0.43970917298389633,359.47244103892297,930.748591029098,53.405877864536855,24.7,92,0.509,298.0,888.5,16,-0.8660254037844384,-0.5000000000000004,216,-0.5452404385406507,-0.8382797052177745,247.0
node_2_5,2026-08-04 17:00:00,27.09938664084576,85.7226481424257,0.43098125200125925,238.18623686967894,930.7493765385185,53.405877864536855,25.2,89,0.507,236.0,888.5,17,-0.9659258262890683,-0.25881904510252063,216,-0.5452404385406507,-0.8382797052177745,247.0
node_2_5,2026-08-04 18:00:00,26.384421442358228,90.72178739109471,0.42898039124992826,80.28886662155328,930.9064179288742,53.405877864536855,24.6,91,0.504,88.0,888.5,18,-1.0,-1.8369701987210297e-16,216,-0.5452404385406507,-0.8382797052177745,247.0
node_2_5,2026-08-04 19:00:00,25.471995755620735,93.4225917535693,0.42698039124992826,8.0,931.2779833088296,53.405877864536855,23.1,96,0.502,8.0,888.6,19,-0.9659258262890684,0.2588190451025203,216,-0.5452404385406507,-0.8382797052177745,247.0
node_2_5,2026-08-04 20:00:00,25.100430375665503,93.56255880935294,0.42611949755438094,0.0,932.0494626136515,53.405877864536855,22.9,98,0.504,0.0,889.5,20,-0.8660254037844386,0.5000000000000001,216,-0.5452404385406507,-0.8382797052177745,247.0
node_2_5,2026-08-04 21:00:00,24.90095765968664,93.84163216958925,0.42540384375482854,0.0,932.6209419184737,53.405877864536855,22.6,100,0.505,0.0,890.0,21,-0.7071067811865477,0.7071067811865474,216,-0.5452404385406507,-0.8382797052177745,247.0
node_2_5,2026-08-04 22:00:00,24.671823605354536,94.70166511380559,0.4242577431075025,0.0,932.6209419184737,53.405877864536855,22.6,100,0.504,0.0,889.9,22,-0.5000000000000004,0.8660254037844384,216,-0.5452404385406507,-0.8382797052177745,247.0
node_2_5,2026-08-04 23:00:00,24.328692845444067,97.13738480179062,0.4234072867601526,0.0,932.2064179288741,53.405877864536855,22.3,100,0.503,0.0,889.5,23,-0.25881904510252157,0.9659258262890681,216,-0.5452404385406507,-0.8382797052177745,247.0
node_2_5,2026-08-05 00:00:00,24.100172150266204,98.13824555312164,0.42411766771949355,0.0,931.4349386240522,53.405877864536855,21.9,98,0.502,0.0,888.7,0,0.0,1.0,217,-0.5595892624101763,-0.828770087174504,247.0
node_2_5,2026-08-05 01:00:00,24.100172150266204,97.70865945667896,0.42240201391994125,0.0,930.8918939392748,53.405877864536855,21.8,99,0.501,0.0,888.2,1,0.25881904510252074,0.9659258262890683,217,-0.5595892624101763,-0.828770087174504,247.0
node_2_5,2026-08-05 02:00:00,23.9147822149988,97.70865945667896,0.42140115316861027,0.0,930.4918078641416,53.405877864536855,21.5,99,0.5,0.0,887.8,2,0.49999999999999994,0.8660254037844387,217,-0.5595892624101763,-0.828770087174504,247.0
node_2_5,2026-08-05 03:00:00,23.84330291017667,97.70865945667896,0.42068549936905786,0.0,930.3918939392747,53.405877864536855,21.5,99,0.499,0.0,887.7,3,0.7071067811865475,0.7071067811865476,217,-0.5595892624101763,-0.828770087174504,247.0
node_2_5,2026-08-05 04:00:00,23.800344300532405,97.27821260890528,0.41968549936905786,0.0,930.2204146344525,53.405877864536855,21.3,100,0.498,0.0,887.4,4,0.8660254037844386,0.5000000000000001,217,-0.5595892624101763,-0.828770087174504,247.0
node_2_5,2026-08-05 05:00:00,23.929392279731406,97.42517400756233,0.41824461517308675,0.0,929.9635453943631,53.405877864536855,21.8,97,0.495,0.0,887.3,5,0.9659258262890683,0.25881904510252074,217,-0.5595892624101763,-0.828770087174504,247.0
node_2_5,2026-08-05 06:00:00,24.187047029241377,97.70865945667896,0.4219514447948784,21.85745069022331,930.3495486887846,53.405877864536855,21.9,99,0.498,17.0,887.7,6,1.0,6.123233995736766e-17,217,-0.5595892624101763,-0.828770087174504,247.0
node_2_5,2026-08-05 07:00:00,25.016008933307273,95.13211196157926,0.42123493024399505,126.14976031710063,930.7210279936069,53.405877864536855,22.5,99,0.499,106.0,888.0,7,0.9659258262890683,-0.25881904510252063,217,-0.5595892624101763,-0.828770087174504,247.0
node_2_5,2026-08-05 08:00:00,26.12983348861944,89.27293976869393,0.4196645163404377,305.7588056047995,931.0209419184737,53.405877864536855,23.5,96,0.498,277.0,888.4,8,0.8660254037844387,-0.4999999999999998,217,-0.5595892624101763,-0.828770087174504,247.0
node_2_5,2026-08-05 09:00:00,27.642173100223825,81.85648160666702,0.4176645163404378,496.8661665357587,931.1347664737859,53.405877864536855,25.0,88,0.498,461.0,888.6,9,0.7071067811865476,-0.7071067811865475,217,-0.5595892624101763,-0.828770087174504,247.0
node_2_5,2026-08-05 10:00:00,28.414341006110767,76.4234525049003,0.4146636555891068,558.8389860382465,930.8495486887847,53.405877864536855,25.1,86,0.497,362.0,888.4,10,0.49999999999999994,-0.8660254037844387,217,-0.5595892624101763,-0.828770087174504,247.0
node_2_5,2026-08-05 11:00:00,29.35607289744656,71.72092663976369,0.4136697891806491,682.5349508894109,930.8640726783841,53.405877864536855,26.0,81,0.497,537.0,888.3,11,0.258819045102521,-0.9659258262890682,217,-0.5595892624101763,-0.828770087174504,247.0
node_2_5,2026-08-05 12:00:00,27.731942624703976,82.56072897446563,0.42207903633535204,548.8078785405494,930.163986603251,53.405877864536855,23.3,95,0.511,455.0,887.8,12,1.2246467991473532e-16,-1.0,217,-0.5595892624101763,-0.828770087174504,247.0
node_2_5,2026-08-05 13:00:00,27.430285530730004,86.85379102044868,0.42107817558402105,586.1489558335877,929.634852548919,53.405877864536855,24.1,95,0.518,547.0,887.1,13,-0.2588190451025208,-0.9659258262890683,217,-0.5595892624101763,-0.828770087174504,247.0
node_2_5,2026-08-05 14:00:00,27.16772390798614,88.16880517860815,0.42539232899084956,461.10087420883195,928.8201564090532,53.405877864536855,24.4,97,0.518,503.0,886.6,14,-0.4999999999999997,-0.8660254037844388,217,-0.5595892624101763,-0.828770087174504,247.0
node_2_5,2026-08-05 15:00:00,28.161743613655837,79.9721309607318,0.43079060304269995,477.42607921376884,928.4354659080732,53.405877864536855,24.6,96,0.518,270.0,886.0,15,-0.7071067811865471,-0.7071067811865479,217,-0.5595892624101763,-0.828770087174504,247.0
node_2_5,2026-08-05 16:00:00,27.84723045727886,80.53555052141576,0.4272219106418047,378.65608974813756,928.0492043882523,53.405877864536855,24.4,95,0.494,315.0,885.7,16,-0.8660254037844384,-0.5000000000000004,217,-0.5595892624101763,-0.828770087174504,247.0
node_2_5,2026-08-05 17:00:00,26.40087158455354,94.855620855336,0.4233870561506382,204.8956768793727,928.2200703339201,53.405877864536855,24.3,92,0.5,208.0,886.1,17,-0.9659258262890683,-0.25881904510252063,217,-0.5595892624101763,-0.828770087174504,247.0
node_2_5,2026-08-05 18:00:00,26.044701778751346,96.13910630445264,0.42196102139174485,97.88015522150545,928.2485049539649,53.405877864536855,23.8,95,0.5,100.0,886.0,18,-1.0,-1.8369701987210297e-16,217,-0.5595892624101763,-0.828770087174504,247.0
node_2_5,2026-08-05 19:00:00,25.444088419597108,98.28520695177866,0.4203897467368565,10.715653799552342,928.8915496387424,53.405877864536855,23.1,99,0.498,11.0,886.7,19,-0.9659258262890684,0.2588190451025203,217,-0.5595892624101763,-0.828770087174504,247.0
node_2_5,2026-08-05 20:00:00,25.315653799552344,97.4243132562313,0.4191036790337468,0.0,929.7632010938305,53.405877864536855,22.8,99,0.498,0.0,887.4,20,-0.8660254037844386,0.5000000000000001,217,-0.5595892624101763,-0.828770087174504,247.0
node_2_5,2026-08-05 21:00:00,25.21635323383968,95.7025258651366,0.4182489189297418,0.0,930.4062457786081,53.405877864536855,22.5,100,0.497,0.0,887.9,21,-0.7071067811865477,0.7071067811865474,217,-0.5595892624101763,-0.828770087174504,247.0
node_2_5,2026-08-05 22:00:00,24.87418013361585,95.55642521781058,0.4178167505793061,0.0,930.4492904633853,53.405877864536855,22.2,100,0.496,0.0,887.8,22,-0.5000000000000004,0.8660254037844384,217,-0.5595892624101763,-0.828770087174504,247.0
node_2_5,2026-08-05 23:00:00,24.887133104374477,95.85917219288532,0.41679318529669296,0.0,929.9354659080732,53.405877864536855,22.8,98,0.493,0.0,887.4,23,-0.25881904510252157,0.9659258262890681,217,-0.5595892624101763,-0.828770087174504,247.0
node_2_5,2026-08-06 00:00:00,24.272964248529906,97.28606770310967,0.427781670532714,0.0,929.5639866032511,53.405877864536855,22.3,99,0.495,0.0,886.9,0,0.0,1.0,218,-0.5737722679043243,-0.8190148866680802,247.0
node_2_5,2026-08-06 01:00:00,24.2437441190647,97.00172150266201,0.43264697631714166,0.0,929.4493765385184,53.405877864536855,22.5,94,0.496,0.0,887.0,1,0.25881904510252074,0.9659258262890683,218,-0.5737722679043243,-0.8190148866680802,247.0
node_2_5,2026-08-06 02:00:00,23.957740824643068,97.14868290131905,0.43924977968107287,0.0,929.3209419184736,53.405877864536855,22.2,97,0.496,0.0,886.7,2,0.49999999999999994,0.8660254037844387,218,-0.5737722679043243,-0.8190148866680802,247.0
node_2_5,2026-08-06 03:00:00,23.929047979198998,97.14868290131905,0.44356651534189434,0.0,929.3494626136517,53.405877864536855,22.2,98,0.496,0.0,886.7,3,0.7071067811865475,0.7071067811865476,218,-0.5737722679043243,-0.8190148866680802,247.0
node_2_5,2026-08-06 04:00:00,23.786003294421633,97.86347594954039,0.4477204710834248,0.0,929.3923351481627,53.405877864536855,22.0,98,0.496,0.0,886.9,4,0.8660254037844386,0.5000000000000001,218,-0.5737722679043243,-0.8190148866680802,247.0
node_2_5,2026-08-06 05:00:00,23.958085125175472,98.71565379955233,0.43933188196066597,0.0,928.8355519832063,53.405877864536855,22.0,99,0.498,0.0,886.1,5,0.9659258262890683,0.25881904510252074,218,-0.5737722679043243,-0.8190148866680802,247.0
node_2_5,2026-08-06 06:00:00,23.914082780711468,98.14610064732602,0.44004226292000703,7.282624697785636,929.7354659080733,53.405877864536855,22.2,99,0.498,7.0,887.0,6,1.0,6.123233995736766e-17,218,-0.5737722679043243,-0.8190148866680802,247.0
node_2_5,2026-08-06 07:00:00,24.100172150266204,98.43044684777367,0.4390458142575563,43.83291632405386,930.3925072984289,53.405877864536855,22.5,99,0.498,45.0,887.6,7,0.9659258262890683,-0.25881904510252063,218,-0.5737722679043243,-0.8190148866680802,247.0
node_2_5,2026-08-06 08:00:00,24.370865945667894,96.99214490579561,0.44505108709776764,105.2802309743341,931.1493765385185,53.405877864536855,23.0,99,0.498,167.0,888.6,8,0.8660254037844387,-0.4999999999999998,218,-0.5737722679043243,-0.8190148866680802,247.0
node_2_5,2026-08-06 09:00:00,24.49921449057956,97.27735185757427,0.453906816285329,121.80257336301791,931.6924212232959,53.405877864536855,23.2,97,0.508,183.0,889.0,9,0.7071067811865476,-0.7071067811865475,218,-0.5737722679043243,-0.8190148866680802,247.0
node_2_5,2026-08-06 10:00:00,24.657568674376865,97.28262469778562,0.46045635549249153,133.15169257774193,931.9494626136516,53.405877864536855,22.9,95,0.519,123.0,889.2,10,0.49999999999999994,-0.8660254037844387,218,-0.5737722679043243,-0.8190148866680802,247.0
node_2_5,2026-08-06 11:00:00,24.81530949901994,97.13738480179062,0.45873898019027715,139.14588398287543,931.9350246991852,53.405877864536855,22.0,97,0.505,137.0,888.8,11,0.258819045102521,-0.9659258262890682,218,-0.5737722679043243,-0.8190148866680802,247.0
node_2_5,2026-08-06 12:00:00,24.700172150266198,97.42786459378064,0.4561562991036351,110.03335854393012,931.8350246991852,53.405877864536855,22.5,98,0.497,122.0,889.1,12,1.2246467991473532e-16,-1.0,218,-0.5737722679043243,-0.8190148866680802,247.0
node_2_5,2026-08-06 13:00:00,24.8002582253993,96.5678316495643,0.45890337328000497,133.4926435145283,931.2773699496752,53.405877864536855,22.3,100,0.51,91.0,888.6,13,-0.2588190451025208,-0.9659258262890683,218,-0.5737722679043243,-0.8190148866680802,247.0
node_2_5,2026-08-06 14:00:00,24.671823605354536,97.99827849733798,0.46174683528448146,104.49145776652142,930.7343252648978,53.405877864536855,22.6,100,0.508,76.0,888.2,14,-0.4999999999999997,-0.8660254037844388,218,-0.5737722679043243,-0.8190148866680802,247.0
node_2_5,2026-08-06 15:00:00,24.92877892057717,97.14437914466399,0.45890251252867387,90.43603877818958,930.3488492544973,53.405877864536855,22.9,100,0.517,89.0,887.8,15,-0.7071067811865471,-0.7071067811865479,218,-0.5737722679043243,-0.8190148866680802,247.0
node_2_5,2026-08-06 16:00:00,24.800699434287335,98.71479304822132,0.45634511822730706,69.39536680118152,929.7348525489191,53.405877864536855,22.8,98,0.515,52.0,887.3,16,-0.8660254037844384,-0.5000000000000004,218,-0.5737722679043243,-0.8190148866680802,247.0
node_2_5,2026-08-06 17:00:00,24.887316087863205,97.85476010400498,0.4534982132175064,62.385146117434694,929.4764122899885,53.405877864536855,22.8,98,0.507,50.0,887.4,17,-0.9659258262890683,-0.25881904510252063,218,-0.5737722679043243,-0.8190148866680802,247.0
node_2_5,2026-08-06 18:00:00,24.68731608786321,98.99999999999999,0.4516233308362123,23.134802547797594,929.3625877346765,53.405877864536855,22.5,98,0.515,27.0,887.1,18,-1.0,-1.8369701987210297e-16,218,-0.5737722679043243,-0.8190148866680802,247.0
node_2_5,2026-08-06 19:00:00,24.601226718308467,98.14610064732602,0.4519199442197447,4.00086075133101,929.7347664737858,53.405877864536855,22.0,98,0.512,6.0,887.3,19,-0.9659258262890684,0.2588190451025203,218,-0.5737722679043243,-0.8190148866680802,247.0
node_2_5,2026-08-06 20:00:00,24.529575263220135,97.29134054332101,0.448486915117978,0.0,930.2632871689636,53.405877864536855,21.9,99,0.509,0.0,887.7,20,-0.8660254037844386,0.5000000000000001,218,-0.5737722679043243,-0.8190148866680802,247.0
node_2_5,2026-08-06 21:00:00,24.486444503309666,96.00785509420439,0.445194713823326,0.0,930.9494626136515,53.405877864536855,21.9,100,0.506,0.0,888.2,21,-0.7071067811865477,0.7071067811865474,218,-0.5737722679043243,-0.8190148866680802,247.0
node_2_5,2026-08-06 22:00:00,24.28661665357587,96.28520695177866,0.4430477524246689,0.0,931.2209419184737,53.405877864536855,21.9,100,0.504,0.0,888.5,22,-0.5000000000000004,0.8660254037844384,218,-0.5737722679043243,-0.8190148866680802,247.0
node_2_5,2026-08-06 23:00:00,24.34452962848514,95.4243132562313,0.44061902707955725,0.0,931.0495486887847,53.405877864536855,22.0,99,0.5,0.0,888.4,23,-0.25881904510252157,0.9659258262890681,218,-0.5737722679043243,-0.8190148866680802,247.0
node_2_5,2026-08-07 00:00:00,24.159225768350844,93.98601131425325,0.43847206568090025,0.0,930.7350246991851,53.405877864536855,21.5,99,0.499,0.0,888.0,0,0.0,1.0,219,-0.5877852522924734,-0.8090169943749472,247.0
node_2_5,2026-08-07 01:00:00,23.916267158706578,94.41645816202693,0.43732596503357424,0.0,930.46345931923,53.405877864536855,21.4,98,0.498,0.0,888.0,1,0.25881904510252074,0.9659258262890683,219,-0.5877852522924734,-0.8090169943749472,247.0
node_2_5,2026-08-07 02:00:00,23.77252303964187,93.99300565712662,0.4363251042822432,0.0,930.0348525489189,53.405877864536855,21.1,99,0.497,0.0,887.5,2,0.49999999999999994,0.8660254037844387,219,-0.5877852522924734,-0.8090169943749472,247.0
node_2_5,2026-08-07 03:00:00,23.529564429997606,94.56783164956431,0.43489465743446953,0.0,929.8209419184737,53.405877864536855,20.8,100,0.496,0.0,887.1,3,0.7071067811865475,0.7071067811865476,219,-0.5877852522924734,-0.8090169943749472,247.0
node_2_5,2026-08-07 04:00:00,23.32973658026381,94.99741774600696,0.4341790036349171,0.0,929.8210279936069,53.405877864536855,20.6,100,0.495,0.0,887.1,4,0.8660254037844386,0.5000000000000001,219,-0.5877852522924734,-0.8090169943749472,247.0
node_2_5,2026-08-07 05:00:00,23.800258225399304,97.28348544911664,0.43992177405463206,0.0,929.834766473786,53.405877864536855,22.0,100,0.481,0.0,887.6,5,0.9659258262890683,0.25881904510252074,219,-0.5877852522924734,-0.8090169943749472,247.0
node_2_5,2026-08-07 06:00:00,24.27313639879611,95.85217785001194,0.43834522655953234,16.85992461199105,930.1493765385185,53.405877864536855,21.8,100,0.48,9.0,887.7,6,1.0,6.123233995736766e-17,219,-0.5877852522924734,-0.8090169943749472,247.0
node_2_5,2026-08-07 07:00:00,24.958257275441674,96.14265764200196,0.4361991259122063,90.42194176021755,930.663986603251,53.405877864536855,22.1,99,0.479,69.0,888.1,7,0.9659258262890683,-0.25881904510252063,219,-0.5877852522924734,-0.8090169943749472,247.0
node_2_5,2026-08-07 08:00:00,25.47102726271157,93.00710267509865,0.4347678183131016,158.4417109069217,931.1493765385185,53.405877864536855,22.8,98,0.479,108.0,888.6,8,0.8660254037844387,-0.4999999999999998,219,-0.5877852522924734,-0.8090169943749472,247.0
node_2_5,2026-08-07 09:00:00,25.7569444820001,90.57751657865599,0.4340521645135492,181.8265660680609,931.5486771042312,53.405877864536855,23.6,94,0.478,209.0,889.1,9,0.7071067811865476,-0.7071067811865475,219,-0.5877852522924734,-0.8090169943749472,247.0
node_2_5,2026-08-07 10:00:00,25.986347594954037,89.86003294421634,0.43290606386622327,198.92234384966758,931.6202424841864,53.405877864536855,23.8,95,0.478,165.0,889.2,10,0.49999999999999994,-0.8660254037844387,219,-0.5877852522924734,-0.8090169943749472,247.0
node_2_5,2026-08-07 11:00:00,28.413835388534693,75.86519745220241,0.43804678334111263,510.5012284957878,931.9347664737859,53.405877864536855,25.1,80,0.477,312.0,889.5,11,0.258819045102521,-0.9659258262890682,219,-0.5877852522924734,-0.8090169943749472,247.0
node_2_5,2026-08-07 12:00:00,27.84051600624985,78.87660388395611,0.43747550868622426,489.3090927230438,931.777639008297,53.405877864536855,26.5,72,0.477,645.0,889.6,12,1.2246467991473532e-16,-1.0,219,-0.5877852522924734,-0.8090169943749472,247.0
node_2_5,2026-08-07 13:00:00,27.316697534372082,84.27046584692619,0.43803376373892217,324.5745069022331,931.2209419184737,53.405877864536855,24.5,96,0.486,367.0,888.9,13,-0.2588190451025208,-0.9659258262890683,219,-0.5877852522924734,-0.8090169943749472,247.0
node_2_5,2026-08-07 14:00:00,27.713985872355835,84.86100202777263,0.4390373150764715,504.35835449394807,930.4341531146316,53.405877864536855,24.3,92,0.488,396.0,888.1,14,-0.4999999999999997,-0.8660254037844388,219,-0.5877852522924734,-0.8090169943749472,247.0
node_2_5,2026-08-07 15:00:00,27.898590298202794,84.72975081752438,0.43875824171623523,458.63794138140173,929.9201564090533,53.405877864536855,25.6,85,0.486,525.0,887.6,15,-0.7071067811865471,-0.7071067811865479,219,-0.5877852522924734,-0.8090169943749472,247.0
node_2_5,2026-08-07 16:00:00,27.812931304313565,84.87326921085736,0.43732521261446855,370.86409190251175,929.5486771042312,53.405877864536855,26.1,80,0.485,397.0,887.6,16,-0.8660254037844384,-0.5000000000000004,219,-0.5877852522924734,-0.8090169943749472,247.0
node_2_5,2026-08-07 17:00:00,27.943119926687938,85.57665582732498,0.43131918735515146,215.07478884651522,929.4917217890086,53.405877864536855,25.4,85,0.48,225.0,887.3,17,-0.9659258262890683,-0.25881904510252063,219,-0.5877852522924734,-0.8090169943749472,247.0
node_2_5,2026-08-07 18:00:00,26.614857456909377,93.00096908355628,0.43088787975604675,99.40677323293524,929.719984258787,53.405877864536855,24.1,94,0.481,96.0,887.7,18,-1.0,-1.8369701987210297e-16,219,-0.5877852522924734,-0.8090169943749472,247.0
node_2_5,2026-08-07 19:00:00,25.800774676197907,95.42700384244964,0.4304574329082731,9.716514550883353,930.219898183654,53.405877864536855,23.1,99,0.481,8.0,887.8,19,-0.9659258262890684,0.2588190451025203,219,-0.5877852522924734,-0.8090169943749472,247.0
node_2_5,2026-08-07 20:00:00,25.51512651553121,94.28348544911665,0.42974263986005173,0.0,930.619898183654,53.405877864536855,23.0,98,0.481,0.0,888.2,20,-0.8660254037844386,0.5000000000000001,219,-0.5877852522924734,-0.8090169943749472,247.0
node_2_5,2026-08-07 21:00:00,25.27190968048764,93.13910630445265,0.4284582936596041,0.0,931.3776390082971,53.405877864536855,22.6,98,0.48,0.0,888.8,21,-0.7071067811865477,0.7071067811865474,219,-0.5877852522924734,-0.8090169943749472,247.0
node_2_5,2026-08-07 22:00:00,25.18643367008714,91.13211196157927,0.42702870756316147,0.0,931.8055463443206,53.405877864536855,22.2,99,0.479,0.0,889.2,22,-0.5000000000000004,0.8660254037844384,219,-0.5877852522924734,-0.8090169943749472,247.0
node_2_5,2026-08-07 23:00:00,25.816267158706577,91.1259783700369,0.4251686746189451,0.0,931.3632871689638,53.405877864536855,22.8,100,0.479,0.0,888.7,23,-0.25881904510252157,0.9659258262890681,219,-0.5877852522924734,-0.8090169943749472,247.0
node_2_5,2026-08-08 00:00:00,25.187305254640677,91.55470371514858,0.42488432841849744,0.0,931.506331853741,53.405877864536855,22.1,100,0.478,0.0,888.9,0,0.0,1.0,220,-0.6016240632249227,-0.7987793728863648,247.0
node_2_5,2026-08-08 01:00:00,24.629994805663113,92.98342906026022,0.42416953537027613,0.0,931.0341531146316,53.405877864536855,21.1,99,0.509,0.0,888.8,1,0.25881904510252074,0.9659258262890683,220,-0.6016240632249227,-0.7987793728863648,247.0
node_2_5,2026-08-08 02:00:00,23.88633676173151,94.99042340313359,0.4237399492738334,0.0,930.7198873504315,53.405877864536855,20.9,100,0.504,0.0,888.1,2,0.49999999999999994,0.8660254037844387,220,-0.6016240632249227,-0.7987793728863648,247.0
node_2_5,2026-08-08 03:00:00,23.586508911997708,95.1356632991286,0.4238799163296171,0.0,930.2628459600758,53.405877864536855,20.7,100,0.5,0.0,887.7,3,0.7071067811865475,0.7071067811865476,220,-0.6016240632249227,-0.7987793728863648,247.0
node_2_5,2026-08-08 04:00:00,23.487380496551246,93.12866895625523,0.4235955701291695,0.0,930.2919800144077,53.405877864536855,20.6,100,0.497,0.0,887.7,4,0.8660254037844386,0.5000000000000001,220,-0.6016240632249227,-0.7987793728863648,247.0
node_2_5,2026-08-08 05:00:00,24.586777970619544,90.42345250490031,0.42403301131981647,0.0,930.8486771042312,53.405877864536855,21.9,100,0.473,0.0,888.4,5,0.9659258262890683,0.25881904510252074,220,-0.6016240632249227,-0.7987793728863648,247.0
node_2_5,2026-08-08 06:00:00,24.958171200308577,89.99999999999999,0.4233173575202641,26.566110146902282,931.4777250834302,53.405877864536855,22.0,100,0.473,26.0,888.9,6,1.0,6.123233995736766e-17,220,-0.6016240632249227,-0.7987793728863648,247.0
node_2_5,2026-08-08 07:00:00,26.658440258930405,88.99300565712662,0.4226025644720428,161.25916774739778,931.9915496387423,53.405877864536855,23.3,98,0.473,154.0,889.6,7,0.9659258262890683,-0.25881904510252063,220,-0.6016240632249227,-0.7987793728863648,247.0
node_2_5,2026-08-08 08:00:00,27.90191531937328,81.69736135715054,0.42088691067249046,354.674873490319,932.6917217890085,53.405877864536855,24.8,91,0.472,352.0,890.4,8,0.8660254037844387,-0.4999999999999998,220,-0.6016240632249227,-0.7987793728863648,247.0
node_2_5,2026-08-08 09:00:00,29.142689551022432,74.289619040659,0.4186017037207118,535.0336554066969,933.0918939392745,53.405877864536855,27.0,77,0.471,555.0,891.1,9,0.7071067811865476,-0.7071067811865475,220,-0.6016240632249227,-0.7987793728863648,247.0
node_2_5,2026-08-08 10:00:00,29.97051081191296,71.58268108664205,0.4166017037207118,648.3013223351795,933.5204146344527,53.405877864536855,27.1,77,0.47,637.0,891.4,10,0.49999999999999994,-0.8660254037844387,220,-0.6016240632249227,-0.7987793728863648,247.0
node_2_5,2026-08-08 11:00:00,30.62852069517787,65.42872534511166,0.41588077708094806,761.9156404630896,933.5348525489189,53.405877864536855,28.8,67,0.468,674.0,891.5,11,0.258819045102521,-0.9659258262890682,220,-0.6016240632249227,-0.7987793728863648,247.0
node_2_5,2026-08-08 12:00:00,30.629123221109573,66.1356632991286,0.4141642625300648,834.7635145564465,933.4203285593194,53.405877864536855,27.5,72,0.467,774.0,891.2,12,1.2246467991473532e-16,-1.0,220,-0.6016240632249227,-0.7987793728863648,247.0
node_2_5,2026-08-08 13:00:00,30.92833771168913,64.99827849733798,0.41230250808318636,824.3337117955532,932.6202424841864,53.405877864536855,28.0,71,0.47,703.0,890.6,13,-0.2588190451025208,-0.9659258262890683,220,-0.6016240632249227,-0.7987793728863648,247.0
node_2_5,2026-08-08 14:00:00,30.771468471599604,65.70607720268595,0.41044075363630805,732.3221227397294,931.9347664737859,53.405877864536855,26.7,78,0.471,684.0,889.6,14,-0.4999999999999997,-0.8660254037844388,220,-0.6016240632249227,-0.7987793728863648,247.0
node_2_5,2026-08-08 15:00:00,30.086777970619544,69.27649110624327,0.409149413092987,622.2497217101944,931.4916357138754,53.405877864536855,27.4,75,0.471,581.0,889.5,15,-0.7071067811865471,-0.7071067811865479,220,-0.6016240632249227,-0.7987793728863648,247.0
node_2_5,2026-08-08 16:00:00,29.47226481424257,72.41990116735097,0.40829024090010163,463.33696627033584,931.0056324194538,53.405877864536855,27.4,73,0.47,412.0,889.1,16,-0.8660254037844384,-0.5000000000000004,220,-0.6016240632249227,-0.7987793728863648,247.0
node_2_5,2026-08-08 17:00:00,29.00104373481974,79.69908285981256,0.4176839945308464,276.86541411665297,931.3196291250321,53.405877864536855,26.7,79,0.489,271.0,889.5,17,-0.9659258262890683,-0.25881904510252063,220,-0.6016240632249227,-0.7987793728863648,247.0
node_2_5,2026-08-08 18:00:00,27.216697534372084,88.98428981159122,0.4172526869317418,111.29220129465205,931.6486771042312,53.405877864536855,24.7,92,0.488,104.0,889.5,18,-1.0,-1.8369701987210297e-16,220,-0.6016240632249227,-0.7987793728863648,247.0
node_2_5,2026-08-08 19:00:00,26.173394624195414,93.40946381915354,0.41711444137862014,8.715653799552342,932.5771977994091,53.405877864536855,23.9,97,0.487,8.0,890.1,19,-0.9659258262890684,0.2588190451025203,220,-0.6016240632249227,-0.7987793728863648,247.0
node_2_5,2026-08-08 20:00:00,25.94540121303868,90.69381001960122,0.4165457489777248,0.0,933.0201564090532,53.405877864536855,23.0,100,0.485,0.0,890.7,20,-0.8660254037844386,0.5000000000000001,220,-0.6016240632249227,-0.7987793728863648,247.0
node_2_5,2026-08-08 21:00:00,25.60288381228245,91.83377707538486,0.4156918496250508,0.0,933.677552933164,53.405877864536855,22.6,100,0.484,0.0,891.3,21,-0.7071067811865477,0.7071067811865474,220,-0.6016240632249227,-0.7987793728863648,247.0
node_2_5,2026-08-08 22:00:00,25.30322811281485,91.11726252450151,0.4148379502723768,0.0,933.9493765385184,53.405877864536855,22.3,100,0.483,0.0,891.5,22,-0.5000000000000004,0.8660254037844384,220,-0.6016240632249227,-0.7987793728863648,247.0
node_2_5,2026-08-08 23:00:00,25.91582594981854,89.84432275580758,0.4142692578714815,0.0,933.6917217890086,53.405877864536855,22.7,100,0.482,0.0,891.1,23,-0.25881904510252157,0.9659258262890681,220,-0.6016240632249227,-0.7987793728863648,247.0
node_2_5,2026-08-09 00:00:00,25.373566774461615,90.69736135715054,0.4136997047192552,0.0,933.5349386240521,53.405877864536855,22.3,100,0.481,0.0,890.9,0,0.0,1.0,221,-0.6152845999633277,-0.7883050558305253,247.0
node_2_5,2026-08-09 01:00:00,24.97373892472782,91.69736135715054,0.4131301515670289,0.0,932.9633732440968,53.405877864536855,22.0,100,0.48,0.0,890.4,1,0.25881904510252074,0.9659258262890683,221,-0.6152845999633277,-0.7883050558305253,247.0
node_2_5,2026-08-09 02:00:00,24.64530430468305,92.41301515670288,0.4125605984148025,0.0,932.9065040040073,53.405877864536855,21.9,100,0.479,0.0,890.2,2,0.49999999999999994,0.8660254037844387,221,-0.6152845999633277,-0.7883050558305253,247.0
node_2_5,2026-08-09 03:00:00,24.631479749370886,91.69736135715054,0.4127066990621286,0.0,932.8065040040073,53.405877864536855,21.8,100,0.478,0.0,890.1,3,0.7071067811865475,0.7071067811865476,221,-0.6152845999633277,-0.7883050558305253,247.0
node_2_5,2026-08-09 04:00:00,24.68852113972662,90.26605375804586,0.4124214921103499,0.0,933.0918078641416,53.405877864536855,21.8,98,0.478,0.0,890.5,4,0.8660254037844386,0.5000000000000001,221,-0.6152845999633277,-0.7883050558305253,247.0
node_2_5,2026-08-09 05:00:00,25.059828294282553,89.8381891642652,0.4129980396054496,0.0,933.1209419184736,53.405877864536855,22.4,99,0.486,0.0,890.3,5,0.9659258262890683,0.25881904510252074,221,-0.6152845999633277,-0.7883050558305253,247.0
node_2_5,2026-08-09 06:00:00,24.618365461568587,93.25809033161617,0.43066021258378273,22.28961904065901,933.6918939392747,53.405877864536855,21.8,100,0.488,19.0,891.0,6,1.0,6.123233995736766e-17,221,-0.6152845999633277,-0.7883050558305253,247.0
node_2_5,2026-08-09 07:00:00,25.218193311302386,92.40333022761118,0.4315228277819921,126.73760591172875,934.2063318537412,53.405877864536855,22.4,99,0.491,112.0,891.5,7,0.9659258262890683,-0.25881904510252063,221,-0.6152845999633277,-0.7883050558305253,247.0
node_2_5,2026-08-09 08:00:00,26.260710712058618,88.40160872494917,0.42852723987087243,294.97546563383054,934.5633732440969,53.405877864536855,23.5,95,0.495,257.0,892.0,8,0.8660254037844387,-0.4999999999999998,221,-0.6152845999633277,-0.7883050558305253,247.0
node_2_5,2026-08-09 09:00:00,27.85965614401635,80.12081386205085,0.4255333734624148,480.9388807490269,934.8203285593195,53.405877864536855,25.1,88,0.492,465.0,892.3,9,0.7071067811865476,-0.7071067811865475,221,-0.6152845999633277,-0.7883050558305253,247.0
node_2_5,2026-08-09 10:00:00,28.773566774461614,74.8364676616032,0.4216777526070788,595.6104640211227,934.7203285593196,53.405877864536855,27.6,74,0.49,557.0,892.8,10,0.49999999999999994,-0.8660254037844387,221,-0.6152845999633277,-0.7883050558305253,247.0
node_2_5,2026-08-09 11:00:00,30.171382396466498,65.71307154555932,0.4241029266146411,681.8450231105061,934.4486771042311,53.405877864536855,28.0,71,0.487,647.0,892.2,11,0.258819045102521,-0.9659258262890682,221,-0.6152845999633277,-0.7883050558305253,247.0
node_2_5,2026-08-09 12:00:00,30.214341006110768,65.71307154555932,0.4202481665106361,757.0050843096699,933.8349386240521,53.405877864536855,27.9,72,0.484,801.0,891.8,12,1.2246467991473532e-16,-1.0,221,-0.6152845999633277,-0.7883050558305253,247.0
node_2_5,2026-08-09 13:00:00,29.971737530221432,69.56428031201497,0.4201029266146411,748.8863690113639,933.1917217890086,53.405877864536855,28.0,72,0.482,756.0,891.2,13,-0.2588190451025208,-0.9659258262890683,221,-0.6152845999633277,-0.7883050558305253,247.0
node_2_5,2026-08-09 14:00:00,29.316084175217846,73.9817075575982,0.4212324563222274,591.9097176295265,932.4918939392747,53.405877864536855,27.9,72,0.48,616.0,890.6,14,-0.4999999999999997,-0.8660254037844388,221,-0.6152845999633277,-0.7883050558305253,247.0
node_2_5,2026-08-09 15:00:00,29.386950120885743,72.98870190047157,0.4189463886191177,455.33698849777363,932.0486771042313,53.405877864536855,27.4,73,0.478,485.0,890.1,15,-0.7071067811865471,-0.7071067811865479,221,-0.6152845999633277,-0.7883050558305253,247.0
node_2_5,2026-08-09 16:00:00,29.35868765110718,71.84873484468791,0.41637683546689136,397.8937387122601,931.4486771042311,53.405877864536855,26.7,76,0.477,379.0,889.5,16,-0.8660254037844384,-0.5000000000000004,221,-0.6152845999633277,-0.7883050558305253,247.0
node_2_5,2026-08-09 17:00:00,27.97330854906231,85.27735185757427,0.41084171827437677,260.74524434148253,931.1055463443206,53.405877864536855,25.3,91,0.488,261.0,889.1,17,-0.9659258262890683,-0.25881904510252063,221,-0.6152845999633277,-0.7883050558305253,247.0
node_2_5,2026-08-09 18:00:00,26.974007983349647,91.5678316495643,0.41027388662481246,97.87843371884341,931.2055463443206,53.405877864536855,24.4,95,0.488,93.0,889.1,18,-1.0,-1.8369701987210297e-16,221,-0.6152845999633277,-0.7883050558305253,247.0
node_2_5,2026-08-09 19:00:00,26.088090764061114,96.13738480179062,0.40927474737614344,8.715653799552342,931.648591029098,53.405877864536855,23.6,98,0.487,8.0,889.5,19,-0.9659258262890684,0.2588190451025203,221,-0.6152845999633277,-0.7883050558305253,247.0
node_2_5,2026-08-09 20:00:00,25.70200139450638,95.99300565712662,0.40870605497524815,0.0,932.2915496387424,53.405877864536855,23.2,99,0.486,0.0,890.1,20,-0.8660254037844386,0.5000000000000001,221,-0.6152845999633277,-0.7883050558305253,247.0
node_2_5,2026-08-09 21:00:00,25.34521822954995,95.98687206558425,0.40842170877480044,0.0,932.8492043882522,53.405877864536855,22.9,99,0.485,0.0,890.5,21,-0.7071067811865477,0.7071067811865474,221,-0.6152845999633277,-0.7883050558305253,247.0
node_2_5,2026-08-09 22:00:00,25.216869684638283,95.84077141825824,0.4074225695261315,0.0,933.1209419184736,53.405877864536855,22.7,100,0.484,0.0,890.5,22,-0.5000000000000004,0.8660254037844384,221,-0.6152845999633277,-0.7883050558305253,247.0
node_2_5,2026-08-09 23:00:00,25.68764955517308,93.13211196157926,0.4079991170212312,0.0,932.9062457786081,53.405877864536855,23.0,97,0.483,0.0,890.4,23,-0.25881904510252157,0.9659258262890681,221,-0.6152845999633277,-0.7883050558305253,247.0
node_2_5,2026-08-10 00:00:00,25.501560185618345,91.56083730669093,0.40728432397300984,0.0,932.5632010938307,53.405877864536855,22.6,98,0.483,0.0,889.9,0,0.0,1.0,222,-0.6287628145958345,-0.7775971469736268,247.0
node_2_5,2026-08-10 01:00:00,25.587649555173083,88.69908285981256,0.4078538771252362,0.0,932.2632871689636,53.405877864536855,22.3,98,0.482,0.0,889.5,1,0.25881904510252074,0.9659258262890683,222,-0.6287628145958345,-0.7775971469736268,247.0
node_2_5,2026-08-10 02:00:00,25.30217354477258,88.55298221248654,0.40813822332568384,0.0,932.0347664737858,53.405877864536855,22.2,99,0.482,0.0,889.3,2,0.49999999999999994,0.8660254037844387,222,-0.6287628145958345,-0.7775971469736268,247.0
node_2_5,2026-08-10 03:00:00,25.10200139450638,88.4147366593649,0.40856867017345755,0.0,931.6346803986528,53.405877864536855,22.1,99,0.483,0.0,889.0,3,0.7071067811865475,0.7071067811865476,222,-0.6287628145958345,-0.7775971469736268,247.0
node_2_5,2026-08-10 04:00:00,24.986777970619542,88.42087025090727,0.40856867017345755,0.0,931.7918078641417,53.405877864536855,22.0,100,0.483,0.0,889.0,4,0.8660254037844386,0.5000000000000001,222,-0.6287628145958345,-0.7775971469736268,247.0
node_2_5,2026-08-10 05:00:00,24.61530949901994,96.71737530221436,0.434993519184344,0.0,931.491980014408,53.405877864536855,22.4,98,0.489,0.0,888.8,5,0.9659258262890683,0.25881904510252074,222,-0.6287628145958345,-0.7775971469736268,247.0
node_2_5,2026-08-10 06:00:00,24.2000860751331,98.000860751331,0.4497266046749671,14.286176035334966,932.2494626136515,53.405877864536855,22.3,100,0.496,14.0,889.6,6,1.0,6.123233995736766e-17,222,-0.6287628145958345,-0.7775971469736268,247.0
node_2_5,2026-08-10 07:00:00,24.44313075991047,97.5686924008953,0.45030056991607376,60.02453436616944,932.4063318537411,53.405877864536855,22.5,99,0.497,73.0,889.7,7,0.9659258262890683,-0.25881904510252063,222,-0.6287628145958345,-0.7775971469736268,247.0
node_2_5,2026-08-10 08:00:00,24.758182033531103,96.00172150266202,0.45403107315270386,173.63360778777732,932.9494626136516,53.405877864536855,23.3,96,0.496,164.0,890.2,8,0.8660254037844387,-0.4999999999999998,222,-0.6287628145958345,-0.7775971469736268,247.0
node_2_5,2026-08-10 09:00:00,24.8291340543321,96.0,0.45374941753847453,172.36397455827307,933.1209419184736,53.405877864536855,23.6,96,0.496,220.0,890.6,9,0.7071067811865476,-0.7071067811865475,222,-0.6287628145958345,-0.7775971469736268,247.0
node_2_5,2026-08-10 10:00:00,25.373749757950346,93.8469050098006,0.4507337073500658,274.18381921572933,933.192593373562,53.405877864536855,24.3,92,0.497,341.0,890.6,10,0.49999999999999994,-0.8660254037844387,222,-0.6287628145958345,-0.7775971469736268,247.0
node_2_5,2026-08-10 11:00:00,26.04426056986331,88.99042340313359,0.4543189706907008,402.1104327816716,933.3495486887848,53.405877864536855,24.3,91,0.508,371.0,890.7,11,0.258819045102521,-0.9659258262890682,222,-0.6287628145958345,-0.7775971469736268,247.0
node_2_5,2026-08-10 12:00:00,26.199999999999996,87.57654749509969,0.4493181099393699,361.5748378053803,933.1064179288742,53.405877864536855,24.4,88,0.507,404.0,890.4,12,1.2246467991473532e-16,-1.0,222,-0.6287628145958345,-0.7775971469736268,247.0
node_2_5,2026-08-10 13:00:00,26.88591721928853,82.28606770310968,0.4455963225482751,446.68295115544527,932.6919800144078,53.405877864536855,24.0,90,0.508,419.0,889.9,13,-0.2588190451025208,-0.9659258262890683,222,-0.6287628145958345,-0.7775971469736268,247.0
node_2_5,2026-08-10 14:00:00,27.3288758289328,79.85648160666702,0.44173542885272776,426.3809847333853,931.7919800144078,53.405877864536855,23.3,95,0.515,379.0,888.9,14,-0.4999999999999997,-0.8660254037844388,222,-0.6287628145958345,-0.7775971469736268,247.0
node_2_5,2026-08-10 15:00:00,27.328606770310966,79.145239895995,0.4390189143018444,376.8231230627369,931.3488492544973,53.405877864536855,23.1,97,0.516,305.0,888.7,15,-0.7071067811865471,-0.7071067811865479,222,-0.6287628145958345,-0.7775971469736268,247.0
node_2_5,2026-08-10 16:00:00,26.900527284021134,83.84776576113161,0.4392979876620807,269.8707091843021,930.8772838745422,53.405877864536855,23.0,98,0.51,172.0,888.2,16,-0.8660254037844384,-0.5000000000000004,222,-0.6287628145958345,-0.7775971469736268,247.0
node_2_5,2026-08-10 17:00:00,26.644787853884445,85.98084680626718,0.4507337073500658,124.91241412221622,931.0056324194538,53.405877864536855,23.7,96,0.511,144.0,888.7,17,-0.9659258262890683,-0.25881904510252063,222,-0.6287628145958345,-0.7775971469736268,247.0
node_2_5,2026-08-10 18:00:00,25.84400234446401,92.28090319512361,0.4451632934465084,66.27261477201807,930.8056324194538,53.405877864536855,23.3,98,0.508,69.0,888.4,18,-1.0,-1.8369701987210297e-16,222,-0.6287628145958345,-0.7775971469736268,247.0
node_2_5,2026-08-10 19:00:00,25.158440258930405,94.71135004289728,0.4415937402942821,6.571274654888344,931.3345943235197,53.405877864536855,22.7,100,0.505,7.0,888.8,19,-0.9659258262890684,0.2588190451025203,222,-0.6287628145958345,-0.7775971469736268,247.0
node_2_5,2026-08-10 20:00:00,25.059053618084643,93.70521645135491,0.43959374029428205,0.0,931.9777250834302,53.405877864536855,22.5,100,0.503,0.0,889.4,20,-0.8660254037844386,0.5000000000000001,222,-0.6287628145958345,-0.7775971469736268,247.0
node_2_5,2026-08-10 21:00:00,24.845229062772482,93.27476960358125,0.43787808649472976,0.0,932.3924212232957,53.405877864536855,22.1,100,0.501,0.0,889.6,21,-0.7071067811865477,0.7071067811865474,222,-0.6287628145958345,-0.7775971469736268,247.0
node_2_5,2026-08-10 22:00:00,24.702270453128214,93.12866895625523,0.4358780864947297,0.0,932.4208558433405,53.405877864536855,22.0,100,0.5,0.0,889.7,22,-0.5000000000000004,0.8660254037844384,222,-0.6287628145958345,-0.7775971469736268,247.0
node_2_5,2026-08-10 23:00:00,24.959225768350844,91.69736135715054,0.43674511378181946,0.0,931.606245778608,53.405877864536855,22.5,100,0.499,0.0,889.1,23,-0.25881904510252157,0.9659258262890681,222,-0.6287628145958345,-0.7775971469736268,247.0
node_2_5,2026-08-11 00:00:00,24.659225768350844,90.55126070982452,0.43531466693404575,0.0,931.5923351481628,53.405877864536855,21.8,100,0.498,0.0,888.8,0,0.0,1.0,223,-0.6420547132365636,-0.7666588193001592,247.0
node_2_5,2026-08-11 01:00:00,24.559311843483947,88.97471321472483,0.43359901313449345,0.0,931.4208558433406,53.405877864536855,22.0,100,0.497,0.0,888.7,1,0.25881904510252074,0.9659258262890683,223,-0.6420547132365636,-0.7666588193001592,247.0
node_2_5,2026-08-11 02:00:00,24.516267158706576,87.54426636695115,0.43216856628671974,0.0,931.392421223296,53.405877864536855,22.0,100,0.496,0.0,888.6,2,0.49999999999999994,0.8660254037844387,223,-0.6420547132365636,-0.7666588193001592,247.0
node_2_5,2026-08-11 03:00:00,24.43009171401874,88.12167461338186,0.4311685662867198,0.0,931.3493765385185,53.405877864536855,21.8,99,0.495,0.0,888.4,3,0.7071067811865475,0.7071067811865476,223,-0.6420547132365636,-0.7666588193001592,247.0
node_2_5,2026-08-11 04:00:00,24.259311843483946,89.55212146115552,0.4301685662867198,0.0,931.2209419184737,53.405877864536855,21.5,100,0.494,0.0,888.3,4,0.8660254037844386,0.5000000000000001,223,-0.6420547132365636,-0.7666588193001592,247.0
node_2_5,2026-08-11 05:00:00,24.02973658026381,93.13480254779759,0.4331991259122063,0.0,932.192593373562,53.405877864536855,21.6,100,0.496,0.0,889.2,5,0.9659258262890683,0.25881904510252074,223,-0.6420547132365636,-0.7666588193001592,247.0
node_2_5,2026-08-11 06:00:00,24.24426056986331,92.98956265180257,0.4327686790644326,14.862615198209372,932.2350246991853,53.405877864536855,21.8,100,0.495,15.0,889.5,6,1.0,6.123233995736766e-17,223,-0.6420547132365636,-0.7666588193001592,247.0
node_2_5,2026-08-11 07:00:00,25.058257275441676,90.42087025090726,0.4316225784171066,108.11640177317051,932.7493765385185,53.405877864536855,22.6,96,0.494,123.0,890.0,7,0.9659258262890683,-0.25881904510252063,223,-0.6420547132365636,-0.7666588193001592,247.0
node_2_5,2026-08-11 08:00:00,25.67015567815803,87.87057862463905,0.43234436580820124,215.98609151256946,933.2633732440968,53.405877864536855,24.2,88,0.493,287.0,890.8,8,0.8660254037844387,-0.4999999999999998,223,-0.6420547132365636,-0.7666588193001592,247.0
node_2_5,2026-08-11 09:00:00,26.784163216958923,84.2983348861944,0.43105915885642265,359.87938057496194,933.6494626136516,53.405877864536855,26.2,75,0.493,459.0,891.5,9,0.7071067811865476,-0.7071067811865475,223,-0.6420547132365636,-0.7666588193001592,247.0
node_2_5,2026-08-11 10:00:00,26.897191429628123,84.16536217328411,0.4392359274614605,499.9315614094777,933.8349386240521,53.405877864536855,25.8,80,0.492,532.0,891.4,10,0.49999999999999994,-0.8660254037844387,223,-0.6420547132365636,-0.7666588193001592,247.0
node_2_5,2026-08-11 11:00:00,25.056589348245172,95.43485893665402,0.43906088035908464,536.3018521833633,934.2495486887847,53.405877864536855,23.8,94,0.49,568.0,891.6,11,0.258819045102521,-0.9659258262890682,223,-0.6420547132365636,-0.7666588193001592,247.0
node_2_5,2026-08-11 12:00:00,25.042861701288633,94.72006588843269,0.4503417835542083,205.4521482551191,933.9202424841865,53.405877864536855,23.1,99,0.498,141.0,891.4,12,1.2246467991473532e-16,-1.0,223,-0.6420547132365636,-0.7666588193001592,247.0
node_2_5,2026-08-11 13:00:00,25.415040440398105,94.289619040659,0.4509017601095682,218.2561462580323,932.9772838745421,53.405877864536855,23.0,98,0.52,141.0,890.4,13,-0.2588190451025208,-0.9659258262890683,223,-0.6420547132365636,-0.7666588193001592,247.0
node_2_5,2026-08-11 14:00:00,25.75774082464307,94.29047979199002,0.44747131326179457,195.1677055353888,932.0771977994091,53.405877864536855,23.5,97,0.512,285.0,889.6,14,-0.4999999999999997,-0.8660254037844388,223,-0.6420547132365636,-0.7666588193001592,247.0
node_2_5,2026-08-11 15:00:00,26.415922858174174,89.70693795401695,0.44504086641402085,278.7839319934422,931.177197799409,53.405877864536855,23.9,95,0.51,237.0,888.7,15,-0.7071067811865471,-0.7071067811865479,223,-0.6420547132365636,-0.7666588193001592,247.0
node_2_5,2026-08-11 16:00:00,26.642958609644264,90.14965198487535,0.44290176010956817,252.99203657357032,930.5056324194538,53.405877864536855,24.3,94,0.507,202.0,888.2,16,-0.8660254037844384,-0.5000000000000004,223,-0.6420547132365636,-0.7666588193001592,247.0
node_2_5,2026-08-11 17:00:00,27.5433998185323,84.43216835043569,0.45243106870721633,158.89580914209603,930.9339809643654,53.405877864536855,25.4,87,0.513,166.0,889.0,17,-0.9659258262890683,-0.25881904510252063,223,-0.6420547132365636,-0.7666588193001592,247.0
node_2_5,2026-08-11 18:00:00,26.243044684777363,93.00613359154237,0.4440267693960488,102.40946381915356,930.3631150186976,53.405877864536855,24.4,92,0.509,105.0,888.1,18,-1.0,-1.8369701987210297e-16,223,-0.6420547132365636,-0.7666588193001592,247.0
node_2_5,2026-08-11 19:00:00,25.21548164928614,96.00613359154235,0.44202590864471775,8.285206951778667,930.3201564090532,53.405877864536855,23.2,95,0.507,8.0,888.0,19,-0.9659258262890684,0.2588190451025203,223,-0.6420547132365636,-0.7666588193001592,247.0
node_2_5,2026-08-11 20:00:00,24.987133104374475,95.86003294421633,0.4400259086447178,0.0,931.2632010938306,53.405877864536855,22.8,95,0.504,0.0,888.8,20,-0.8660254037844386,0.5000000000000001,223,-0.6420547132365636,-0.7666588193001592,247.0
node_2_5,2026-08-11 21:00:00,24.887918613794916,94.56869240089532,0.4387407016929391,0.0,932.0068591377621,53.405877864536855,22.3,97,0.502,0.0,889.3,21,-0.7071067811865477,0.7071067811865474,223,-0.6420547132365636,-0.7666588193001592,247.0
node_2_5,2026-08-11 22:00:00,24.688704123215352,93.56255880935294,0.4370250478933868,0.0,932.5493765385185,53.405877864536855,21.9,98,0.501,0.0,889.9,22,-0.5000000000000004,0.8660254037844384,223,-0.6420547132365636,-0.7666588193001592,247.0
node_2_5,2026-08-11 23:00:00,24.974707417636985,91.41731891335793,0.43959374029428205,0.0,932.3208558433407,53.405877864536855,21.9,100,0.502,0.0,889.5,23,-0.25881904510252157,0.9659258262890681,223,-0.6420547132365636,-0.7666588193001592,247.0
node_2_5,2026-08-12 00:00:00,24.445573363304884,91.13383346424129,0.43802418714205577,0.0,932.234852548919,53.405877864536855,21.5,99,0.5,0.0,889.5,0,0.0,1.0,224,-0.655156357209085,-0.7554933140726804,247.0
node_2_5,2026-08-12 01:00:00,24.144960004150647,90.71038095934098,0.4365937402942821,0.0,932.2493765385186,53.405877864536855,21.5,99,0.499,0.0,889.5,1,0.25881904510252074,0.9659258262890683,224,-0.655156357209085,-0.7554933140726804,247.0
node_2_5,2026-08-12 02:00:00,23.988090764061116,90.2799341115673,0.4353085333425034,0.0,932.1494626136516,53.405877864536855,21.4,98,0.498,0.0,889.4,2,0.49999999999999994,0.8660254037844387,224,-0.655156357209085,-0.7554933140726804,247.0
node_2_5,2026-08-12 03:00:00,23.831221523971582,88.99558791111966,0.4338780864947297,0.0,931.7779833088296,53.405877864536855,21.2,98,0.497,0.0,889.2,3,0.7071067811865475,0.7071067811865476,224,-0.655156357209085,-0.7554933140726804,247.0
node_2_5,2026-08-12 04:00:00,23.70278690392682,88.71038095934098,0.4328780864947298,0.0,931.5210279936068,53.405877864536855,21.0,99,0.496,0.0,889.1,4,0.8660254037844386,0.5000000000000001,224,-0.655156357209085,-0.7554933140726804,247.0
node_2_5,2026-08-12 05:00:00,24.375492927057422,88.13727646956532,0.4332893801487706,0.0,931.792507298429,53.405877864536855,20.9,100,0.499,0.0,889.0,5,0.9659258262890683,0.25881904510252074,224,-0.655156357209085,-0.7554933140726804,247.0
node_2_5,2026-08-12 06:00:00,24.889317482369588,87.99730941378168,0.432005033948323,24.566110146902282,932.2778972336964,53.405877864536855,21.5,99,0.497,25.0,889.5,6,1.0,6.123233995736766e-17,224,-0.655156357209085,-0.7554933140726804,247.0
node_2_5,2026-08-12 07:00:00,26.473663682817246,86.28079486289832,0.43072068774787536,162.2635798362781,932.7487631793643,53.405877864536855,23.7,94,0.496,163.0,890.5,7,0.9659258262890683,-0.25881904510252063,224,-0.655156357209085,-0.7554933140726804,247.0
node_2_5,2026-08-12 08:00:00,28.18678880384207,81.71479304822134,0.42872068774787536,357.25056023408763,933.2771117242759,53.405877864536855,25.4,86,0.494,361.0,891.2,8,0.8660254037844387,-0.4999999999999998,224,-0.655156357209085,-0.7554933140726804,247.0
node_2_5,2026-08-12 09:00:00,29.600086075133103,75.86702728708971,0.4254363415474277,551.9557766854425,933.5339809643654,53.405877864536855,27.3,76,0.492,557.0,891.6,9,0.7071067811865476,-0.7071067811865475,224,-0.655156357209085,-0.7554933140726804,247.0
node_2_5,2026-08-12 10:00:00,30.713297271291026,71.15922858174174,0.4224363415474277,712.3809506930049,933.5339809643654,53.405877864536855,29.1,65,0.489,723.0,891.8,10,0.49999999999999994,-0.8660254037844387,224,-0.655156357209085,-0.7554933140726804,247.0
node_2_5,2026-08-12 11:00:00,31.868681567672787,66.02356528261313,0.41971810549388233,817.9442619214635,933.1200703339201,53.405877864536855,30.2,61,0.487,844.0,891.5,11,0.258819045102521,-0.9659258262890682,224,-0.655156357209085,-0.7554933140726804,247.0
node_2_5,2026-08-12 12:00:00,31.825109598874278,67.59839127505083,0.41686420614120834,818.433109300083,933.048504953965,53.405877864536855,30.5,60,0.483,875.0,891.5,12,1.2246467991473532e-16,-1.0,224,-0.655156357209085,-0.7554933140726804,247.0
node_2_5,2026-08-12 13:00:00,31.912856062402994,66.59053618084644,0.414294652988982,770.3214727463776,932.2770256491427,53.405877864536855,30.4,61,0.48,819.0,890.8,13,-0.2588190451025208,-0.9659258262890683,224,-0.655156357209085,-0.7554933140726804,247.0
node_2_5,2026-08-12 14:00:00,32.25520131289302,65.15922858174174,0.41172509983675565,760.558688381599,931.848504953965,53.405877864536855,30.5,63,0.477,776.0,890.4,14,-0.4999999999999997,-0.8660254037844388,224,-0.655156357209085,-0.7554933140726804,247.0
node_2_5,2026-08-12 15:00:00,32.12676669284826,65.2983348861944,0.40987120048408165,597.2146194361645,931.448504953965,53.405877864536855,29.8,67,0.475,647.0,890.0,15,-0.7071067811865471,-0.7071067811865479,224,-0.655156357209085,-0.7554933140726804,247.0
node_2_5,2026-08-12 16:00:00,30.855545613425427,72.44185327952738,0.40943903213364596,421.24270513988324,931.0630289435644,53.405877864536855,29.0,70,0.473,459.0,889.6,16,-0.8660254037844384,-0.5000000000000004,224,-0.655156357209085,-0.7554933140726804,247.0
node_2_5,2026-08-12 17:00:00,30.27102726271157,79.287897537997,0.39858513278097196,251.96771887185145,931.0914635636092,53.405877864536855,28.2,75,0.463,274.0,889.5,17,-0.9659258262890683,-0.25881904510252063,224,-0.655156357209085,-0.7554933140726804,247.0
node_2_5,2026-08-12 18:00:00,28.557288782532503,89.86272353043466,0.4012990650778623,92.29209296242675,931.9338088140992,53.405877864536855,26.7,84,0.464,93.0,890.2,18,-1.0,-1.8369701987210297e-16,224,-0.655156357209085,-0.7554933140726804,247.0
node_2_5,2026-08-12 19:00:00,27.557374857665607,92.85658993889228,0.402584272029641,6.715653799552342,932.7907641293218,53.405877864536855,25.3,93,0.47,6.0,890.8,19,-0.9659258262890684,0.2588190451025203,224,-0.655156357209085,-0.7554933140726804,247.0
node_2_5,2026-08-12 20:00:00,27.14285086806611,92.7113500428973,0.40343903213364596,0.0,933.5047608349003,53.405877864536855,24.4,99,0.471,0.0,891.3,20,-0.8660254037844386,0.5000000000000001,224,-0.655156357209085,-0.7554933140726804,247.0
node_2_5,2026-08-12 21:00:00,26.81424409775514,93.14265764200198,0.40372423908542465,0.0,934.1478055196776,53.405877864536855,24.0,100,0.471,0.0,891.9,21,-0.7071067811865477,0.7071067811865474,224,-0.655156357209085,-0.7554933140726804,247.0
node_2_5,2026-08-12 22:00:00,26.54329207695414,92.99741774600696,0.40415468593319837,0.0,934.5193708996328,53.405877864536855,23.8,100,0.472,0.0,892.2,22,-0.5000000000000004,0.8660254037844384,224,-0.655156357209085,-0.7554933140726804,247.0
node_2_5,2026-08-12 23:00:00,26.78756348003998,90.4147366593649,0.39972423908542465,0.0,934.2339809643654,53.405877864536855,24.1,99,0.469,0.0,892.0,23,-0.25881904510252157,0.9659258262890681,224,-0.655156357209085,-0.7554933140726804,247.0
node_2_5,2026-08-13 00:00:00,26.31608417521785,91.27563035491227,0.4000094460372033,0.0,934.1485910290979,53.405877864536855,23.5,100,0.47,0.0,891.7,0,0.0,1.0,225,-0.6680638642135333,-0.7441039398713608,247.0
node_2_5,2026-08-13 01:00:00,25.93052208968425,91.99128415446461,0.40043989288497694,0.0,933.7200703339201,53.405877864536855,23.3,100,0.47,0.0,891.2,1,0.25881904510252074,0.9659258262890683,225,-0.6680638642135333,-0.7441039398713608,247.0
node_2_5,2026-08-13 02:00:00,25.444960004150644,93.70779870534795,0.40100944603720334,0.0,933.0485910290981,53.405877864536855,23.1,100,0.47,0.0,890.7,2,0.49999999999999994,0.8660254037844387,225,-0.6680638642135333,-0.7441039398713608,247.0
node_2_5,2026-08-13 03:00:00,25.274007983349648,94.27821260890528,0.40172509983675564,0.0,932.6916357138755,53.405877864536855,23.0,100,0.471,0.0,890.3,3,0.7071067811865475,0.7071067811865476,225,-0.6680638642135333,-0.7441039398713608,247.0
node_2_5,2026-08-13 04:00:00,24.93104937370538,94.99300565712662,0.40172509983675564,0.0,932.6771117242758,53.405877864536855,22.9,100,0.471,0.0,890.4,4,0.8660254037844386,0.5000000000000001,225,-0.6680638642135333,-0.7441039398713608,247.0
node_2_5,2026-08-13 05:00:00,25.846014572192917,89.98773281691527,0.398439032133646,0.0,932.4346803986529,53.405877864536855,22.9,99,0.465,0.0,890.0,5,0.9659258262890683,0.25881904510252074,225,-0.6680638642135333,-0.7441039398713608,247.0
node_2_5,2026-08-13 06:00:00,26.102969887415547,89.84862651246263,0.39872423908542465,21.860032944216343,932.7916357138754,53.405877864536855,23.3,98,0.465,21.0,890.5,6,1.0,6.123233995736766e-17,225,-0.6680638642135333,-0.7441039398713608,247.0
node_2_5,2026-08-13 07:00:00,27.48861804808225,88.70166511380559,0.39872423908542465,153.2818722786799,933.148591029098,53.405877864536855,25.2,90,0.465,158.0,891.2,7,0.9659258262890683,-0.25881904510252063,225,-0.6680638642135333,-0.7441039398713608,247.0
node_2_5,2026-08-13 08:00:00,28.816353233839678,79.13125121024825,0.398293792237651,346.6940266840518,933.2201564090533,53.405877864536855,26.4,79,0.465,347.0,891.2,8,0.8660254037844387,-0.4999999999999998,225,-0.6680638642135333,-0.7441039398713608,247.0
node_2_5,2026-08-13 09:00:00,29.957912974909274,73.13824555312164,0.396293792237651,533.6712138205444,933.0055463443207,53.405877864536855,28.0,68,0.463,545.0,891.2,9,0.7071067811865476,-0.7071067811865475,225,-0.6680638642135333,-0.7441039398713608,247.0
node_2_5,2026-08-13 10:00:00,30.928079486289832,67.43044684777367,0.394293792237651,694.5049908959292,933.2917217890085,53.405877864536855,29.5,58,0.461,716.0,891.5,10,0.49999999999999994,-0.8660254037844387,225,-0.6680638642135333,-0.7441039398713608,247.0
node_2_5,2026-08-13 11:00:00,31.814254930977665,63.56955315222632,0.39243548079609664,787.9203716421745,933.6486771042312,53.405877864536855,29.6,63,0.461,838.0,891.9,11,0.258819045102521,-0.9659258262890682,225,-0.6680638642135333,-0.7441039398713608,247.0
node_2_5,2026-08-13 12:00:00,31.488079930838587,65.55739430136688,0.3912867978947776,803.6657243158824,933.2485910290981,53.405877864536855,29.1,66,0.459,867.0,891.5,12,1.2246467991473532e-16,-1.0,225,-0.6680638642135333,-0.7441039398713608,247.0
node_2_5,2026-08-13 13:00:00,31.628068653067302,66.70962854023526,0.39171466248855824,790.2829719218993,932.4763262148554,53.405877864536855,29.4,65,0.458,780.0,890.8,13,-0.2588190451025208,-0.9659258262890683,225,-0.6680638642135333,-0.7441039398713608,247.0
node_2_5,2026-08-13 14:00:00,31.3698866195362,68.00710267509865,0.38971466248855824,702.7703144623072,931.8201564090534,53.405877864536855,27.3,76,0.462,618.0,889.9,14,-0.4999999999999997,-0.8660254037844388,225,-0.6680638642135333,-0.7441039398713608,247.0
node_2_5,2026-08-13 15:00:00,30.45876289301775,71.14362672555828,0.3888520472903489,575.3269563445683,931.3484188788318,53.405877864536855,27.2,80,0.465,586.0,889.6,15,-0.7071067811865471,-0.7071067811865479,225,-0.6680638642135333,-0.7441039398713608,247.0
node_2_5,2026-08-13 16:00:00,30.286939287663216,72.42969442866796,0.38828163338679156,415.0860810395723,930.8768534988766,53.405877864536855,27.0,81,0.466,398.0,889.2,16,-0.8660254037844384,-0.5000000000000004,225,-0.6680638642135333,-0.7441039398713608,247.0
node_2_5,2026-08-13 17:00:00,28.98897318183718,82.69811377625626,0.3802448318375374,251.231082043679,931.0054602691876,53.405877864536855,26.3,81,0.443,277.0,889.3,17,-0.9659258262890683,-0.25881904510252063,225,-0.6680638642135333,-0.7441039398713608,247.0
node_2_5,2026-08-13 18:00:00,27.81635323383968,87.84077141825824,0.3812456925888684,101.56966148445161,931.1333676052112,53.405877864536855,25.2,88,0.444,93.0,889.3,18,-1.0,-1.8369701987210297e-16,225,-0.6680638642135333,-0.7441039398713608,247.0
node_2_5,2026-08-13 19:00:00,26.787918613794915,91.98073847404189,0.3822465533401994,6.715653799552342,931.5623295092771,53.405877864536855,23.8,97,0.445,7.0,889.5,19,-0.9659258262890684,0.2588190451025203,225,-0.6680638642135333,-0.7441039398713608,247.0
node_2_5,2026-08-13 20:00:00,26.545046079283747,92.41204607314657,0.3826770001879731,0.0,932.1054602691876,53.405877864536855,23.6,98,0.446,0.0,890.0,20,-0.8660254037844386,0.5000000000000001,225,-0.6680638642135333,-0.7441039398713608,247.0
node_2_5,2026-08-13 21:00:00,26.15921493512832,92.27121826603192,0.3826770001879731,0.0,932.5771117242759,53.405877864536855,23.6,96,0.446,0.0,890.4,21,-0.7071067811865477,0.7071067811865474,225,-0.6680638642135333,-0.7441039398713608,247.0
node_2_5,2026-08-13 22:00:00,25.916955759771387,91.55470371514858,0.3833926539875255,0.0,932.3632010938306,53.405877864536855,23.4,96,0.447,0.0,890.2,22,-0.5000000000000004,0.8660254037844384,225,-0.6680638642135333,-0.7441039398713608,247.0
node_2_5,2026-08-13 23:00:00,26.489403557502687,88.97374413116853,0.3773821083071027,0.0,931.8631150186975,53.405877864536855,23.5,96,0.447,0.0,889.5,23,-0.25881904510252157,0.9659258262890681,225,-0.6680638642135333,-0.7441039398713608,247.0
node_2_5,2026-08-14 00:00:00,25.761227162857224,90.40333022761119,0.37781255515487644,0.0,931.606331853741,53.405877864536855,22.9,97,0.447,0.0,889.2,0,0.0,1.0,226,-0.680773409477016,-0.732494071613579,247.0
node_2_5,2026-08-14 01:00:00,25.218440703479164,91.83291632405385,0.37824300200265004,0.0,931.4779833088294,53.405877864536855,22.6,99,0.448,0.0,889.0,1,0.25881904510252074,0.9659258262890683,226,-0.680773409477016,-0.732494071613579,247.0
node_2_5,2026-08-14 02:00:00,24.933136843344865,92.26250242049653,0.37924300200265004,0.0,931.3634593192298,53.405877864536855,22.4,99,0.448,0.0,888.9,2,0.49999999999999994,0.8660254037844387,226,-0.680773409477016,-0.732494071613579,247.0
node_2_5,2026-08-14 03:00:00,24.776267603255334,92.26250242049653,0.37967344885042376,0.0,930.9641587535173,53.405877864536855,22.4,98,0.449,0.0,888.6,3,0.7071067811865475,0.7071067811865476,226,-0.680773409477016,-0.732494071613579,247.0
node_2_5,2026-08-14 04:00:00,24.676267603255333,91.6929492682702,0.3801038956981974,0.0,931.0071173631616,53.405877864536855,22.6,96,0.449,0.0,888.7,4,0.8660254037844386,0.5000000000000001,226,-0.680773409477016,-0.732494071613579,247.0
node_2_5,2026-08-14 05:00:00,24.513824555312162,96.57127465488833,0.3847983498046791,0.0,931.4201564090533,53.405877864536855,22.5,99,0.448,0.0,889.0,5,0.9659258262890683,0.25881904510252074,226,-0.680773409477016,-0.732494071613579,247.0
node_2_5,2026-08-14 06:00:00,24.743130759910468,96.85476010400498,0.38708441750778877,11.860893695547352,931.6624155844102,53.405877864536855,22.7,97,0.448,11.0,889.4,6,1.0,6.123233995736766e-17,226,-0.680773409477016,-0.732494071613579,247.0
node_2_5,2026-08-14 07:00:00,25.773663682817244,95.4251740075623,0.3867992105560101,87.7139322968903,932.0782523674513,53.405877864536855,23.5,94,0.449,105.0,889.9,7,0.9659258262890683,-0.25881904510252063,226,-0.680773409477016,-0.732494071613579,247.0
node_2_5,2026-08-14 08:00:00,26.0292201294652,90.41731891335795,0.3875131428529004,186.07540479948656,932.8922490730295,53.405877864536855,24.7,90,0.449,187.0,890.7,8,0.8660254037844387,-0.4999999999999998,226,-0.680773409477016,-0.732494071613579,247.0
node_2_5,2026-08-14 09:00:00,25.91242568673749,92.71565379955234,0.3925227194497668,327.116213242629,933.7068591377623,53.405877864536855,25.2,88,0.449,269.0,891.3,9,0.7071067811865476,-0.7071067811865475,226,-0.680773409477016,-0.732494071613579,247.0
node_2_5,2026-08-14 10:00:00,26.783291632405387,89.29478354864506,0.39580609656665816,385.92733194466757,934.0349386240521,53.405877864536855,25.8,84,0.452,409.0,891.6,10,0.49999999999999994,-0.8660254037844387,226,-0.680773409477016,-0.732494071613579,247.0
node_2_5,2026-08-14 11:00:00,26.48767122161814,85.13114287802297,0.3971105650443949,376.08307136314943,934.5354659080732,53.405877864536855,25.7,83,0.454,356.0,892.2,11,0.258819045102521,-0.9659258262890682,226,-0.680773409477016,-0.732494071613579,247.0
node_2_5,2026-08-14 12:00:00,26.5000860751331,87.70682962179166,0.4001026016179653,331.7061514945308,934.6493765385185,53.405877864536855,25.6,86,0.458,381.0,892.3,12,1.2246467991473532e-16,-1.0,226,-0.680773409477016,-0.732494071613579,247.0
node_2_5,2026-08-14 13:00:00,26.957299615755034,86.56686256600801,0.4003930814099552,413.2767240916603,934.1639005281179,53.405877864536855,26.2,81,0.459,350.0,891.9,13,-0.2588190451025208,-0.9659258262890683,226,-0.680773409477016,-0.732494071613579,247.0
node_2_5,2026-08-14 14:00:00,27.012856062402996,86.00172150266201,0.4002522536028406,378.79061936366645,933.8493765385185,53.405877864536855,25.2,85,0.461,337.0,891.3,14,-0.4999999999999997,-0.8660254037844388,226,-0.680773409477016,-0.732494071613579,247.0
node_2_5,2026-08-14 15:00:00,26.629037145976472,87.27649110624327,0.4001035707015216,284.2144249991517,933.2349386240521,53.405877864536855,23.5,95,0.468,189.0,890.5,15,-0.7071067811865471,-0.7071067811865479,226,-0.680773409477016,-0.732494071613579,247.0
node_2_5,2026-08-14 16:00:00,26.443916269330906,87.84690500980061,0.40081223015820044,210.15330574817864,932.3487631793643,53.405877864536855,23.5,95,0.47,185.0,890.0,16,-0.8660254037844384,-0.5000000000000004,226,-0.680773409477016,-0.732494071613579,247.0
node_2_5,2026-08-14 17:00:00,26.37156537995523,86.0,0.39894950662776585,149.7111333784467,932.1342391897647,53.405877864536855,25.0,80,0.483,142.0,890.0,17,-0.9659258262890683,-0.25881904510252063,226,-0.680773409477016,-0.732494071613579,247.0
node_2_5,2026-08-14 18:00:00,25.586175444687832,91.71479304822132,0.3978086788206512,61.055093991655966,931.6778972336963,53.405877864536855,23.9,87,0.482,60.0,889.2,18,-1.0,-1.8369701987210297e-16,226,-0.680773409477016,-0.732494071613579,247.0
node_2_5,2026-08-14 19:00:00,24.843216835043567,97.0,0.3966678510135365,4.431307599104686,931.892507298429,53.405877864536855,23.1,93,0.481,4.0,889.1,19,-0.9659258262890684,0.2588190451025203,226,-0.680773409477016,-0.732494071613579,247.0
node_2_5,2026-08-14 20:00:00,24.6002582253993,97.56955315222632,0.3960974371099792,0.0,932.5494626136516,53.405877864536855,22.7,95,0.481,0.0,889.8,20,-0.8660254037844386,0.5000000000000001,226,-0.680773409477016,-0.732494071613579,247.0
node_2_5,2026-08-14 21:00:00,24.557213540621934,97.71565379955234,0.39552702320642186,0.0,933.0634593192299,53.405877864536855,22.4,97,0.48,0.0,890.2,21,-0.7071067811865477,0.7071067811865474,226,-0.680773409477016,-0.732494071613579,247.0
node_2_5,2026-08-14 22:00:00,24.528606770310965,97.28606770310967,0.3952409555033122,0.0,933.3634593192298,53.405877864536855,22.3,98,0.479,0.0,890.6,22,-0.5000000000000004,0.8660254037844384,226,-0.680773409477016,-0.732494071613579,247.0
node_2_5,2026-08-14 23:00:00,25.00104373481974,96.85476010400498,0.39124881059751654,0.0,933.134938624052,53.405877864536855,22.7,99,0.476,0.0,890.5,23,-0.25881904510252157,0.9659258262890681,226,-0.680773409477016,-0.732494071613579,247.0
node_2_5,2026-08-15 00:00:00,24.544787853884444,97.99386640845763,0.3909636036457379,0.0,932.66345931923,53.405877864536855,22.2,100,0.476,0.0,890.1,0,0.0,1.0,227,-0.6932812268869771,-0.7206671495538615,247.0
node_2_5,2026-08-15 01:00:00,24.11643930897278,98.27821260890529,0.3906783966939592,0.0,932.3205007095858,53.405877864536855,22.0,100,0.476,0.0,889.7,1,0.25881904510252074,0.9659258262890683,227,-0.6932812268869771,-0.7206671495538615,247.0
node_2_5,2026-08-15 02:00:00,23.930436014551145,98.27821260890529,0.39039318974218057,0.0,932.3065900791405,53.405877864536855,21.7,100,0.475,0.0,889.5,2,0.49999999999999994,0.8660254037844387,227,-0.6932812268869771,-0.7206671495538615,247.0
node_2_5,2026-08-15 03:00:00,23.701915319373278,97.56341956068395,0.3906775359426282,0.0,932.1496347639178,53.405877864536855,21.5,100,0.475,0.0,889.3,3,0.7071067811865475,0.7071067811865476,227,-0.6932812268869771,-0.7206671495538615,247.0
node_2_5,2026-08-15 04:00:00,23.61661145923898,96.84776576113161,0.39082277583862324,0.0,932.450248123072,53.405877864536855,21.4,100,0.475,0.0,889.6,4,0.8660254037844386,0.5000000000000001,227,-0.6932812268869771,-0.7206671495538615,247.0
node_2_5,2026-08-15 05:00:00,24.14426056986331,96.8469050098006,0.3933888859855255,0.0,932.2918078641417,53.405877864536855,21.8,99,0.474,0.0,889.6,5,0.9659258262890683,0.25881904510252074,227,-0.6932812268869771,-0.7206671495538615,247.0
node_2_5,2026-08-15 06:00:00,24.57339462419541,95.41645816202691,0.3933888859855255,19.575686743768685,932.8779833088295,53.405877864536855,21.9,99,0.474,19.0,890.0,6,1.0,6.123233995736766e-17,227,-0.6932812268869771,-0.7206671495538615,247.0
node_2_5,2026-08-15 07:00:00,25.743561135575973,90.99655699467596,0.3928184720819682,140.14276597422725,933.792507298429,53.405877864536855,23.8,89,0.473,143.0,891.3,7,0.9659258262890683,-0.25881904510252063,227,-0.6932812268869771,-0.7206671495538615,247.0
node_2_5,2026-08-15 08:00:00,26.026680617715154,87.43571968798501,0.3942559132726152,271.47370698524605,934.3633732440969,53.405877864536855,25.2,78,0.472,308.0,892.0,8,0.8660254037844387,-0.4999999999999998,227,-0.6932812268869771,-0.7206671495538615,247.0
node_2_5,2026-08-15 09:00:00,27.341904041601993,82.2983348861944,0.39397070632083653,451.4274371713508,934.334938624052,53.405877864536855,26.5,71,0.47,510.0,892.0,9,0.7071067811865476,-0.7071067811865475,227,-0.6932812268869771,-0.7206671495538615,247.0
node_2_5,2026-08-15 10:00:00,28.584163216958924,77.5975305237198,0.39254112022439386,644.3436356165333,934.3064179288742,53.405877864536855,27.6,66,0.469,698.0,892.2,10,0.49999999999999994,-0.8660254037844387,227,-0.6932812268869771,-0.7206671495538615,247.0
node_2_5,2026-08-15 11:00:00,29.183291632405385,75.44615703618243,0.3929628512266322,712.511260953606,934.3203285593195,53.405877864536855,27.3,72,0.467,779.0,892.2,11,0.258819045102521,-0.9659258262890682,227,-0.6932812268869771,-0.7206671495538615,247.0
node_2_5,2026-08-15 12:00:00,28.156266714157823,79.57999050042373,0.39353853797040084,475.9589405474138,933.4064179288744,53.405877864536855,26.4,75,0.466,572.0,891.2,12,1.2246467991473532e-16,-1.0,227,-0.6932812268869771,-0.7206671495538615,247.0
node_2_5,2026-08-15 13:00:00,28.943841027420333,76.13555496690331,0.3919689848181745,669.6123174818953,932.9203285593194,53.405877864536855,26.6,75,0.465,667.0,890.7,13,-0.2588190451025208,-0.9659258262890683,227,-0.6932812268869771,-0.7206671495538615,247.0
node_2_5,2026-08-15 14:00:00,28.873233307151736,75.27207901736293,0.39110723037129613,583.3628346635892,931.7918939392747,53.405877864536855,26.8,74,0.464,629.0,889.8,14,-0.4999999999999997,-0.8660254037844388,227,-0.6932812268869771,-0.7206671495538615,247.0
node_2_5,2026-08-15 15:00:00,28.829758246708863,75.42689551022434,0.3892454759244178,482.13326336459295,930.8201564090532,53.405877864536855,26.5,76,0.463,461.0,888.9,15,-0.7071067811865471,-0.7071067811865479,227,-0.6932812268869771,-0.7206671495538615,247.0
node_2_5,2026-08-15 16:00:00,28.7435719687985,76.00172150266201,0.3875298221248655,430.7930249000606,930.1056324194537,53.405877864536855,26.5,78,0.461,452.0,888.1,16,-0.8660254037844384,-0.5000000000000004,227,-0.6932812268869771,-0.7206671495538615,247.0
node_2_5,2026-08-15 17:00:00,27.432007033392026,89.13039045891726,0.37938888598552556,276.14976031710063,930.0201564090532,53.405877864536855,25.0,96,0.459,276.0,887.9,17,-0.9659258262890683,-0.25881904510252063,227,-0.6932812268869771,-0.7206671495538615,247.0
node_2_5,2026-08-15 18:00:00,26.702442603394417,94.56869240089532,0.37995843913775185,90.70607720268595,930.448504953965,53.405877864536855,24.1,95,0.46,97.0,888.1,18,-1.0,-1.8369701987210297e-16,227,-0.6932812268869771,-0.7206671495538615,247.0
node_2_5,2026-08-15 19:00:00,25.973921908216546,96.27907336023631,0.38024364608953054,5.285206951778667,931.006245778608,53.405877864536855,23.6,98,0.461,6.0,888.7,19,-0.9659258262890684,0.2588190451025203,227,-0.6932812268869771,-0.7206671495538615,247.0
node_2_5,2026-08-15 20:00:00,25.701743169107075,95.85476010400498,0.38024364608953054,0.0,931.6777250834302,53.405877864536855,23.3,99,0.461,0.0,889.2,20,-0.8660254037844386,0.5000000000000001,227,-0.6932812268869771,-0.7206671495538615,247.0
node_2_5,2026-08-15 21:00:00,24.973405457417943,96.85562085533599,0.38438092255909584,0.0,932.3203285593195,53.405877864536855,22.9,100,0.461,0.0,889.7,21,-0.7071067811865477,0.7071067811865474,227,-0.6932812268869771,-0.7206671495538615,247.0
node_2_5,2026-08-15 22:00:00,24.530446847773675,97.57041390355732,0.3955039936784639,0.0,932.3204146344526,53.405877864536855,22.5,100,0.461,0.0,889.6,22,-0.5000000000000004,0.8660254037844384,227,-0.6932812268869771,-0.7206671495538615,247.0
node_2_5,2026-08-15 23:00:00,25.102098302862007,95.41817966468895,0.3863561715284758,0.0,931.6064179288742,53.405877864536855,22.7,99,0.455,0.0,889.1,23,-0.25881904510252157,0.9659258262890681,227,-0.6932812268869771,-0.7206671495538615,247.0
node_2_5,2026-08-16 00:00:00,24.488359822682952,96.70252586513661,0.3860683823227041,0.0,931.3778972336963,53.405877864536855,22.0,100,0.459,0.0,888.9,0,0.0,1.0,228,-0.7055836101071774,-0.70862667826446,247.0
node_2_5,2026-08-16 01:00:00,24.144787853884445,97.2790733602363,0.38791883867005406,0.0,930.8063318537412,53.405877864536855,22.1,100,0.461,0.0,888.4,1,0.25881904510252074,0.9659258262890683,228,-0.7055836101071774,-0.70862667826446,247.0
node_2_5,2026-08-16 02:00:00,23.78730525464068,97.70865945667896,0.3877788716142704,0.0,930.234852548919,53.405877864536855,21.8,100,0.461,0.0,887.8,2,0.49999999999999994,0.8660254037844387,228,-0.7055836101071774,-0.70862667826446,247.0
node_2_5,2026-08-16 03:00:00,23.573480699328513,97.70865945667896,0.38720845771071305,0.0,929.892421223296,53.405877864536855,21.5,100,0.461,0.0,887.1,3,0.7071067811865475,0.7071067811865476,228,-0.7055836101071774,-0.70862667826446,247.0
node_2_5,2026-08-16 04:00:00,23.44521822954995,96.99300565712662,0.38692325075893436,0.0,930.0355519832062,53.405877864536855,21.3,100,0.461,0.0,887.3,4,0.8660254037844386,0.5000000000000001,228,-0.7055836101071774,-0.70862667826446,247.0
node_2_5,2026-08-16 05:00:00,24.144701778751344,97.99827849733798,0.3857781191951647,0.0,929.8209419184737,53.405877864536855,22.3,100,0.467,0.0,887.5,5,0.9659258262890683,0.25881904510252074,228,-0.7055836101071774,-0.70862667826446,247.0
node_2_5,2026-08-16 06:00:00,24.33070507317298,98.56869240089532,0.38577725844383365,17.431307599104684,930.5784245177175,53.405877864536855,22.4,99,0.468,16.0,888.1,6,1.0,6.123233995736766e-17,228,-0.7055836101071774,-0.70862667826446,247.0
node_2_5,2026-08-16 07:00:00,25.044701778751342,96.5686924008953,0.3879137824942933,108.76073786544075,931.0923351481629,53.405877864536855,23.1,97,0.468,114.0,888.7,7,0.9659258262890683,-0.25881904510252063,228,-0.7055836101071774,-0.70862667826446,247.0
node_2_5,2026-08-16 08:00:00,26.073394624195412,91.85303860134297,0.38791292174296227,268.71331043744766,931.6209419184737,53.405877864536855,24.0,93,0.468,265.0,889.3,8,0.8660254037844387,-0.4999999999999998,228,-0.7055836101071774,-0.70862667826446,247.0
node_2_5,2026-08-16 09:00:00,27.501560185618345,84.86358428176567,0.38776682109563626,455.90277955447135,931.8064179288743,53.405877864536855,26.2,77,0.467,454.0,889.8,9,0.7071067811865476,-0.7071067811865475,228,-0.7055836101071774,-0.70862667826446,247.0
node_2_5,2026-08-16 10:00:00,27.394393692478772,83.16977426216445,0.3983810308913211,548.6616313172067,931.6776390082971,53.405877864536855,26.9,73,0.466,618.0,889.5,10,0.49999999999999994,-0.8660254037844387,228,-0.7055836101071774,-0.70862667826446,247.0
node_2_5,2026-08-16 11:00:00,27.85266180114298,83.60893695547352,0.4082751747985733,612.3548996756814,931.6495486887848,53.405877864536855,27.9,69,0.464,707.0,889.6,11,0.258819045102521,-0.9659258262890682,228,-0.7055836101071774,-0.70862667826446,247.0
node_2_5,2026-08-16 12:00:00,27.842775626155536,84.73319382284842,0.41514220208566305,648.2215335807217,931.6492043882523,53.405877864536855,28.2,66,0.463,806.0,889.7,12,1.2246467991473532e-16,-1.0,228,-0.7055836101071774,-0.70862667826446,247.0
node_2_5,2026-08-16 13:00:00,27.06832643391785,86.1636406706221,0.43321569685194605,564.6378611830855,931.2200703339201,53.405877864536855,25.8,79,0.468,704.0,888.8,13,-0.2588190451025208,-0.9659258262890683,228,-0.7055836101071774,-0.70862667826446,247.0
node_2_5,2026-08-16 14:00:00,26.895190035121736,88.88273747549849,0.43894092724836486,423.4649810298283,930.5917217890085,53.405877864536855,25.1,89,0.482,655.0,887.9,14,-0.4999999999999997,-0.8660254037844388,228,-0.7055836101071774,-0.70862667826446,247.0
node_2_5,2026-08-16 15:00:00,26.401732335884546,94.28703678666596,0.4420373150764715,363.52010145233305,930.0777250834301,53.405877864536855,25.0,95,0.5,324.0,887.9,15,-0.7071067811865471,-0.7071067811865479,228,-0.7055836101071774,-0.70862667826446,247.0
node_2_5,2026-08-16 16:00:00,26.258085125175473,95.28789753799697,0.4421658757005014,325.29179609965996,929.9063318537412,53.405877864536855,24.6,94,0.499,314.0,887.7,16,-0.8660254037844384,-0.5000000000000004,228,-0.7055836101071774,-0.70862667826446,247.0
node_2_5,2026-08-16 17:00:00,26.200699434287337,94.856481606667,0.4151584480287269,147.2067643419601,930.163814452985,53.405877864536855,23.9,94,0.492,172.0,887.7,17,-0.9659258262890683,-0.25881904510252063,228,-0.7055836101071774,-0.70862667826446,247.0
node_2_5,2026-08-16 18:00:00,25.215653799552342,98.0,0.4150106258787389,78.567723317339,930.2630289435643,53.405877864536855,22.5,100,0.494,64.0,888.1,18,-1.0,-1.8369701987210297e-16,228,-0.7055836101071774,-0.70862667826446,247.0
node_2_5,2026-08-16 19:00:00,24.471737530221436,99.28520695177866,0.4157298310158406,4.715653799552343,930.8922490730295,53.405877864536855,22.5,99,0.5,4.0,888.1,19,-0.9659258262890684,0.2588190451025203,228,-0.7055836101071774,-0.70862667826446,247.0
node_2_5,2026-08-16 20:00:00,24.04321683504357,99.71565379955233,0.42706668895395117,0.0,931.7785105928506,53.405877864536855,21.8,100,0.517,0.0,889.3,20,-0.8660254037844386,0.5000000000000001,228,-0.7055836101071774,-0.70862667826446,247.0
node_2_5,2026-08-16 21:00:00,23.943744119064704,99.13910630445264,0.4364595818333649,0.0,932.1488492544972,53.405877864536855,22.0,100,0.512,0.0,889.4,21,-0.7071067811865477,0.7071067811865474,228,-0.7055836101071774,-0.70862667826446,247.0
node_2_5,2026-08-16 22:00:00,23.67147930482213,98.43044684777367,0.4363178932749192,0.0,932.2785105928506,53.405877864536855,22.0,100,0.507,0.0,889.6,22,-0.5000000000000004,0.8660254037844384,228,-0.7055836101071774,-0.70862667826446,247.0
node_2_5,2026-08-16 23:00:00,24.215309499019938,98.28434620044766,0.4340345161580279,0.0,931.4632871689638,53.405877864536855,22.0,99,0.5,0.0,889.1,23,-0.25881904510252157,0.9659258262890681,228,-0.7055836101071774,-0.70862667826446,247.0
node_2_5,2026-08-17 00:00:00,23.944185327952738,97.70865945667896,0.43259535346471883,0.0,931.3208558433407,53.405877864536855,21.5,100,0.505,0.0,888.6,0,0.0,1.0,229,-0.7176769136759615,-0.6963762255968726,247.0
node_2_5,2026-08-17 01:00:00,23.843658043931605,98.99999999999999,0.43216404586561413,0.0,931.063900528118,53.405877864536855,21.5,100,0.502,0.0,888.3,1,0.25881904510252074,0.9659258262890683,229,-0.7176769136759615,-0.6963762255968726,247.0
node_2_5,2026-08-17 02:00:00,23.915223423886836,98.99999999999999,0.43030229141873577,0.0,930.6493765385185,53.405877864536855,21.6,99,0.501,0.0,887.9,2,0.49999999999999994,0.8660254037844387,229,-0.7176769136759615,-0.6963762255968726,247.0
node_2_5,2026-08-17 03:00:00,23.87147930482213,98.28434620044766,0.42815619077140976,0.0,930.4493765385184,53.405877864536855,21.7,100,0.498,0.0,887.7,3,0.7071067811865475,0.7071067811865476,229,-0.7176769136759615,-0.6963762255968726,247.0
node_2_5,2026-08-17 04:00:00,23.843744119064702,97.70865945667896,0.42672488317230506,0.0,930.3494626136517,53.405877864536855,21.7,100,0.499,0.0,887.7,4,0.8660254037844386,0.5000000000000001,229,-0.7176769136759615,-0.6963762255968726,247.0
node_2_5,2026-08-17 05:00:00,24.086003294421637,97.85917219288532,0.4112462283435235,0.0,930.692507298429,53.405877864536855,22.0,99,0.482,0.0,887.9,5,0.9659258262890683,0.25881904510252074,229,-0.7176769136759615,-0.6963762255968726,247.0
node_2_5,2026-08-17 06:00:00,24.1434858936654,98.71479304822132,0.4155243326202035,11.993005657126627,931.3639005281179,53.405877864536855,22.1,99,0.481,17.0,888.7,6,1.0,6.123233995736766e-17,229,-0.7176769136759615,-0.6963762255968726,247.0
node_2_5,2026-08-17 07:00:00,25.043744119064705,97.14523989599502,0.4136687117648675,114.70510811912963,931.4209419184738,53.405877864536855,22.7,96,0.48,122.0,888.8,7,0.9659258262890683,-0.25881904510252063,229,-0.7176769136759615,-0.6963762255968726,247.0
node_2_5,2026-08-17 08:00:00,25.25572859691416,95.29919563752541,0.4172575264430519,264.07970855614167,931.8639005281179,53.405877864536855,23.5,91,0.481,318.0,889.3,8,0.8660254037844387,-0.4999999999999998,229,-0.7176769136759615,-0.6963762255968726,247.0
node_2_5,2026-08-17 09:00:00,25.59798777227109,93.16095008440377,0.4191184201385993,409.86089369554736,932.4070312880285,53.405877864536855,24.8,87,0.48,483.0,889.9,9,0.7071067811865476,-0.7071067811865475,229,-0.7176769136759615,-0.6963762255968726,247.0
node_2_5,2026-08-17 10:00:00,26.41041345900858,89.6062463692552,0.4217002404739103,476.7971980970526,932.792507298429,53.405877864536855,25.1,86,0.48,473.0,890.3,10,0.49999999999999994,-0.8660254037844387,229,-0.7176769136759615,-0.6963762255968726,247.0
node_2_5,2026-08-17 11:00:00,28.368767642805885,79.02184377995113,0.4171245537301417,573.2007731230234,932.8639866032511,53.405877864536855,25.7,81,0.482,707.0,890.4,11,0.258819045102521,-0.9659258262890682,229,-0.7176769136759615,-0.6963762255968726,247.0
node_2_5,2026-08-17 12:00:00,28.671038095934097,77.57654749509969,0.41497845308281567,634.0627442343523,932.4923351481627,53.405877864536855,26.3,82,0.481,839.0,890.5,12,1.2246467991473532e-16,-1.0,229,-0.7176769136759615,-0.6963762255968726,247.0
node_2_5,2026-08-17 13:00:00,28.82903714597647,77.14437914466399,0.41326279928326326,568.9991153181709,931.992507298429,53.405877864536855,26.5,78,0.479,611.0,889.9,13,-0.2588190451025208,-0.9659258262890683,229,-0.7176769136759615,-0.6963762255968726,247.0
node_2_5,2026-08-17 14:00:00,28.01652538410588,82.12952970758624,0.4149767315801536,457.2025449870323,931.3492043882524,53.405877864536855,25.5,81,0.481,520.0,888.9,14,-0.4999999999999997,-0.8660254037844388,229,-0.7176769136759615,-0.6963762255968726,247.0
node_2_5,2026-08-17 15:00:00,27.10289464550498,87.98332072803493,0.4209652168161746,412.33622566417273,930.9056324194537,53.405877864536855,25.3,87,0.49,596.0,888.5,15,-0.7071067811865471,-0.7071067811865479,229,-0.7176769136759615,-0.6963762255968726,247.0
node_2_5,2026-08-17 16:00:00,26.09842898115912,91.43388985309771,0.42585150562922236,324.0165768462111,930.5206836930745,53.405877864536855,25.3,85,0.49,423.0,888.4,16,-0.8660254037844384,-0.5000000000000004,229,-0.7176769136759615,-0.6963762255968726,247.0
node_2_5,2026-08-17 17:00:00,25.899989166777466,94.72006588843269,0.4517381194389461,151.37704622487064,930.7339809643654,53.405877864536855,22.8,99,0.499,181.0,888.5,17,-0.9659258262890683,-0.25881904510252063,229,-0.7176769136759615,-0.6963762255968726,247.0
node_2_5,2026-08-17 18:00:00,25.316536217328412,97.71565379955234,0.4507335990178405,75.42947776421738,930.9770256491429,53.405877864536855,22.7,99,0.498,64.0,888.8,18,-1.0,-1.8369701987210297e-16,229,-0.7176769136759615,-0.6963762255968726,247.0
node_2_5,2026-08-17 19:00:00,24.38687487897517,97.56255880935294,0.4478796996651665,3.715653799552343,931.6486771042312,53.405877864536855,22.4,100,0.498,4.0,889.2,19,-0.9659258262890684,0.2588190451025203,229,-0.7176769136759615,-0.6963762255968726,247.0
node_2_5,2026-08-17 20:00:00,24.02983348861944,98.56955315222632,0.4513224136960249,0.0,932.3632010938306,53.405877864536855,22.3,100,0.499,0.0,890.0,20,-0.8660254037844386,0.5000000000000001,229,-0.7176769136759615,-0.6963762255968726,247.0
node_2_5,2026-08-17 21:00:00,23.92974741348634,98.13910630445264,0.45045893774648454,0.0,932.7632010938307,53.405877864536855,22.1,100,0.501,0.0,890.4,21,-0.7071067811865477,0.7071067811865474,229,-0.7176769136759615,-0.6963762255968726,247.0
node_2_5,2026-08-17 22:00:00,23.80131279344157,98.13910630445264,0.4503119763478275,0.0,933.0632010938307,53.405877864536855,22.1,100,0.501,0.0,890.5,22,-0.5000000000000004,0.8660254037844384,229,-0.7176769136759615,-0.6963762255968726,247.0
node_2_5,2026-08-17 23:00:00,24.87296424852991,94.98773281691527,0.4503216612769192,0.0,932.6493765385185,53.405877864536855,21.9,99,0.506,0.0,889.9,23,-0.25881904510252157,0.9659258262890681,229,-0.7176769136759615,-0.6963762255968726,247.0
node_2_5,2026-08-18 00:00:00,24.200172150266198,97.13996705578364,0.45059890480226816,0.0,932.5785105928505,53.405877864536855,21.8,100,0.508,0.0,889.7,0,0.0,1.0,230,-0.7295575540864876,-0.6839194216246105,247.0
node_2_5,2026-08-18 01:00:00,23.7855620855336,98.57041390355732,0.45188852384292716,0.0,932.0069452128953,53.405877864536855,21.8,100,0.506,0.0,889.4,1,0.25881904510252074,0.9659258262890683,230,-0.7295575540864876,-0.6839194216246105,247.0
node_2_5,2026-08-18 02:00:00,23.6856481606667,98.85476010400498,0.4497398409416081,0.0,931.7644278121392,53.405877864536855,21.9,100,0.503,0.0,889.0,2,0.49999999999999994,0.8660254037844387,230,-0.7295575540864876,-0.6839194216246105,247.0
node_2_5,2026-08-18 03:00:00,23.4711241710672,99.28520695177866,0.44858416369741566,0.0,931.5068591377623,53.405877864536855,21.8,98,0.52,0.0,888.7,3,0.7071067811865475,0.7071067811865476,230,-0.7295575540864876,-0.6839194216246105,247.0
node_2_5,2026-08-18 04:00:00,23.29894543195773,99.000860751331,0.4481458617554376,0.0,931.9077307223157,53.405877864536855,21.8,99,0.512,0.0,889.2,4,0.8660254037844386,0.5000000000000001,230,-0.7295575540864876,-0.6839194216246105,247.0
node_2_5,2026-08-18 05:00:00,23.670252586513662,98.43216835043569,0.44504334033578863,0.0,931.6070312880285,53.405877864536855,22.2,100,0.519,0.0,888.9,5,0.9659258262890683,0.25881904510252074,230,-0.7295575540864876,-0.6839194216246105,247.0
node_2_5,2026-08-18 06:00:00,23.55572859691416,98.86261519820937,0.4584493611496181,5.861754446878362,932.0499898976727,53.405877864536855,22.1,99,0.52,0.0,889.1,6,1.0,6.123233995736766e-17,230,-0.7295575540864876,-0.6839194216246105,247.0
node_2_5,2026-08-18 07:00:00,23.65590074718036,98.71565379955233,0.45918513722645954,21.276166109567402,932.250248123072,53.405877864536855,21.9,98,0.52,9.0,889.4,7,0.9659258262890683,-0.25881904510252063,230,-0.7295575540864876,-0.6839194216246105,247.0
node_2_5,2026-08-18 08:00:00,23.899558791111964,99.14523989599499,0.4560538860162113,63.725657818848596,932.8786827431168,53.405877864536855,22.0,98,0.504,33.0,890.1,8,0.8660254037844387,-0.4999999999999998,230,-0.7295575540864876,-0.6839194216246105,247.0
node_2_5,2026-08-18 09:00:00,24.214341006110768,99.14523989599499,0.45263914935684635,77.42710626820362,933.4932067327163,53.405877864536855,22.5,98,0.5,97.0,890.7,9,0.7071067811865476,-0.7071067811865475,230,-0.7295575540864876,-0.6839194216246105,247.0
node_2_5,2026-08-18 10:00:00,24.684765742890633,98.00355133754933,0.4580391449113588,174.1287373416288,934.0500759728059,53.405877864536855,22.9,98,0.506,177.0,891.0,10,0.49999999999999994,-0.8660254037844387,230,-0.7295575540864876,-0.6839194216246105,247.0
node_2_5,2026-08-18 11:00:00,24.82771351931237,94.72275647465099,0.4540417271653519,199.3039611616035,934.6210279936068,53.405877864536855,22.3,98,0.507,227.0,891.7,11,0.258819045102521,-0.9659258262890682,230,-0.7295575540864876,-0.6839194216246105,247.0
node_2_5,2026-08-18 12:00:00,25.59970927493311,91.14448747688928,0.45331477526627106,339.8797264006281,934.1780693839626,53.405877864536855,22.8,96,0.519,155.0,891.4,12,1.2246467991473532e-16,-1.0,230,-0.7295575540864876,-0.6839194216246105,247.0
node_2_5,2026-08-18 13:00:00,26.085271360466706,89.2897273728843,0.44561827466045156,343.23969406501294,933.692507298429,53.405877864536855,23.3,95,0.518,252.0,890.9,13,-0.2588190451025208,-0.9659258262890683,230,-0.7295575540864876,-0.6839194216246105,247.0
node_2_5,2026-08-18 14:00:00,26.12753053582364,88.86455336532197,0.4466078373122542,330.2466661804485,933.0639866032511,53.405877864536855,23.5,95,0.516,302.0,890.3,14,-0.4999999999999997,-0.8660254037844388,230,-0.7295575540864876,-0.6839194216246105,247.0
node_2_5,2026-08-18 15:00:00,26.34372245261964,89.84787409335691,0.4483182182715951,349.1805529280042,932.335293757807,53.405877864536855,23.3,95,0.513,248.0,889.8,15,-0.7071067811865471,-0.7071067811865479,230,-0.7295575540864876,-0.6839194216246105,247.0
node_2_5,2026-08-18 16:00:00,25.729650505130707,92.56169805802193,0.45116759720316346,282.5354644166282,931.9778972336962,53.405877864536855,23.4,94,0.51,224.0,889.4,16,-0.8660254037844384,-0.5000000000000004,230,-0.7295575540864876,-0.6839194216246105,247.0
node_2_5,2026-08-18 17:00:00,25.316095008440378,97.27821260890528,0.4421877194804526,169.0479913165573,932.3204146344526,53.405877864536855,23.7,98,0.508,163.0,889.9,17,-0.9659258262890683,-0.25881904510252063,230,-0.7295575540864876,-0.6839194216246105,247.0
node_2_5,2026-08-18 18:00:00,24.917063501349546,96.70166511380559,0.44688314267049056,42.76009377856032,932.7774560248083,53.405877864536855,23.1,96,0.518,35.0,890.3,18,-1.0,-1.8369701987210297e-16,230,-0.7295575540864876,-0.6839194216246105,247.0
node_2_5,2026-08-18 19:00:00,24.68862888130478,95.98687206558425,0.4443101465129401,2.00086075133101,933.3777250834302,53.405877864536855,22.9,96,0.515,2.0,890.9,19,-0.9659258262890684,0.2588190451025203,230,-0.7295575540864876,-0.6839194216246105,247.0
node_2_5,2026-08-18 20:00:00,24.516536217328408,95.84776576113161,0.4444466705633998,0.0,933.7492904633854,53.405877864536855,22.7,97,0.513,0.0,891.1,20,-0.8660254037844386,0.5000000000000001,230,-0.7295575540864876,-0.6839194216246105,247.0
node_2_5,2026-08-18 21:00:00,24.401398868574674,95.4243132562313,0.4435857768678524,0.0,934.2208558433406,53.405877864536855,22.5,97,0.51,0.0,891.6,21,-0.7071067811865477,0.7071067811865474,230,-0.7295575540864876,-0.6839194216246105,247.0
node_2_5,2026-08-18 22:00:00,24.273050323663007,94.99300565712662,0.4424379547178644,0.0,934.4063318537411,53.405877864536855,22.1,99,0.509,0.0,891.6,22,-0.5000000000000004,0.8660254037844384,230,-0.7295575540864876,-0.6839194216246105,247.0
node_2_5,2026-08-18 23:00:00,24.28678880384207,96.57127465488833,0.44100234336210464,0.0,934.0634593192299,53.405877864536855,22.1,99,0.506,0.0,891.3,23,-0.25881904510252157,0.9659258262890681,230,-0.7295575540864876,-0.6839194216246105,247.0
node_5_4,2026-08-01 00:00:00,24.04517146136395,91.33880438132427,0.4376713243563225,0.0,910.6311729505376,43.327678063478004,17.5,88,0.497,0.0,811.9,0,0.0,1.0,213,-0.5012418134457756,-0.8653072543632061,261.0
node_5_4,2026-08-01 01:00:00,24.02258461299758,89.89937313240468,0.4364495575028234,0.0,910.5198795263543,43.327678063478004,17.9,83,0.496,0.0,811.9,1,0.25881904510252074,0.9659258262890683,213,-0.5012418134457756,-0.8653072543632061,261.0
node_5_4,2026-08-01 02:00:00,23.59999776463121,89.12114081381827,0.4439258967999084,0.0,910.3424662091378,43.327678063478004,18.0,82,0.495,0.0,811.8,2,0.49999999999999994,0.8660254037844387,213,-0.5012418134457756,-0.8653072543632061,261.0
node_5_4,2026-08-01 03:00:00,23.40040784485622,88.89527315806893,0.440470061514074,0.0,910.2198795263544,43.327678063478004,17.7,83,0.494,0.0,811.6,3,0.7071067811865475,0.7071067811865476,213,-0.5012418134457756,-0.8653072543632061,261.0
node_5_4,2026-08-01 04:00:00,23.111701434622276,90.447637820906,0.4412482954884891,0.0,910.1420562117044,43.327678063478004,17.7,84,0.495,0.0,811.5,4,0.8660254037844386,0.5000000000000001,213,-0.5012418134457756,-0.8653072543632061,261.0
node_5_4,2026-08-01 05:00:00,22.77905214787069,95.78233394875089,0.43767132932380876,0.0,910.3872298256456,43.327678063478004,17.4,88,0.496,0.0,811.5,5,0.9659258262890683,0.25881904510252074,213,-0.5012418134457756,-0.8653072543632061,261.0
node_5_4,2026-08-01 06:00:00,23.123815433212673,95.77823397441513,0.44480476509314815,23.431231300248072,910.3428765377373,43.327678063478004,17.7,92,0.495,32.0,811.5,6,1.0,6.123233995736766e-17,213,-0.5012418134457756,-0.8653072543632061,261.0
node_5_4,2026-08-01 07:00:00,24.266938397654606,95.22586765574933,0.44458299741173457,147.60789512439652,910.7529398868282,43.327678063478004,18.2,91,0.494,173.0,812.3,7,0.9659258262890683,-0.25881904510252063,213,-0.5012418134457756,-0.8653072543632061,261.0
node_5_4,2026-08-01 08:00:00,25.777821658821345,88.0123032346647,0.443135362902486,311.02050152750746,911.263823147995,43.327678063478004,20.3,83,0.493,352.0,813.4,8,0.8660254037844387,-0.4999999999999998,213,-0.5012418134457756,-0.8653072543632061,261.0
node_5_4,2026-08-01 09:00:00,27.21252242298667,77.34290104400256,0.44024419551415334,526.4517386231561,911.4416465454366,43.327678063478004,22.0,71,0.491,498.0,814.0,9,0.7071067811865476,-0.7071067811865475,213,-0.5012418134457756,-0.8653072543632061,261.0
node_5_4,2026-08-01 10:00:00,28.75769628530228,69.78233063709342,0.43746596153973816,664.1006401142251,911.4416465454366,43.327678063478004,23.7,62,0.489,720.0,814.2,10,0.49999999999999994,-0.8660254037844387,213,-0.5012418134457756,-0.8653072543632061,261.0
node_5_4,2026-08-01 11:00:00,29.257696699259466,65.33879610218062,0.434018327858404,729.1744611780421,911.2855898359113,43.327678063478004,24.0,58,0.494,701.0,814.0,11,0.258819045102521,-0.9659258262890682,213,-0.5012418134457756,-0.8653072543632061,261.0
node_5_4,2026-08-01 12:00:00,27.831418714910807,75.25047081342132,0.4363694313348212,631.2713323011535,910.7299430410283,43.327678063478004,25.2,55,0.491,827.0,814.0,12,1.2246467991473532e-16,-1.0,213,-0.5012418134457756,-0.8653072543632061,261.0
node_5_4,2026-08-01 13:00:00,28.38747550722741,72.46813686467041,0.4342605987231538,671.3905815821429,910.2307632842698,43.327678063478004,24.8,56,0.489,680.0,812.9,13,-0.2588190451025208,-0.9659258262890683,213,-0.5012418134457756,-0.8653072543632061,261.0
node_5_4,2026-08-01 14:00:00,28.356055467653615,73.23817089041405,0.43281706584406976,669.6202066382048,909.4972932575281,43.327678063478004,23.9,61,0.488,644.0,812.2,14,-0.4999999999999997,-0.8660254037844388,213,-0.5012418134457756,-0.8653072543632061,261.0
node_5_4,2026-08-01 15:00:00,27.912522009029487,75.00820408824332,0.431038832697569,477.5851520388075,909.0416467110194,43.327678063478004,22.6,67,0.487,544.0,811.8,15,-0.7071067811865471,-0.7071067811865479,213,-0.5012418134457756,-0.8653072543632061,261.0
node_5_4,2026-08-01 16:00:00,26.72012454560469,81.4681418321566,0.4327123356904812,356.9179466988511,908.7642333110115,43.327678063478004,20.8,81,0.488,327.0,811.2,16,-0.8660254037844384,-0.5000000000000004,213,-0.5012418134457756,-0.8653072543632061,261.0
node_5_4,2026-08-01 17:00:00,26.699588595111997,87.45583611374877,0.41903883683714077,218.65930739750416,908.8420567084529,43.327678063478004,21.7,78,0.487,161.0,811.2,17,-0.9659258262890683,-0.25881904510252063,213,-0.5012418134457756,-0.8653072543632061,261.0
node_5_4,2026-08-01 18:00:00,25.93264845883722,90.67760213933363,0.4204905713207251,97.65299815374729,909.0198801058945,43.327678063478004,19.6,89,0.488,102.0,811.2,18,-1.0,-1.8369701987210297e-16,213,-0.5012418134457756,-0.8653072543632061,261.0
node_5_4,2026-08-01 19:00:00,25.089115248587397,93.677602967248,0.4201558710533084,11.887067413996876,909.3311733644948,43.327678063478004,18.0,99,0.489,12.0,811.4,19,-0.9659258262890684,0.2588190451025203,213,-0.5012418134457756,-0.8653072543632061,261.0
node_5_4,2026-08-01 20:00:00,24.76734872625393,93.45173531149867,0.4202647036649758,0.0,909.9089965963533,43.327678063478004,18.1,99,0.49,0.0,811.8,20,-0.8660254037844386,0.5000000000000001,213,-0.5012418134457756,-0.8653072543632061,261.0
node_5_4,2026-08-01 21:00:00,24.623405352987657,91.56467038124488,0.41970823654405987,0.0,910.6202898549537,43.327678063478004,18.1,99,0.489,0.0,812.3,21,-0.7071067811865477,0.7071067811865474,213,-0.5012418134457756,-0.8653072543632061,261.0
node_5_4,2026-08-01 22:00:00,24.4451717925297,89.45583859749188,0.42004293681147653,0.0,911.0089963479792,43.327678063478004,18.1,95,0.489,0.0,812.4,22,-0.5000000000000004,0.8660254037844384,213,-0.5012418134457756,-0.8653072543632061,261.0
node_5_4,2026-08-01 23:00:00,24.75646521671288,89.56877201140937,0.42563221035039345,0.0,910.3533498842619,43.327678063478004,17.8,98,0.487,0.0,812.1,23,-0.25881904510252157,0.9659258262890681,213,-0.5012418134457756,-0.8653072543632061,261.0
node_5_4,2026-08-02 00:00:00,24.122994941596904,91.89937230449031,0.4232893084784765,0.0,910.2977030065874,43.327678063478004,17.3,98,0.487,0.0,811.7,0,0.0,1.0,214,-0.5160623910158526,-0.8565509959010037,261.0
node_5_4,2026-08-02 01:00:00,23.889524749272358,91.67760627890546,0.42272874055531046,0.0,910.2977029237959,43.327678063478004,17.0,96,0.486,0.0,811.2,1,0.25881904510252074,0.9659258262890683,214,-0.5160623910158526,-0.8565509959010037,261.0
node_5_4,2026-08-02 02:00:00,23.61129127160583,89.45584108123498,0.4248457755993924,0.0,910.0977030065874,43.327678063478004,17.1,95,0.486,0.0,811.1,2,0.49999999999999994,0.8660254037844387,214,-0.5160623910158526,-0.8565509959010037,261.0
node_5_4,2026-08-02 03:00:00,23.078641902062806,93.77823563024386,0.42527700607172614,0.0,910.3864094996128,43.327678063478004,17.0,95,0.486,0.0,811.0,3,0.7071067811865475,0.7071067811865476,214,-0.5160623910158526,-0.8565509959010037,261.0
node_5_4,2026-08-02 04:00:00,22.65687529693789,95.66530056049764,0.4289505065808953,0.0,910.8424662919292,43.327678063478004,17.0,92,0.486,0.0,811.7,4,0.8660254037844386,0.5000000000000001,214,-0.5160623910158526,-0.8565509959010037,261.0
node_5_4,2026-08-02 05:00:00,23.3225851097462,93.1129350697462,0.42505114172763425,0.0,910.3416462970622,43.327678063478004,17.2,98,0.489,0.0,811.6,5,0.9659258262890683,0.25881904510252074,214,-0.5160623910158526,-0.8565509959010037,261.0
node_5_4,2026-08-02 06:00:00,23.74517170973826,94.22586931157805,0.42438174119280087,27.895268190582748,910.8085863505455,43.327678063478004,17.8,97,0.489,31.0,812.0,6,1.0,6.123233995736766e-17,214,-0.5160623910158526,-0.8565509959010037,261.0
node_5_4,2026-08-02 07:00:00,24.70081842182985,93.11703587199632,0.42393410668355225,146.81514202258057,911.4085862677541,43.327678063478004,18.5,97,0.488,137.0,812.6,7,0.9659258262890683,-0.25881904510252063,214,-0.5160623910158526,-0.8565509959010037,261.0
node_5_4,2026-08-02 08:00:00,25.702049242044943,85.89116656041826,0.4260388368371408,316.63030639884903,911.5529398040368,43.327678063478004,20.2,90,0.487,303.0,813.0,8,0.8660254037844387,-0.4999999999999998,214,-0.5160623910158526,-0.8565509959010037,261.0
node_5_4,2026-08-02 09:00:00,27.13551959995236,78.2217643697561,0.4244823697162249,442.95681582465215,911.8081765186948,43.327678063478004,22.0,79,0.486,534.0,814.3,9,0.7071067811865476,-0.7071067811865475,214,-0.5160623910158526,-0.8565509959010037,261.0
node_5_4,2026-08-02 10:00:00,27.958106531110168,72.9958958860924,0.42259120232789227,531.1621695341785,911.7081765186949,43.327678063478004,22.8,71,0.484,529.0,814.0,10,0.49999999999999994,-0.8660254037844387,214,-0.5160623910158526,-0.8565509959010037,261.0
node_5_4,2026-08-02 11:00:00,28.790345986011058,72.89116407667515,0.4229259017673946,614.359372141981,911.9416465454365,43.327678063478004,23.3,70,0.483,652.0,814.4,11,0.258819045102521,-0.9659258262890682,214,-0.5160623910158526,-0.8565509959010037,261.0
node_5_4,2026-08-02 12:00:00,28.834699025545156,73.2258659999206,0.42103883518131213,750.9384738917039,911.7751164893867,43.327678063478004,24.0,72,0.483,753.0,814.1,12,1.2246467991473532e-16,-1.0,214,-0.5160623910158526,-0.8565509959010037,261.0
node_5_4,2026-08-02 13:00:00,29.27987255669502,70.77413151633628,0.4180388351813121,704.5441878957677,911.2303532040447,43.327678063478004,24.9,66,0.481,851.0,814.1,13,-0.2588190451025208,-0.9659258262890683,214,-0.5160623910158526,-0.8565509959010037,261.0
node_5_4,2026-08-02 14:00:00,28.5326488727944,74.56466624167305,0.41893410254398045,610.6656265762333,910.3638233135778,43.327678063478004,24.2,68,0.48,685.0,813.3,14,-0.4999999999999997,-0.8660254037844388,214,-0.5160623910158526,-0.8565509959010037,261.0
node_5_4,2026-08-02 15:00:00,28.332648790002967,75.67349968125478,0.41904703595789794,483.29181478663065,909.9638233135778,43.327678063478004,22.2,76,0.48,462.0,812.6,15,-0.7071067811865471,-0.7071067811865479,214,-0.5160623910158526,-0.8565509959010037,261.0
node_5_4,2026-08-02 16:00:00,27.63387861672082,80.22586931157805,0.4204905713207251,355.821432224307,909.4416466282279,43.327678063478004,21.7,78,0.48,312.0,812.3,16,-0.8660254037844384,-0.5000000000000004,214,-0.5160623910158526,-0.8565509959010037,261.0
node_5_4,2026-08-02 17:00:00,27.066118651161766,83.68170128575503,0.41947416397215276,234.43943124891956,909.9977031721701,43.327678063478004,19.8,100,0.496,187.0,811.7,17,-0.9659258262890683,-0.25881904510252063,214,-0.5160623910158526,-0.8565509959010037,261.0
node_5_4,2026-08-02 18:00:00,25.532648376045785,90.4599369159989,0.4232647003533183,102.5564745721452,910.0533499670534,43.327678063478004,18.7,98,0.496,121.0,811.7,18,-1.0,-1.8369701987210297e-16,214,-0.5160623910158526,-0.8565509959010037,261.0
node_5_4,2026-08-02 19:00:00,24.756055219279304,93.22997011382817,0.42370823406031677,9.447634509248559,910.4859999161363,43.327678063478004,17.9,99,0.497,12.0,812.4,19,-0.9659258262890684,0.2588190451025203,214,-0.5160623910158526,-0.8565509959010037,261.0
node_5_4,2026-08-02 20:00:00,24.467348643462493,93.67350299291225,0.42381706749989856,0.0,911.14205654287,43.327678063478004,18.3,96,0.497,0.0,812.2,20,-0.8660254037844386,0.5000000000000001,214,-0.5160623910158526,-0.8565509959010037,261.0
node_5_4,2026-08-02 21:00:00,24.23428877973727,93.67350216499788,0.4234823672324818,0.0,911.7529398040368,43.327678063478004,18.1,95,0.495,0.0,813.0,21,-0.7071067811865477,0.7071067811865474,214,-0.5160623910158526,-0.8565509959010037,261.0
node_5_4,2026-08-02 22:00:00,24.13428877973727,93.45173531149867,0.4231476669650651,0.0,911.8311731161205,43.327678063478004,18.0,93,0.494,0.0,812.9,22,-0.5000000000000004,0.8660254037844384,214,-0.5160623910158526,-0.8565509959010037,261.0
node_5_4,2026-08-02 23:00:00,24.1112920995202,92.22996763008507,0.4141599710276442,0.0,911.2638229824121,43.327678063478004,18.2,93,0.492,0.0,812.7,23,-0.25881904510252157,0.9659258262890681,214,-0.5160623910158526,-0.8565509959010037,261.0
node_5_4,2026-08-03 00:00:00,23.599998592545575,91.89526819058274,0.4148293715624776,0.0,911.0525294754374,43.327678063478004,18.3,89,0.492,0.0,812.2,0,0.0,1.0,215,-0.5307300481619331,-0.8475409228928312,261.0
node_5_4,2026-08-03 01:00:00,23.13305837347936,93.34290352774566,0.415498772097311,0.0,910.4972927607795,43.327678063478004,17.8,92,0.491,0.0,811.6,1,0.25881904510252074,0.9659258262890683,215,-0.5307300481619331,-0.8475409228928312,261.0
node_5_4,2026-08-03 02:00:00,22.77700149837132,94.78643806265848,0.4162770052438118,0.0,910.4303527072962,43.327678063478004,17.4,96,0.491,0.0,811.7,2,0.49999999999999994,0.8660254037844387,215,-0.5307300481619331,-0.8475409228928312,261.0
node_5_4,2026-08-03 03:00:00,22.687474679313045,94.23407257190703,0.41616407182989423,0.0,909.8859994193878,43.327678063478004,17.3,95,0.49,0.0,811.1,3,0.7071067811865475,0.7071067811865476,215,-0.5307300481619331,-0.8475409228928312,261.0
node_5_4,2026-08-03 04:00:00,22.42094470605472,94.67760545099111,0.41582937156247757,0.0,909.7412360512543,43.327678063478004,17.1,95,0.49,0.0,810.8,4,0.8660254037844386,0.5000000000000001,215,-0.5307300481619331,-0.8475409228928312,261.0
node_5_4,2026-08-03 05:00:00,23.543531968378264,96.11293424183184,0.4180306360605549,0.0,910.2416462970621,43.327678063478004,17.7,98,0.483,0.0,811.1,5,0.9659258262890683,0.25881904510252074,215,-0.5307300481619331,-0.8475409228928312,261.0
node_5_4,2026-08-03 06:00:00,23.477411992553513,97.44763450924854,0.41913946867222235,19.581068622759183,910.752939472871,43.327678063478004,17.9,100,0.486,20.0,811.8,6,1.0,6.123233995736766e-17,215,-0.5307300481619331,-0.8475409228928312,261.0
node_5_4,2026-08-03 07:00:00,24.456465465087188,95.33880189758118,0.41924830211180397,109.6466715237887,910.8972929263624,43.327678063478004,18.1,100,0.49,62.0,811.8,7,0.9659258262890683,-0.25881904510252063,215,-0.5307300481619331,-0.8475409228928312,261.0
node_5_4,2026-08-03 08:00:00,25.057695540179353,89.8952690184971,0.4210224352839691,249.3920717590288,911.8864095824041,43.327678063478004,18.5,96,0.499,254.0,812.9,8,0.8660254037844387,-0.4999999999999998,215,-0.5307300481619331,-0.8475409228928312,261.0
node_5_4,2026-08-03 09:00:00,25.804099312004258,87.9917992234141,0.42490130274929444,375.970911242422,912.0089963479791,43.327678063478004,20.0,93,0.5,430.0,813.4,9,0.7071067811865476,-0.7071067811865475,215,-0.5307300481619331,-0.8475409228928312,261.0
node_5_4,2026-08-03 10:00:00,26.704099063629947,83.6571014397405,0.42744957157736757,517.6607984023044,912.2864095824042,43.327678063478004,21.6,83,0.499,545.0,814.0,10,0.49999999999999994,-0.8660254037844387,215,-0.5307300481619331,-0.8475409228928312,261.0
node_5_4,2026-08-03 11:00:00,27.81457249294598,75.20946527466322,0.4287801693867054,632.4226018465449,912.4081762703205,43.327678063478004,22.7,77,0.512,487.0,814.6,11,0.258819045102521,-0.9659258262890682,215,-0.5307300481619331,-0.8475409228928312,261.0
node_5_4,2026-08-03 12:00:00,27.84763243946264,76.99590085357859,0.42722780224012524,659.3898732524943,912.5642331454285,43.327678063478004,24.4,66,0.506,638.0,815.1,12,1.2246467991473532e-16,-1.0,215,-0.5307300481619331,-0.8475409228928312,261.0
node_5_4,2026-08-03 13:00:00,28.212932254837373,75.10883343958173,0.4260060345587117,661.0763091578551,911.8972931747367,43.327678063478004,23.0,71,0.503,492.0,814.0,13,-0.2588190451025208,-0.9659258262890683,215,-0.5307300481619331,-0.8475409228928312,261.0
node_5_4,2026-08-03 14:00:00,28.944762291844736,70.78643475100101,0.42323190138654665,680.982030445992,911.1416466282279,43.327678063478004,22.6,76,0.501,604.0,813.5,14,-0.4999999999999997,-0.8660254037844388,215,-0.5307300481619331,-0.8475409228928312,261.0
node_5_4,2026-08-03 15:00:00,28.701228998803483,71.1170342161676,0.4210101345330474,559.573175647793,910.4638233135779,43.327678063478004,21.9,80,0.5,386.0,812.7,15,-0.7071067811865471,-0.7071067811865479,215,-0.5307300481619331,-0.8475409228928312,261.0
node_5_4,2026-08-03 16:00:00,27.43387861672082,78.4517369673274,0.42023190221446105,383.0495108053062,910.0755264868203,43.327678063478004,20.7,95,0.504,243.0,812.1,16,-0.8660254037844384,-0.5000000000000004,215,-0.5307300481619331,-0.8475409228928312,261.0
node_5_4,2026-08-03 17:00:00,26.98829525372025,83.79463801132997,0.4213858403392222,239.64479737716138,910.1198798575201,43.327678063478004,21.2,82,0.499,185.0,812.2,17,-0.9659258262890683,-0.25881904510252063,215,-0.5307300481619331,-0.8475409228928312,261.0
node_5_4,2026-08-03 18:00:00,25.58829483976307,91.12933993457541,0.4256158104530504,91.86245680509558,910.2529398040368,43.327678063478004,19.7,92,0.498,90.0,812.2,18,-1.0,-1.8369701987210297e-16,215,-0.5307300481619331,-0.8475409228928312,261.0
node_5_4,2026-08-03 19:00:00,24.62299518997121,94.7864372347441,0.42994231408345307,11.887066586082511,910.6642331454285,43.327678063478004,18.3,100,0.498,12.0,812.4,19,-0.9659258262890684,0.2588190451025203,215,-0.5307300481619331,-0.8475409228928312,261.0
node_5_4,2026-08-03 20:00:00,24.356055136487868,94.56467038124488,0.43104704837661345,0.0,911.2864096651956,43.327678063478004,18.3,100,0.497,0.0,812.6,20,-0.8660254037844386,0.5000000000000001,215,-0.5307300481619331,-0.8475409228928312,261.0
node_5_4,2026-08-03 21:00:00,24.178231656254916,93.67760462307673,0.4312647152557769,0.0,912.3642330626371,43.327678063478004,18.0,100,0.497,0.0,813.4,21,-0.7071067811865477,0.7071067811865474,215,-0.5307300481619331,-0.8475409228928312,261.0
node_5_4,2026-08-03 22:00:00,24.06734839508818,93.67350382082661,0.42970824730694657,0.0,912.2972930091537,43.327678063478004,17.5,100,0.502,0.0,813.9,22,-0.5000000000000004,0.8660254037844384,215,-0.5307300481619331,-0.8475409228928312,261.0
node_5_4,2026-08-03 23:00:00,23.556875959269384,97.89116573250388,0.41906345489727137,0.0,912.430352707296,43.327678063478004,18.8,94,0.497,0.0,813.3,23,-0.25881904510252157,0.9659258262890681,215,-0.5307300481619331,-0.8475409228928312,261.0
node_5_4,2026-08-04 00:00:00,23.256875710895073,96.78233312083653,0.4275110852669481,0.0,911.5868196626292,43.327678063478004,18.0,98,0.496,0.0,812.6,0,0.0,1.0,216,-0.5452404385406507,-0.8382797052177745,261.0
node_5_4,2026-08-04 01:00:00,23.14599244972834,96.78233394875089,0.4261722833693669,0.0,911.397702923796,43.327678063478004,17.9,96,0.495,0.0,812.4,1,0.25881904510252074,0.9659258262890683,216,-0.5452404385406507,-0.8382797052177745,261.0
node_5_4,2026-08-04 02:00:00,22.845992284145467,97.11293424183184,0.42572464886011835,0.0,911.3868194142549,43.327678063478004,17.7,97,0.494,0.0,812.2,2,0.49999999999999994,0.8660254037844387,216,-0.5452404385406507,-0.8382797052177745,261.0
node_5_4,2026-08-04 03:00:00,22.701228667637736,96.77823480232951,0.42728931675762016,0.0,911.3315829479711,43.327678063478004,17.3,98,0.493,0.0,812.1,3,0.7071067811865475,0.7071067811865476,216,-0.5452404385406507,-0.8382797052177745,261.0
node_5_4,2026-08-04 04:00:00,22.589935326245993,96.10883426749609,0.42672874966236846,0.0,911.2868195798377,43.327678063478004,16.8,99,0.512,0.0,812.3,4,0.8660254037844386,0.5000000000000001,216,-0.5452404385406507,-0.8382797052177745,261.0
node_5_4,2026-08-04 05:00:00,23.689935822994606,96.44763368133418,0.4452236881912453,0.0,910.7977030065873,43.327678063478004,18.1,98,0.503,0.0,811.7,5,0.9659258262890683,0.25881904510252074,216,-0.5452404385406507,-0.8382797052177745,261.0
node_5_4,2026-08-04 06:00:00,23.81211225997022,96.11703504408196,0.44511075560524216,23.44353122325534,911.2642328970542,43.327678063478004,18.1,98,0.502,14.0,811.8,6,1.0,6.123233995736766e-17,216,-0.5452404385406507,-0.8382797052177745,261.0
node_5_4,2026-08-04 07:00:00,24.41211225997022,94.12113584633208,0.44433252245874144,114.03687741533389,911.7977029237959,43.327678063478004,18.5,100,0.505,100.0,812.8,7,0.9659258262890683,-0.25881904510252063,216,-0.5452404385406507,-0.8382797052177745,261.0
node_5_4,2026-08-04 08:00:00,25.023815102046925,92.22997094174254,0.44510665728673515,245.5049687447142,912.2759361530881,43.327678063478004,18.6,100,0.509,220.0,813.1,8,0.8660254037844387,-0.4999999999999998,216,-0.5452404385406507,-0.8382797052177745,261.0
node_5_4,2026-08-04 09:00:00,26.135928438305825,86.55236963032326,0.44598962721013935,399.8004953963674,912.919879443563,43.327678063478004,18.6,100,0.518,243.0,813.8,9,0.7071067811865476,-0.7071067811865475,216,-0.5452404385406507,-0.8382797052177745,261.0
node_5_4,2026-08-04 10:00:00,26.90368865223919,82.65300146540474,0.44021959070065264,498.99135233218084,913.3198795263544,43.327678063478004,18.2,96,0.518,196.0,814.0,10,0.49999999999999994,-0.8660254037844387,216,-0.5452404385406507,-0.8382797052177745,261.0
node_5_4,2026-08-04 11:00:00,26.26015635269517,84.5318623074152,0.43932432251006986,607.1493523472169,913.2081762703205,43.327678063478004,18.5,92,0.512,145.0,814.4,11,0.258819045102521,-0.9659258262890682,216,-0.5452404385406507,-0.8382797052177745,261.0
node_5_4,2026-08-04 12:00:00,25.10328022784291,91.88296164426055,0.4594126403475999,474.87854227750387,913.1859995849705,43.327678063478004,19.7,96,0.502,376.0,814.0,12,1.2246467991473532e-16,-1.0,216,-0.5452404385406507,-0.8382797052177745,261.0
node_5_4,2026-08-04 13:00:00,26.947223021569123,85.2135619373415,0.45974734061501665,698.2299278901954,912.608176353112,43.327678063478004,19.9,92,0.503,462.0,813.9,13,-0.2588190451025208,-0.9659258262890683,216,-0.5452404385406507,-0.8382797052177745,261.0
node_5_4,2026-08-04 14:00:00,26.332238130237904,87.90347227882607,0.46609024911024843,555.9432051996522,911.7751163238038,43.327678063478004,20.8,84,0.502,396.0,813.6,14,-0.4999999999999997,-0.8660254037844388,216,-0.5452404385406507,-0.8382797052177745,261.0
node_5_4,2026-08-04 15:00:00,25.689115165795968,91.8952690184971,0.4658643797986704,412.2324548962088,911.0529398040368,43.327678063478004,21.0,80,0.5,409.0,813.4,15,-0.7071067811865471,-0.7071067811865479,216,-0.5452404385406507,-0.8382797052177745,261.0
node_5_4,2026-08-04 16:00:00,26.04517220648688,88.33470026741668,0.46175554635908866,359.34918793407155,910.1198798575201,43.327678063478004,21.2,79,0.5,222.0,812.5,16,-0.8660254037844384,-0.5000000000000004,216,-0.5452404385406507,-0.8382797052177745,261.0
node_5_4,2026-08-04 17:00:00,26.46816963182688,82.99999586042816,0.4499896139635095,248.49906665230094,910.0638229824121,43.327678063478004,21.5,80,0.483,239.0,812.1,17,-0.9659258262890683,-0.25881904510252063,216,-0.5452404385406507,-0.8382797052177745,261.0
node_5_4,2026-08-04 18:00:00,25.446402943910535,88.7782298348433,0.4487678479379247,86.89116904416136,910.185999667762,43.327678063478004,20.1,87,0.482,96.0,811.9,18,-1.0,-1.8369701987210297e-16,216,-0.5452404385406507,-0.8382797052177745,261.0
node_5_4,2026-08-04 19:00:00,24.478642481602858,92.89526736266838,0.4474331484984223,8.443533706998437,910.5303529556704,43.327678063478004,18.7,96,0.482,11.0,811.7,19,-0.9659258262890684,0.2588190451025203,216,-0.5452404385406507,-0.8382797052177745,261.0
node_5_4,2026-08-04 20:00:00,24.067759137644686,93.11703504408196,0.4465460827402542,0.0,911.2638228996207,43.327678063478004,18.8,95,0.482,0.0,812.3,20,-0.8660254037844386,0.5000000000000001,216,-0.5452404385406507,-0.8382797052177745,261.0
node_5_4,2026-08-04 21:00:00,23.91211234276166,92.56466955333052,0.4458807830076709,0.0,911.7972928435709,43.327678063478004,18.4,97,0.482,0.0,812.6,21,-0.7071067811865477,0.7071067811865474,216,-0.5452404385406507,-0.8382797052177745,261.0
node_5_4,2026-08-04 22:00:00,23.568169052286827,94.22996928591381,0.4449937172495027,0.0,911.7307627875211,43.327678063478004,17.8,100,0.482,0.0,812.4,22,-0.5000000000000004,0.8660254037844384,216,-0.5452404385406507,-0.8382797052177745,261.0
node_5_4,2026-08-04 23:00:00,23.434699273919467,97.1170342161676,0.4429855156450025,0.0,911.3751162410124,43.327678063478004,17.6,97,0.482,0.0,811.9,23,-0.25881904510252157,0.9659258262890681,216,-0.5452404385406507,-0.8382797052177745,261.0
node_5_4,2026-08-05 00:00:00,23.145992532519777,97.78233394875089,0.4423202159124192,0.0,910.5751162410124,43.327678063478004,17.5,98,0.483,0.0,811.2,0,0.0,1.0,217,-0.5595892624101763,-0.828770087174504,261.0
node_5_4,2026-08-05 01:00:00,23.145992532519777,97.22586765574933,0.44109844988683433,0.0,910.0529396384541,43.327678063478004,17.3,99,0.483,0.0,810.8,1,0.25881904510252074,0.9659258262890683,217,-0.5595892624101763,-0.828770087174504,261.0
node_5_4,2026-08-05 02:00:00,22.91252242298667,97.22586765574933,0.44043315015425105,0.0,909.6642329798457,43.327678063478004,17.3,98,0.484,0.0,810.5,2,0.49999999999999994,0.8660254037844387,217,-0.5595892624101763,-0.828770087174504,261.0
node_5_4,2026-08-05 03:00:00,22.79034573763675,97.22586765574933,0.439989617275167,0.0,909.5085862677541,43.327678063478004,17.3,98,0.484,0.0,810.4,3,0.7071067811865475,0.7071067811865476,217,-0.5595892624101763,-0.828770087174504,261.0
node_5_4,2026-08-05 04:00:00,22.645992366936902,97.00410163016447,0.43921138412866617,0.0,909.3529396384539,43.327678063478004,17.2,98,0.484,0.0,810.3,4,0.8660254037844386,0.5000000000000001,217,-0.5595892624101763,-0.828770087174504,261.0
node_5_4,2026-08-05 05:00:00,23.056465796252937,96.11293341391747,0.43622778485392355,0.0,909.1525296410204,43.327678063478004,17.4,100,0.477,0.0,810.3,5,0.9659258262890683,0.25881904510252074,217,-0.5595892624101763,-0.828770087174504,261.0
node_5_4,2026-08-05 06:00:00,23.222995603928396,97.00410080225011,0.4367842519748395,21.895265706839652,909.4416461314793,43.327678063478004,17.2,100,0.477,19.0,809.9,6,1.0,6.123233995736766e-17,217,-0.5595892624101763,-0.828770087174504,261.0
node_5_4,2026-08-05 07:00:00,24.03428877973727,94.67350216499788,0.4368971862166714,121.46812527386929,909.8638228168292,43.327678063478004,18.4,94,0.478,129.0,811.0,7,0.9659258262890683,-0.25881904510252063,217,-0.5595892624101763,-0.828770087174504,261.0
node_5_4,2026-08-05 08:00:00,25.156875545312204,87.45173531149865,0.43611895307017057,292.7021738362597,910.2194695289209,43.327678063478004,19.8,85,0.477,306.0,811.6,8,0.8660254037844387,-0.4999999999999998,217,-0.5595892624101763,-0.828770087174504,261.0
node_5_4,2026-08-05 09:00:00,26.602869236912092,80.66529973258328,0.4343407199236698,456.0819630584829,910.3864096651955,43.327678063478004,21.1,76,0.477,491.0,812.2,9,0.7071067811865476,-0.7071067811865475,217,-0.5595892624101763,-0.828770087174504,261.0
node_5_4,2026-08-05 10:00:00,27.356875876477947,74.6734996812548,0.43211895389808497,508.54035432733343,910.1855896703285,43.327678063478004,22.8,67,0.476,721.0,812.5,10,0.49999999999999994,-0.8660254037844387,217,-0.5595892624101763,-0.828770087174504,261.0
node_5_4,2026-08-05 11:00:00,28.44599294647696,70.77823066275768,0.4296754177073434,636.8113225286904,910.2742963289367,43.327678063478004,23.8,65,0.483,798.0,812.8,11,0.258819045102521,-0.9659258262890682,217,-0.5595892624101763,-0.828770087174504,261.0
node_5_4,2026-08-05 12:00:00,27.222585275329074,79.44763450924854,0.43078835277708966,589.5056340228157,909.4081761875291,43.327678063478004,23.6,67,0.483,621.0,811.8,12,1.2246467991473532e-16,-1.0,217,-0.5595892624101763,-0.828770087174504,261.0
node_5_4,2026-08-05 13:00:00,26.890755569487446,83.99590002566424,0.4318971878725001,605.1706416841521,908.9416463798536,43.327678063478004,20.3,91,0.489,653.0,810.7,13,-0.2588190451025208,-0.9659258262890683,217,-0.5595892624101763,-0.828770087174504,261.0
node_5_4,2026-08-05 14:00:00,26.348863425260603,86.76182662584282,0.4386631153005931,427.75962646347966,908.2751165721781,43.327678063478004,21.4,91,0.493,692.0,810.4,14,-0.4999999999999997,-0.8660254037844388,217,-0.5595892624101763,-0.828770087174504,261.0
node_5_4,2026-08-05 15:00:00,26.853184823287094,82.24637332282866,0.4471394554255924,447.9388007353541,907.8412362996286,43.327678063478004,21.6,86,0.493,514.0,810.1,15,-0.7071067811865471,-0.7071067811865479,217,-0.5595892624101763,-0.828770087174504,261.0
node_5_4,2026-08-05 16:00:00,26.598768103496226,83.13754236699003,0.4443571223047559,367.24258363385576,907.5194697772952,43.327678063478004,21.0,88,0.494,340.0,809.3,16,-0.8660254037844384,-0.5000000000000004,217,-0.5595892624101763,-0.828770087174504,261.0
node_5_4,2026-08-05 17:00:00,25.51211242555309,93.33469943950233,0.4377719512239179,202.11102366697241,907.6420565428701,43.327678063478004,19.1,98,0.503,246.0,809.3,17,-0.9659258262890683,-0.25881904510252063,217,-0.5595892624101763,-0.828770087174504,261.0
node_5_4,2026-08-05 18:00:00,25.033878782303695,94.56056626733731,0.4377719512239179,102.97949847249248,907.7198799403116,43.327678063478004,18.9,99,0.502,82.0,809.4,18,-1.0,-1.8369701987210297e-16,217,-0.5595892624101763,-0.828770087174504,261.0
node_5_4,2026-08-05 19:00:00,24.356465547878628,97.33469943950233,0.4377719520518322,11.552367146580169,908.2977031721703,43.327678063478004,18.7,98,0.501,12.0,809.9,19,-0.9659258262890684,0.2588190451025203,217,-0.5595892624101763,-0.828770087174504,261.0
node_5_4,2026-08-05 20:00:00,24.112112094387346,96.89116738833262,0.4375501860262474,0.0,909.0420563772873,43.327678063478004,18.0,98,0.501,0.0,810.5,20,-0.8660254037844386,0.5000000000000001,217,-0.5595892624101763,-0.828770087174504,261.0
node_5_4,2026-08-05 21:00:00,23.98952524602098,95.33880272549554,0.4376590194658291,0.0,909.7085863505456,43.327678063478004,17.9,97,0.501,0.0,811.0,21,-0.7071067811865477,0.7071067811865474,217,-0.5595892624101763,-0.828770087174504,261.0
node_5_4,2026-08-05 22:00:00,23.57782174161278,95.67350382082662,0.4381066539750777,0.0,909.7972930091537,43.327678063478004,17.9,93,0.502,0.0,810.9,22,-0.5000000000000004,0.8660254037844384,217,-0.5595892624101763,-0.828770087174504,261.0
node_5_4,2026-08-05 23:00:00,23.712112094387347,97.66530056049766,0.43701422540032514,0.0,909.1194694461294,43.327678063478004,17.7,100,0.496,0.0,810.1,23,-0.25881904510252157,0.9659258262890681,217,-0.5595892624101763,-0.828770087174504,261.0
node_5_4,2026-08-06 00:00:00,23.26775880647894,97.33060029308095,0.44101832454674655,0.0,908.6972927607794,43.327678063478004,17.9,97,0.495,0.0,809.8,0,0.0,1.0,218,-0.5737722679043243,-0.8190148866680802,261.0
node_5_4,2026-08-06 01:00:00,23.334699025545156,95.4435320511697,0.44646185577000186,0.0,908.6529395556624,43.327678063478004,17.6,97,0.495,0.0,809.6,1,0.25881904510252074,0.9659258262890683,218,-0.5737722679043243,-0.8190148866680802,261.0
node_5_4,2026-08-06 02:00:00,22.945992366936906,96.10473180941723,0.4534454484214296,0.0,908.4529394728711,43.327678063478004,17.5,97,0.496,0.0,809.5,2,0.49999999999999994,0.8660254037844387,218,-0.5737722679043243,-0.8190148866680802,261.0
node_5_4,2026-08-06 03:00:00,23.012932420420245,96.32649866291645,0.4589855081937732,0.0,908.4307627875212,43.327678063478004,17.7,95,0.498,0.0,809.4,3,0.7071067811865475,0.7071067811865476,218,-0.5737722679043243,-0.8190148866680802,261.0
node_5_4,2026-08-06 04:00:00,22.868579132511837,97.32649866291645,0.46186847149386245,0.0,908.5642328142627,43.327678063478004,17.5,96,0.504,0.0,809.6,4,0.8660254037844386,0.5000000000000001,218,-0.5737722679043243,-0.8190148866680802,261.0
node_5_4,2026-08-06 05:00:00,22.767758889270375,98.88706658608251,0.4538315642736114,0.0,907.9416460486879,43.327678063478004,18.0,99,0.502,0.0,809.1,5,0.9659258262890683,0.25881904510252074,218,-0.5737722679043243,-0.8190148866680802,261.0
node_5_4,2026-08-06 06:00:00,22.84640252995335,98.5523663186658,0.45405333195502495,9.556468776744655,908.8307627047298,43.327678063478004,17.7,100,0.506,4.0,809.6,6,1.0,6.123233995736766e-17,218,-0.5737722679043243,-0.8190148866680802,261.0
node_5_4,2026-08-06 07:00:00,23.101639161819932,98.66529973258328,0.4563839330760203,44.1252391323253,909.4972927607794,43.327678063478004,17.9,100,0.514,21.0,810.3,7,0.9659258262890683,-0.25881904510252063,218,-0.5737722679043243,-0.8190148866680802,261.0
node_5_4,2026-08-06 08:00:00,23.43551935157805,96.67350133708352,0.4623839314201916,99.78422713740859,910.2642328142629,43.327678063478004,17.9,100,0.518,36.0,810.9,8,0.8660254037844387,-0.4999999999999998,218,-0.5737722679043243,-0.8190148866680802,261.0
node_5_4,2026-08-06 09:00:00,23.757696202510846,96.67350133708352,0.47128329710136696,151.3347333839913,910.852939472871,43.327678063478004,18.0,100,0.518,61.0,811.4,9,0.7071067811865476,-0.7071067811865475,218,-0.5737722679043243,-0.8190148866680802,261.0
node_5_4,2026-08-06 10:00:00,24.045582700669073,97.33880024175245,0.4781949676730358,164.42529940291763,911.0972928435709,43.327678063478004,18.4,100,0.513,123.0,811.8,10,0.49999999999999994,-0.8660254037844387,218,-0.5737722679043243,-0.8190148866680802,261.0
node_5_4,2026-08-06 11:00:00,23.945582369503327,96.89526736266838,0.48185617239876954,163.70035681572364,910.9751161582211,43.327678063478004,18.1,100,0.51,125.0,811.9,11,0.258819045102521,-0.9659258262890682,218,-0.5737722679043243,-0.8190148866680802,261.0
node_5_4,2026-08-06 12:00:00,23.768169217869698,97.33879941383809,0.4785296745637675,118.42303052366219,910.9194695289208,43.327678063478004,17.9,100,0.503,125.0,811.9,12,1.2246467991473532e-16,-1.0,218,-0.5737722679043243,-0.8190148866680802,261.0
node_5_4,2026-08-06 13:00:00,23.768169135078264,96.33880024175245,0.48072683412002293,143.95489200316302,910.4085863505454,43.327678063478004,18.0,98,0.507,162.0,811.7,13,-0.2588190451025208,-0.9659258262890683,218,-0.5737722679043243,-0.8190148866680802,261.0
node_5_4,2026-08-06 14:00:00,23.701229164386355,96.89526570683965,0.47852966545670944,105.93848962207691,909.908586433337,43.327678063478004,18.4,98,0.505,154.0,811.2,14,-0.4999999999999997,-0.8660254037844388,218,-0.5737722679043243,-0.8190148866680802,261.0
node_5_4,2026-08-06 15:00:00,23.84599244972834,97.55646629300155,0.48017446697344274,78.51546323798654,909.5972930919452,43.327678063478004,18.3,99,0.515,109.0,810.9,15,-0.7071067811865471,-0.7071067811865479,218,-0.5737722679043243,-0.8190148866680802,261.0
node_5_4,2026-08-06 16:00:00,23.890345737636746,98.1129325860031,0.47693629773885743,70.78234388372327,909.0638230652036,43.327678063478004,18.0,99,0.519,94.0,810.6,16,-0.8660254037844384,-0.5000000000000004,218,-0.5737722679043243,-0.8190148866680802,261.0
node_5_4,2026-08-06 17:00:00,24.067758889270376,97.3347002674167,0.47226689389236653,64.48454255741399,908.8868200765863,43.327678063478004,18.2,100,0.518,39.0,811.0,17,-0.9659258262890683,-0.25881904510252063,218,-0.5737722679043243,-0.8190148866680802,261.0
node_5_4,2026-08-06 18:00:00,23.82340551857053,98.99999999999997,0.47038803139452734,25.45173613941304,908.7420566256616,43.327678063478004,18.3,99,0.514,29.0,810.5,18,-1.0,-1.8369701987210297e-16,218,-0.5737722679043243,-0.8190148866680802,261.0
node_5_4,2026-08-06 19:00:00,23.66816888670395,98.10883261166735,0.4716056957899477,4.5523671465801705,909.1638231479951,43.327678063478004,18.1,98,0.511,5.0,811.1,19,-0.9659258262890684,0.2588190451025203,218,-0.5737722679043243,-0.8190148866680802,261.0
node_5_4,2026-08-06 20:00:00,23.723815681586984,96.88706493025377,0.4696097974201122,0.0,909.7303532040447,43.327678063478004,18.5,94,0.508,0.0,811.5,20,-0.8660254037844386,0.5000000000000001,218,-0.5737722679043243,-0.8190148866680802,261.0
node_5_4,2026-08-06 21:00:00,23.712932420420245,94.99589754192114,0.4668356659037759,0.0,910.3190596970702,43.327678063478004,18.4,94,0.505,0.0,812.0,21,-0.7071067811865477,0.7071067811865474,218,-0.5737722679043243,-0.8190148866680802,261.0
node_5_4,2026-08-06 22:00:00,23.51252242298667,94.44763202550544,0.46528330041302446,0.0,910.5968830117201,43.327678063478004,18.2,93,0.503,0.0,811.8,22,-0.5000000000000004,0.8660254037844384,218,-0.5737722679043243,-0.8190148866680802,261.0
node_5_4,2026-08-06 23:00:00,23.422995521136958,93.33879941383807,0.4619486001456078,0.0,910.2525295582288,43.327678063478004,18.1,92,0.501,0.0,811.2,23,-0.25881904510252157,0.9659258262890681,218,-0.5737722679043243,-0.8190148866680802,261.0
node_5_4,2026-08-07 00:00:00,23.156055384862178,92.01230157883597,0.4603962346548563,0.0,909.8416462142707,43.327678063478004,17.8,94,0.5,0.0,811.0,0,0.0,1.0,219,-0.5877852522924734,-0.8090169943749472,261.0
node_5_4,2026-08-07 01:00:00,22.966938811611787,92.45583445792005,0.45928740204318896,0.0,909.6638229824121,43.327678063478004,17.6,94,0.499,0.0,810.9,1,0.25881904510252074,0.9659258262890683,219,-0.5877852522924734,-0.8090169943749472,261.0
node_5_4,2026-08-07 02:00:00,22.80081900136991,92.45173365566993,0.4586221023106057,0.0,909.2972930091538,43.327678063478004,17.7,90,0.497,0.0,810.4,2,0.49999999999999994,0.8660254037844387,219,-0.5877852522924734,-0.8090169943749472,261.0
node_5_4,2026-08-07 03:00:00,22.54517237206975,93.67349968125478,0.4574003362850208,0.0,909.1303529556704,43.327678063478004,17.5,89,0.497,0.0,810.3,3,0.7071067811865475,0.7071067811865476,219,-0.5877852522924734,-0.8090169943749472,261.0
node_5_4,2026-08-07 04:00:00,22.27823231858641,94.67349968125478,0.4571785702594359,0.0,909.0747062435789,43.327678063478004,17.4,87,0.496,0.0,810.1,4,0.8660254037844386,0.5000000000000001,219,-0.5877852522924734,-0.8090169943749472,261.0
node_5_4,2026-08-07 05:00:00,22.768169135078264,96.11703256033887,0.46404923115277485,0.0,909.1529397212454,43.327678063478004,17.1,97,0.499,0.0,810.0,5,0.9659258262890683,0.25881904510252074,219,-0.5877852522924734,-0.8090169943749472,261.0
node_5_4,2026-08-07 06:00:00,23.178642067645676,96.33880106966681,0.4622750988085242,16.54416719790866,909.4194696117123,43.327678063478004,17.5,96,0.498,28.0,810.3,6,1.0,6.123233995736766e-17,219,-0.5877852522924734,-0.8090169943749472,261.0
node_5_4,2026-08-07 07:00:00,23.70081883578704,97.22586682783496,0.46016626619685685,88.26910978510264,909.9081761875291,43.327678063478004,18.5,92,0.497,154.0,811.3,7,0.9659258262890683,-0.25881904510252063,219,-0.5877852522924734,-0.8090169943749472,261.0
node_5_4,2026-08-07 08:00:00,24.422996100677015,93.6734971975117,0.4590574335851895,172.81332582995884,910.4638229824121,43.327678063478004,20.3,86,0.495,309.0,812.4,8,0.8660254037844387,-0.4999999999999998,219,-0.5877852522924734,-0.8090169943749472,261.0
node_5_4,2026-08-07 09:00:00,25.288706493025373,87.79052810202184,0.45794860014560773,253.17897078746472,910.9751165721782,43.327678063478004,21.2,77,0.494,312.0,813.4,9,0.7071067811865476,-0.7071067811865475,219,-0.5877852522924734,-0.8090169943749472,261.0
node_5_4,2026-08-07 10:00:00,25.77741306884219,84.01229412760668,0.4566180006804411,262.0719535405047,911.0416465454364,43.327678063478004,20.6,81,0.493,215.0,813.2,10,0.49999999999999994,-0.8660254037844387,219,-0.5877852522924734,-0.8090169943749472,261.0
node_5_4,2026-08-07 11:00:00,27.736339346445202,73.1047301535885,0.4566138990502767,572.6238307443045,911.2751164065953,43.327678063478004,20.9,80,0.493,217.0,813.2,11,0.258819045102521,-0.9659258262890682,219,-0.5877852522924734,-0.8090169943749472,261.0
node_5_4,2026-08-07 12:00:00,26.904099643170007,78.20946196300575,0.4569485993176934,514.8822243376092,911.1642330626371,43.327678063478004,20.1,86,0.493,160.0,812.5,12,1.2246467991473532e-16,-1.0,219,-0.5877852522924734,-0.8090169943749472,261.0
node_5_4,2026-08-07 13:00:00,26.066528565803903,85.02050235542185,0.45873913569885894,314.75138180743244,910.5525296410203,43.327678063478004,21.0,81,0.492,276.0,812.6,13,-0.2588190451025208,-0.9659258262890683,219,-0.5877852522924734,-0.8090169943749472,261.0
node_5_4,2026-08-07 14:00:00,26.21293233762881,86.00819829284276,0.460852068284862,441.22545553691936,909.8307632842698,43.327678063478004,21.3,79,0.491,241.0,812.2,14,-0.4999999999999997,-0.8660254037844388,219,-0.5877852522924734,-0.8090169943749472,261.0
node_5_4,2026-08-07 15:00:00,26.635519434369485,84.44762788593361,0.46118266692211424,446.69776026490354,909.3972932575281,43.327678063478004,22.8,71,0.49,456.0,812.1,15,-0.7071067811865471,-0.7071067811865479,219,-0.5877852522924734,-0.8090169943749472,261.0
node_5_4,2026-08-07 16:00:00,26.53469952229377,84.89526073935345,0.46052146799178106,342.537847191265,909.0416466282279,43.327678063478004,22.8,70,0.488,368.0,811.8,16,-0.8660254037844384,-0.5000000000000004,219,-0.5877852522924734,-0.8090169943749472,261.0
node_5_4,2026-08-07 17:00:00,26.268578718554654,89.55646712091591,0.4579732041311941,219.55644559514238,908.9859999161363,43.327678063478004,21.7,75,0.486,237.0,811.6,17,-0.9659258262890683,-0.25881904510252063,219,-0.5877852522924734,-0.8090169943749472,261.0
node_5_4,2026-08-07 18:00:00,25.067758806478942,95.11703338825323,0.4578643715195267,96.67760379516237,909.2198799403116,43.327678063478004,20.3,87,0.486,112.0,811.1,18,-1.0,-1.8369701987210297e-16,219,-0.5877852522924734,-0.8090169943749472,261.0
node_5_4,2026-08-07 19:00:00,24.27905206507925,96.56056709525167,0.45742083864044264,9.995900025664245,909.5759364842538,43.327678063478004,18.9,92,0.487,11.0,810.8,19,-0.9659258262890684,0.2588190451025203,219,-0.5877852522924734,-0.8090169943749472,261.0
node_5_4,2026-08-07 20:00:00,24.045992035771157,94.6694005348334,0.4564208386404427,0.0,909.9759364842539,43.327678063478004,18.9,88,0.486,0.0,811.7,20,-0.8660254037844386,0.5000000000000001,219,-0.5877852522924734,-0.8090169943749472,261.0
node_5_4,2026-08-07 21:00:00,23.935108857395857,93.11293424183184,0.4553079052265252,0.0,910.6311729505376,43.327678063478004,18.7,86,0.486,0.0,811.9,21,-0.7071067811865477,0.7071067811865474,219,-0.5877852522924734,-0.8090169943749472,261.0
node_5_4,2026-08-07 22:00:00,23.768578718554654,91.78233643249398,0.45375143893352365,0.0,910.9759364014625,43.327678063478004,18.3,87,0.486,0.0,812.6,22,-0.5000000000000004,0.8660254037844384,219,-0.5877852522924734,-0.8090169943749472,261.0
node_5_4,2026-08-07 23:00:00,24.31252167786374,91.89527150224019,0.45175143976143795,0.0,910.4977029237959,43.327678063478004,17.7,89,0.486,0.0,812.2,23,-0.25881904510252157,0.9659258262890681,219,-0.5877852522924734,-0.8090169943749472,261.0
node_5_4,2026-08-08 00:00:00,23.612521760655177,93.22997176965691,0.4516385063475205,0.0,910.6420562117042,43.327678063478004,17.3,90,0.491,0.0,811.6,0,0.0,1.0,220,-0.6016240632249227,-0.7987793728863648,261.0
node_5_4,2026-08-08 01:00:00,22.967758475313197,95.12113833007518,0.45329970858951113,0.0,910.2311731161205,43.327678063478004,16.9,88,0.491,0.0,811.1,1,0.25881904510252074,0.9659258262890683,220,-0.6016240632249227,-0.7987793728863648,261.0
node_5_4,2026-08-08 02:00:00,22.34558212112902,96.67350299291225,0.45296500915000876,0.0,909.830763118687,43.327678063478004,17.6,80,0.491,0.0,811.5,2,0.49999999999999994,0.8660254037844387,220,-0.6016240632249227,-0.7987793728863648,261.0
node_5_4,2026-08-08 03:00:00,22.0008187529956,96.8952690184971,0.4534085436849216,0.0,909.4972931747366,43.327678063478004,17.5,82,0.491,0.0,811.2,3,0.7071067811865475,0.7071067811865476,220,-0.6016240632249227,-0.7987793728863648,261.0
node_5_4,2026-08-08 04:00:00,21.877821907195653,95.1211375021608,0.45285207656400567,0.0,909.508176353112,43.327678063478004,17.5,81,0.491,0.0,811.2,4,0.8660254037844386,0.5000000000000001,220,-0.6016240632249227,-0.7987793728863648,261.0
node_5_4,2026-08-08 05:00:00,23.03469861158797,92.22176933724229,0.45262620725242764,0.0,910.1864098307784,43.327678063478004,18.0,83,0.489,0.0,811.8,5,0.9659258262890683,0.25881904510252074,220,-0.6016240632249227,-0.7987793728863648,261.0
node_5_4,2026-08-08 06:00:00,23.423815267629802,91.99590168149295,0.45196090751984436,27.45173448358431,910.8085863505455,43.327678063478004,17.7,85,0.489,32.0,811.7,6,1.0,6.123233995736766e-17,220,-0.6016240632249227,-0.7987793728863648,261.0
node_5_4,2026-08-08 07:00:00,25.17987181157209,90.33470275115978,0.4509609075198443,166.58107441815972,911.3533498014704,43.327678063478004,18.6,93,0.488,179.0,812.8,7,0.9659258262890683,-0.25881904510252063,220,-0.6016240632249227,-0.7987793728863648,261.0
node_5_4,2026-08-08 08:00:00,26.367758392521758,84.23407174399267,0.449295607787261,360.8233427991664,912.030763118687,43.327678063478004,20.1,89,0.488,373.0,813.8,8,0.8660254037844387,-0.4999999999999998,220,-0.6016240632249227,-0.7987793728863648,261.0
node_5_4,2026-08-08 09:00:00,27.990755817861757,74.33469861158795,0.44729560778726096,545.7473290242154,912.4968831773031,43.327678063478004,22.3,75,0.486,574.0,814.9,9,0.7071067811865476,-0.7071067811865475,220,-0.6016240632249227,-0.7987793728863648,261.0
node_5_4,2026-08-08 10:00:00,28.990756149027504,70.1088293000099,0.4450738409337618,664.517372157017,912.8968831773032,43.327678063478004,24.0,64,0.484,740.0,815.6,10,0.49999999999999994,-0.8660254037844387,220,-0.6016240632249227,-0.7987793728863648,261.0
node_5_4,2026-08-08 11:00:00,29.757285956702958,65.22586599992059,0.4432997085895111,773.2996887195663,913.0412365480029,43.327678063478004,24.7,58,0.482,839.0,816.0,11,0.258819045102521,-0.9659258262890682,220,-0.6016240632249227,-0.7987793728863648,261.0
node_5_4,2026-08-08 12:00:00,29.545172454861188,66.34290104400257,0.44174734227084533,842.9895866423353,912.8968832600945,43.327678063478004,25.7,53,0.479,902.0,816.1,12,1.2246467991473532e-16,-1.0,220,-0.6016240632249227,-0.7987793728863648,261.0
node_5_4,2026-08-08 13:00:00,29.945582700669075,64.5605662673373,0.43975144307309544,840.3921305409486,912.152529972186,43.327678063478004,26.7,48,0.477,885.0,815.4,13,-0.2588190451025208,-0.9659258262890683,220,-0.6016240632249227,-0.7987793728863648,261.0
node_5_4,2026-08-08 14:00:00,29.490345737636748,66.00820160450023,0.438199077582344,775.4558443928922,911.4747065747447,43.327678063478004,27.0,46,0.475,789.0,814.7,14,-0.4999999999999997,-0.8660254037844388,220,-0.6016240632249227,-0.7987793728863648,261.0
node_5_4,2026-08-08 15:00:00,29.022585689286252,68.12113419050335,0.4364249452380934,623.663416478898,911.0638233135779,43.327678063478004,25.9,50,0.473,637.0,813.9,15,-0.7071067811865471,-0.7071067811865479,220,-0.6016240632249227,-0.7987793728863648,261.0
node_5_4,2026-08-08 16:00:00,28.68993582299461,69.11703338825323,0.43442494523809333,475.07602867740945,910.4972933403196,43.327678063478004,23.1,70,0.475,445.0,812.8,16,-0.8660254037844384,-0.5000000000000004,220,-0.6016240632249227,-0.7987793728863648,261.0
node_5_4,2026-08-08 17:00:00,28.000819001369905,77.5728678461733,0.4416754177073434,294.0883435028753,910.8416467938108,43.327678063478004,21.6,79,0.481,291.0,813.4,17,-0.9659258262890683,-0.25881904510252063,220,-0.6016240632249227,-0.7987793728863648,261.0
node_5_4,2026-08-08 18:00:00,26.121765363253356,87.68170211366939,0.44156658509567603,116.98360341431442,911.0307632014783,43.327678063478004,19.4,95,0.483,115.0,812.7,18,-1.0,-1.8369701987210297e-16,220,-0.6016240632249227,-0.7987793728863648,261.0
node_5_4,2026-08-08 19:00:00,25.044762043470428,91.0164023810861,0.44134071743992676,9.774134000079389,911.7977030893787,43.327678063478004,18.7,97,0.484,11.0,812.8,19,-0.9659258262890684,0.2588190451025203,220,-0.6016240632249227,-0.7987793728863648,261.0
node_5_4,2026-08-08 20:00:00,24.933468619287247,89.23817006249968,0.4408930837585925,0.0,912.3198797747289,43.327678063478004,18.8,91,0.484,0.0,813.8,20,-0.8660254037844386,0.5000000000000001,220,-0.6016240632249227,-0.7987793728863648,261.0
node_5_4,2026-08-08 21:00:00,24.63346853649581,90.01640403691482,0.44000191637025987,0.0,913.0977030893787,43.327678063478004,18.4,92,0.484,0.0,814.5,21,-0.7071067811865477,0.7071067811865474,220,-0.6016240632249227,-0.7987793728863648,261.0
node_5_4,2026-08-08 22:00:00,24.177411744179206,90.12933827874667,0.43933251583542643,0.0,913.2416462970622,43.327678063478004,18.0,90,0.483,0.0,814.2,22,-0.5000000000000004,0.8660254037844384,220,-0.6016240632249227,-0.7987793728863648,261.0
node_5_4,2026-08-08 23:00:00,24.44558187275471,91.7864372347441,0.4386631153005931,0.0,912.9198796919372,43.327678063478004,18.4,92,0.483,0.0,814.3,23,-0.25881904510252157,0.9659258262890681,220,-0.6016240632249227,-0.7987793728863648,261.0
node_5_4,2026-08-09 00:00:00,23.756464968338573,93.89937230449033,0.4383284150331763,0.0,912.6529395556624,43.327678063478004,17.9,94,0.488,0.0,814.2,0,0.0,1.0,221,-0.6152845999633277,-0.7883050558305253,261.0
node_5_4,2026-08-09 01:00:00,23.222994858805464,94.23407174399266,0.43821548161925883,0.0,912.0642328970541,43.327678063478004,17.8,92,0.489,0.0,813.5,1,0.25881904510252074,0.9659258262890683,221,-0.6152845999633277,-0.7883050558305253,261.0
node_5_4,2026-08-09 02:00:00,22.845171461363954,95.12113833007518,0.43788078135184216,0.0,911.9085861021713,43.327678063478004,17.4,91,0.489,0.0,813.0,2,0.49999999999999994,0.8660254037844387,221,-0.6152845999633277,-0.7883050558305253,261.0
node_5_4,2026-08-09 03:00:00,22.733877954389328,94.67760545099111,0.43798961396350955,0.0,911.7420560461214,43.327678063478004,16.8,92,0.488,0.0,812.5,3,0.7071067811865475,0.7071067811865476,221,-0.6152845999633277,-0.7883050558305253,261.0
node_5_4,2026-08-09 04:00:00,22.733877954389328,93.79053969282296,0.43798961396350955,0.0,912.0424661263464,43.327678063478004,16.7,91,0.487,0.0,812.7,4,0.8660254037844386,0.5000000000000001,221,-0.6152845999633277,-0.7883050558305253,261.0
node_5_4,2026-08-09 05:00:00,23.333878119972205,92.12113915798953,0.4383202126007617,0.0,912.1864094168212,43.327678063478004,17.7,94,0.477,0.0,813.5,5,0.9659258262890683,0.25881904510252074,221,-0.6152845999633277,-0.7883050558305253,261.0
node_5_4,2026-08-09 06:00:00,23.355234727663536,93.12523996023965,0.4463530190187627,22.556465465087193,912.6755261556546,43.327678063478004,17.3,98,0.476,24.0,813.4,6,1.0,6.123233995736766e-17,221,-0.6152845999633277,-0.7883050558305253,261.0
node_5_4,2026-08-09 07:00:00,24.2439416346461,91.68170542532685,0.44657068424209745,120.3428877973727,913.4085862677541,43.327678063478004,18.0,97,0.477,162.0,814.1,7,0.9659258262890683,-0.25881904510252063,221,-0.6152845999633277,-0.7883050558305253,261.0
node_5_4,2026-08-09 08:00:00,25.44353188558683,86.35520427866729,0.4452359839746807,294.12113915798955,913.7972930091537,43.327678063478004,19.1,93,0.477,304.0,814.5,8,0.8660254037844387,-0.4999999999999998,221,-0.6152845999633277,-0.7883050558305253,261.0
node_5_4,2026-08-09 09:00:00,26.866118733953204,79.35520345075292,0.44301011631893134,483.2627814993153,914.0529397212454,43.327678063478004,19.8,90,0.478,377.0,814.9,9,0.7071067811865476,-0.7071067811865475,221,-0.6152845999633277,-0.7883050558305253,261.0
node_5_4,2026-08-09 10:00:00,27.777412158136386,74.24227003683544,0.4402318831724306,567.8400496702149,913.9751164065952,43.327678063478004,21.8,79,0.478,626.0,815.6,10,0.49999999999999994,-0.8660254037844387,221,-0.6152845999633277,-0.7883050558305253,261.0
node_5_4,2026-08-09 11:00:00,29.079052561827872,65.78233312083653,0.4409012828793496,705.9078891618394,913.7864098307784,43.327678063478004,23.8,63,0.486,785.0,815.8,11,0.258819045102521,-0.9659258262890682,221,-0.6152845999633277,-0.7883050558305253,261.0
node_5_4,2026-08-09 12:00:00,29.17905256182787,66.22586682783496,0.43756658261193293,777.0864503142175,913.1747064091617,43.327678063478004,23.9,61,0.484,780.0,815.4,12,1.2246467991473532e-16,-1.0,221,-0.6152845999633277,-0.7883050558305253,261.0
node_5_4,2026-08-09 13:00:00,29.03469919112803,68.00410080225011,0.4371230497328489,763.2628046809175,912.6194698600866,43.327678063478004,24.0,62,0.484,769.0,814.8,13,-0.2588190451025208,-0.9659258262890683,221,-0.6152845999633277,-0.7883050558305253,261.0
node_5_4,2026-08-09 14:00:00,28.32176561162767,73.68580291591951,0.4383571189930985,609.6571395238012,911.941236548003,43.327678063478004,24.2,62,0.486,646.0,815.0,14,-0.4999999999999997,-0.8660254037844388,221,-0.6152845999633277,-0.7883050558305253,261.0
node_5_4,2026-08-09 15:00:00,28.1447622090533,74.23406926024957,0.4373571198210128,452.8236621915873,911.4972932575281,43.327678063478004,20.9,83,0.487,367.0,813.3,15,-0.7071067811865471,-0.7071067811865479,221,-0.6152845999633277,-0.7883050558305253,261.0
node_5_4,2026-08-09 16:00:00,28.022175443478368,73.45583528583443,0.4354659532605945,399.3040973234363,910.941646628228,43.327678063478004,21.3,80,0.487,378.0,813.2,16,-0.8660254037844384,-0.5000000000000004,221,-0.6152845999633277,-0.7883050558305253,261.0
node_5_4,2026-08-09 17:00:00,27.18870566511101,82.89936650908976,0.4422359831467664,255.53185733992896,910.4977032549616,43.327678063478004,21.9,80,0.484,225.0,812.6,17,-0.9659258262890683,-0.25881904510252063,221,-0.6152845999633277,-0.7883050558305253,261.0
node_5_4,2026-08-09 18:00:00,26.09958876069487,89.78643226725791,0.441010115491017,102.76183159332902,910.5311731989119,43.327678063478004,20.2,90,0.484,111.0,812.1,18,-1.0,-1.8369701987210297e-16,221,-0.6152845999633277,-0.7883050558305253,261.0
node_5_4,2026-08-09 19:00:00,24.922175277895494,95.22996680217072,0.4398971820770995,9.10883343958173,910.9311731161205,43.327678063478004,18.6,96,0.485,9.0,812.2,19,-0.9659258262890684,0.2588190451025203,221,-0.6152845999633277,-0.7883050558305253,261.0
node_5_4,2026-08-09 20:00:00,24.533468702078682,94.89526736266838,0.43944954839576533,0.0,911.6533498014703,43.327678063478004,18.4,99,0.486,0.0,812.9,20,-0.8660254037844386,0.5000000000000001,221,-0.6152845999633277,-0.7883050558305253,261.0
node_5_4,2026-08-09 21:00:00,24.177411992553516,94.56466872541615,0.43911484812834867,0.0,912.2751164065953,43.327678063478004,18.4,100,0.489,0.0,813.7,21,-0.7071067811865477,0.7071067811865474,221,-0.6152845999633277,-0.7883050558305253,261.0
node_5_4,2026-08-09 22:00:00,24.054825309770017,94.45583611374879,0.4380019147144312,0.0,912.4525296410203,43.327678063478004,18.2,100,0.491,0.0,813.8,22,-0.5000000000000004,0.8660254037844384,221,-0.6152845999633277,-0.7883050558305253,261.0
node_5_4,2026-08-09 23:00:00,24.222585192537633,93.33880272549554,0.43744544593768653,0.0,912.1642329798457,43.327678063478004,18.1,99,0.491,0.0,813.4,23,-0.25881904510252157,0.9659258262890681,221,-0.6152845999633277,-0.7883050558305253,261.0
node_5_4,2026-08-10 00:00:00,23.945171875321133,93.3388035534099,0.4368889796446849,0.0,911.7755263212373,43.327678063478004,18.0,99,0.493,0.0,813.0,0,0.0,1.0,222,-0.6287628145958345,-0.7775971469736268,261.0
node_5_4,2026-08-10 01:00:00,23.989525080438106,91.45173862315612,0.43811074732609845,0.0,911.4420562944958,43.327678063478004,17.8,99,0.493,0.0,812.4,1,0.25881904510252074,0.9659258262890683,222,-0.6287628145958345,-0.7775971469736268,261.0
node_5_4,2026-08-10 02:00:00,23.8225851097462,91.34290601148875,0.43933251500751214,0.0,911.2642329798457,43.327678063478004,17.5,99,0.494,0.0,812.2,2,0.49999999999999994,0.8660254037844387,222,-0.6287628145958345,-0.7775971469736268,261.0
node_5_4,2026-08-10 03:00:00,23.733878533929385,90.67350464874097,0.44066311530059304,0.0,910.8977030065873,43.327678063478004,17.5,99,0.493,0.0,812.0,3,0.7071067811865475,0.7071067811865476,222,-0.6287628145958345,-0.7775971469736268,261.0
node_5_4,2026-08-10 04:00:00,23.61211209438735,91.0041032859932,0.4408848821540923,0.0,911.0085863505456,43.327678063478004,17.3,99,0.492,0.0,812.0,4,0.8660254037844386,0.5000000000000001,222,-0.6287628145958345,-0.7775971469736268,261.0
node_5_4,2026-08-10 05:00:00,23.856465796252937,95.10883178375299,0.4493284067540327,0.0,910.5751162410124,43.327678063478004,18.0,100,0.49,0.0,811.5,5,0.9659258262890683,0.25881904510252074,222,-0.6287628145958345,-0.7775971469736268,261.0
node_5_4,2026-08-10 06:00:00,23.479052727410746,96.99999917208562,0.46020726676812873,16.560567095251677,911.3307627875212,43.327678063478004,18.0,100,0.493,8.0,811.8,6,1.0,6.123233995736766e-17,222,-0.6287628145958345,-0.7775971469736268,261.0
node_5_4,2026-08-10 07:00:00,23.70122932996923,97.44763368133418,0.4617637330611303,67.97540015398546,911.5420562117044,43.327678063478004,17.9,100,0.501,65.0,812.0,7,0.9659258262890683,-0.25881904510252063,222,-0.6287628145958345,-0.7775971469736268,261.0
node_5_4,2026-08-10 08:00:00,24.178642564394295,94.88706575816813,0.4650861292659679,194.4293314882754,912.052939472871,43.327678063478004,18.2,100,0.515,83.0,812.5,8,0.8660254037844387,-0.4999999999999998,222,-0.6287628145958345,-0.7775971469736268,261.0
node_5_4,2026-08-10 09:00:00,24.256466044627246,94.8911657325039,0.4666425955589694,192.80916458996006,912.275116158221,43.327678063478004,18.1,96,0.513,110.0,812.6,9,0.7071067811865476,-0.7071067811865475,222,-0.6287628145958345,-0.7775971469736268,261.0
node_5_4,2026-08-10 10:00:00,24.866119065118948,91.89936733700412,0.4647637330611303,316.20158803007,912.3525294754374,43.327678063478004,18.7,98,0.515,174.0,813.0,10,0.49999999999999994,-0.8660254037844387,222,-0.6287628145958345,-0.7775971469736268,261.0
node_5_4,2026-08-10 11:00:00,25.022585606494815,90.22996928591381,0.46742082953338465,408.5463408670121,912.4416461314793,43.327678063478004,18.7,94,0.513,235.0,812.9,11,0.258819045102521,-0.9659258262890682,222,-0.6287628145958345,-0.7775971469736268,261.0
node_5_4,2026-08-10 12:00:00,25.091165732503896,89.77003402574361,0.4645296646287951,381.93812138270835,912.2307628703126,43.327678063478004,18.6,99,0.515,198.0,813.0,12,1.2246467991473532e-16,-1.0,222,-0.6287628145958345,-0.7775971469736268,261.0
node_5_4,2026-08-10 13:00:00,25.868989047153974,83.88296826757548,0.4618643673799549,468.46590358573263,911.7751162410124,43.327678063478004,18.7,97,0.513,265.0,812.6,13,-0.2588190451025208,-0.9659258262890683,222,-0.6287628145958345,-0.7775971469736268,261.0
node_5_4,2026-08-10 14:00:00,26.235928935054446,81.32650197457392,0.45930790274278205,468.45582535086197,910.9416462970623,43.327678063478004,18.6,100,0.511,217.0,812.0,14,-0.4999999999999997,-0.8660254037844388,222,-0.6287628145958345,-0.7775971469736268,261.0
node_5_4,2026-08-10 15:00:00,26.046812279012617,81.21766770707782,0.45786437069161234,362.8069321389366,910.5529397212454,43.327678063478004,19.2,96,0.509,368.0,811.7,15,-0.7071067811865471,-0.7071067811865479,222,-0.6287628145958345,-0.7775971469736268,261.0
node_5_4,2026-08-10 16:00:00,25.902048993670633,83.78233560457963,0.4573120052008609,257.7558293232775,910.1307631186869,43.327678063478004,19.2,94,0.506,282.0,811.6,16,-0.8660254037844384,-0.5000000000000004,222,-0.6287628145958345,-0.7775971469736268,261.0
node_5_4,2026-08-10 17:00:00,25.88870566511101,85.13343576933934,0.4638766656471334,154.07383348253254,910.2977031721704,43.327678063478004,18.9,98,0.516,115.0,811.5,17,-0.9659258262890683,-0.25881904510252063,222,-0.6287628145958345,-0.7775971469736268,261.0
node_5_4,2026-08-10 18:00:00,25.033879113469443,91.67759965559054,0.4599854999146295,62.86247253546853,910.1198798575201,43.327678063478004,18.4,100,0.511,65.0,811.4,18,-1.0,-1.8369701987210297e-16,222,-0.6287628145958345,-0.7775971469736268,261.0
node_5_4,2026-08-10 19:00:00,24.32299568671983,94.56466624167305,0.45731610020771046,5.887066586082511,910.6311730333291,43.327678063478004,17.9,100,0.509,7.0,811.5,19,-0.9659258262890684,0.2588190451025203,222,-0.6287628145958345,-0.7775971469736268,261.0
node_5_4,2026-08-10 20:00:00,24.21170217974521,93.67760131141927,0.4557596339147089,0.0,911.2642329798457,43.327678063478004,18.2,98,0.506,0.0,812.2,20,-0.8660254037844386,0.5000000000000001,222,-0.6287628145958345,-0.7775971469736268,261.0
node_5_4,2026-08-10 21:00:00,23.83387861672082,94.12113584633208,0.45453786788912404,0.0,911.5972928435708,43.327678063478004,18.2,98,0.505,0.0,812.8,21,-0.7071067811865477,0.7071067811865474,222,-0.6287628145958345,-0.7775971469736268,261.0
node_5_4,2026-08-10 22:00:00,23.722585358120504,94.23407008816393,0.4529814015961225,0.0,911.7194696117122,43.327678063478004,18.1,98,0.503,0.0,813.0,22,-0.5000000000000004,0.8660254037844384,222,-0.6287628145958345,-0.7775971469736268,261.0
node_5_4,2026-08-10 23:00:00,23.84517195811257,93.568771183495,0.45552966711253823,0.0,910.8198796091459,43.327678063478004,18.0,100,0.499,0.0,811.8,23,-0.25881904510252157,0.9659258262890681,222,-0.6287628145958345,-0.7775971469736268,261.0
node_5_4,2026-08-11 00:00:00,23.567348643462488,93.12523913232529,0.45430790108695335,0.0,910.7864094996128,43.327678063478004,17.4,100,0.499,0.0,811.5,0,0.0,1.0,223,-0.6420547132365636,-0.7666588193001592,261.0
node_5_4,2026-08-11 01:00:00,23.478231987420667,92.01640734857229,0.4535296687683669,0.0,910.6529395556624,43.327678063478004,17.4,100,0.499,0.0,811.5,1,0.25881904510252074,0.9659258262890683,223,-0.6420547132365636,-0.7666588193001592,261.0
node_5_4,2026-08-11 02:00:00,23.433878699512256,90.79464132298743,0.45252966959628127,0.0,910.6194695289207,43.327678063478004,17.3,100,0.501,0.0,811.4,2,0.49999999999999994,0.8660254037844387,223,-0.6420547132365636,-0.7666588193001592,261.0
node_5_4,2026-08-11 03:00:00,23.35646546508719,91.01230654632216,0.4519732033032797,0.0,910.5529395556625,43.327678063478004,17.5,100,0.502,0.0,811.3,3,0.7071067811865475,0.7071067811865476,223,-0.6420547132365636,-0.7666588193001592,261.0
node_5_4,2026-08-11 04:00:00,23.222585358120508,92.23407257190702,0.45163850386377735,0.0,910.4194695289208,43.327678063478004,17.3,100,0.502,0.0,811.2,4,0.8660254037844386,0.5000000000000001,223,-0.6420547132365636,-0.7666588193001592,261.0
node_5_4,2026-08-11 05:00:00,22.93387894788657,95.22996928591381,0.45428329710136695,0.0,911.3081761047376,43.327678063478004,17.4,100,0.509,0.0,812.0,5,0.9659258262890683,0.25881904510252074,223,-0.6420547132365636,-0.7666588193001592,261.0
node_5_4,2026-08-11 06:00:00,23.089525494395286,95.00820326032895,0.45539213219677743,12.221763541841755,911.3638228996207,43.327678063478004,17.2,99,0.514,5.0,812.0,6,1.0,6.123233995736766e-17,223,-0.6420547132365636,-0.7666588193001592,261.0
node_5_4,2026-08-11 07:00:00,23.712112094387347,92.56056957899476,0.45583566755960464,101.03279979468601,911.8642328142628,43.327678063478004,17.5,99,0.514,48.0,812.2,7,0.9659258262890683,-0.25881904510252063,223,-0.6420547132365636,-0.7666588193001592,261.0
node_5_4,2026-08-11 08:00:00,24.202459239478518,91.77003236991489,0.45683156592944013,209.65899794005566,912.3864095824041,43.327678063478004,18.2,96,0.511,178.0,813.0,8,0.8660254037844387,-0.4999999999999998,223,-0.6420547132365636,-0.7666588193001592,261.0
node_5_4,2026-08-11 09:00:00,25.481102631787188,85.87886498158224,0.45627509963643853,372.26055732743555,912.8194695289208,43.327678063478004,19.0,93,0.509,318.0,813.6,9,0.7071067811865476,-0.7071067811865475,223,-0.6420547132365636,-0.7666588193001592,261.0
node_5_4,2026-08-11 10:00:00,25.569809704352622,84.98769510950652,0.46492809116687095,477.1703338825323,913.0194696117123,43.327678063478004,20.3,85,0.507,414.0,814.2,10,0.49999999999999994,-0.8660254037844387,223,-0.6420547132365636,-0.7666588193001592,261.0
node_5_4,2026-08-11 11:00:00,23.834289359277324,94.2258635161775,0.46094449685961447,512.9034913208565,913.3859995021792,43.327678063478004,18.0,99,0.508,330.0,813.9,11,0.258819045102521,-0.9659258262890682,223,-0.6420547132365636,-0.7666588193001592,261.0
node_5_4,2026-08-11 12:00:00,24.112112673927403,93.44763036967672,0.4709567959547074,170.34701592079688,913.1420563772872,43.327678063478004,18.9,95,0.508,338.0,814.0,12,1.2246467991473532e-16,-1.0,223,-0.6420547132365636,-0.7666588193001592,261.0
node_5_4,2026-08-11 13:00:00,24.44517245486119,93.89116490458952,0.4722996986545387,181.30189302150134,912.2307631186869,43.327678063478004,18.9,94,0.51,270.0,813.4,13,-0.2588190451025208,-0.9659258262890683,223,-0.6420547132365636,-0.7666588193001592,261.0
node_5_4,2026-08-11 14:00:00,24.812522422986667,93.99999834417126,0.4699650000429507,236.71045409262467,911.3864098307786,43.327678063478004,20.1,84,0.507,367.0,813.4,14,-0.4999999999999997,-0.8660254037844388,223,-0.6420547132365636,-0.7666588193001592,261.0
node_5_4,2026-08-11 15:00:00,25.556465547878624,89.45173448358429,0.4679650008708651,329.0517556750451,910.5751165721782,43.327678063478004,19.6,90,0.508,387.0,812.4,15,-0.7071067811865471,-0.7071067811865479,223,-0.6420547132365636,-0.7666588193001592,261.0
node_5_4,2026-08-11 16:00:00,25.901639327402805,89.44763036967672,0.46607383348253245,279.2732254898113,909.9751166549696,43.327678063478004,20.1,92,0.51,347.0,811.9,16,-0.8660254037844384,-0.5000000000000004,223,-0.6420547132365636,-0.7666588193001592,261.0
node_5_4,2026-08-11 17:00:00,26.413752166913085,85.32650031874519,0.4736549087286066,175.41677509433904,910.442056708453,43.327678063478004,19.6,98,0.507,139.0,812.6,17,-0.9659258262890683,-0.25881904510252063,223,-0.6420547132365636,-0.7666588193001592,261.0
node_5_4,2026-08-11 18:00:00,25.157695705762226,93.55236549075143,0.46496500418252257,97.57696699259469,909.919469942878,43.327678063478004,19.6,98,0.504,54.0,811.7,18,-1.0,-1.8369701987210297e-16,223,-0.6420547132365636,-0.7666588193001592,261.0
node_5_4,2026-08-11 19:00:00,24.167758889270377,96.10883178375299,0.46307793759644006,7.999999999999998,909.8194699428781,43.327678063478004,18.7,100,0.502,6.0,811.9,19,-0.9659258262890684,0.2588190451025203,223,-0.6420547132365636,-0.7666588193001592,261.0
node_5_4,2026-08-11 20:00:00,23.922995521136958,95.7782323185864,0.4610779375964401,0.0,910.7194698600865,43.327678063478004,18.6,97,0.5,0.0,812.4,20,-0.8660254037844386,0.5000000000000001,223,-0.6420547132365636,-0.7666588193001592,261.0
node_5_4,2026-08-11 21:00:00,23.789115331378834,94.44763368133418,0.46007793759644006,0.0,911.4525296410204,43.327678063478004,18.5,93,0.499,0.0,812.9,21,-0.7071067811865477,0.7071067811865474,223,-0.6420547132365636,-0.7666588193001592,261.0
node_5_4,2026-08-11 22:00:00,23.555235141620717,93.33880189758118,0.4584126378638568,0.0,911.885999667762,43.327678063478004,18.4,89,0.498,0.0,813.5,22,-0.5000000000000004,0.8660254037844384,223,-0.6420547132365636,-0.7666588193001592,261.0
node_5_4,2026-08-11 23:00:00,23.766528317429593,92.0041032859932,0.46041673783819254,0.0,911.5972929263623,43.327678063478004,18.7,85,0.499,0.0,813.3,23,-0.25881904510252157,0.9659258262890681,223,-0.6420547132365636,-0.7666588193001592,261.0
node_5_4,2026-08-12 00:00:00,23.144761712304685,92.00000331165745,0.4590820375707758,0.0,911.4751163238038,43.327678063478004,18.5,83,0.498,0.0,813.5,0,0.0,1.0,224,-0.655156357209085,-0.7554933140726804,261.0
node_5_4,2026-08-12 01:00:00,22.833878533929386,91.77413565590811,0.4576385046916917,0.0,911.5416462970621,43.327678063478004,18.4,81,0.497,0.0,813.6,1,0.25881904510252074,0.9659258262890683,224,-0.655156357209085,-0.7554933140726804,261.0
node_5_4,2026-08-12 02:00:00,22.600408424396278,91.33060277682404,0.45663850469169176,0.0,911.4303529556704,43.327678063478004,18.3,80,0.496,0.0,813.3,2,0.49999999999999994,0.8660254037844387,224,-0.655156357209085,-0.7554933140726804,261.0
node_5_4,2026-08-12 03:00:00,22.389115000213092,90.21766936290655,0.4554167386661069,0.0,911.0747063263702,43.327678063478004,18.3,79,0.495,0.0,812.8,3,0.7071067811865475,0.7071067811865476,224,-0.655156357209085,-0.7554933140726804,261.0
node_5_4,2026-08-12 04:00:00,22.211291602771578,90.21766936290655,0.4544167386661069,0.0,910.8190596142788,43.327678063478004,18.3,78,0.494,0.0,812.8,4,0.8660254037844386,0.5000000000000001,224,-0.655156357209085,-0.7554933140726804,261.0
node_5_4,2026-08-12 05:00:00,22.97741133022202,88.10473594898906,0.4579855106775163,0.0,911.1634129849785,43.327678063478004,18.1,81,0.493,0.0,812.5,5,0.9659258262890683,0.25881904510252074,224,-0.655156357209085,-0.7554933140726804,261.0
node_5_4,2026-08-12 06:00:00,23.43346803974719,88.32650197457392,0.4564290435566004,25.67350133708353,911.5638229824121,43.327678063478004,18.5,81,0.493,24.0,813.1,6,1.0,6.123233995736766e-17,224,-0.655156357209085,-0.7554933140726804,261.0
node_5_4,2026-08-12 07:00:00,25.023814936464056,86.99590250940733,0.4550943432891837,166.8069387622516,912.008586433337,43.327678063478004,19.1,90,0.492,153.0,813.7,7,0.9659258262890683,-0.25881904510252063,224,-0.655156357209085,-0.7554933140726804,261.0
node_5_4,2026-08-12 08:00:00,26.90204866250489,83.10883426749609,0.4533161101426829,366.3716107993252,912.7085865989199,43.327678063478004,20.4,87,0.491,328.0,814.6,8,0.8660254037844387,-0.4999999999999998,224,-0.655156357209085,-0.7554933140726804,261.0
node_5_4,2026-08-12 09:00:00,28.635109188561604,74.66529642092581,0.4502031767287654,569.2545856902155,913.0864100791528,43.327678063478004,22.7,73,0.49,516.0,815.7,9,0.7071067811865476,-0.7071067811865475,224,-0.655156357209085,-0.7554933140726804,261.0
node_5_4,2026-08-12 10:00:00,29.968579629260454,66.99999254877069,0.4469814098752662,733.2463898811159,913.1529401352025,43.327678063478004,25.0,62,0.488,745.0,816.4,10,0.49999999999999994,-0.8660254037844387,224,-0.655156357209085,-0.7554933140726804,261.0
node_5_4,2026-08-12 11:00:00,31.280693462267976,60.3264903837728,0.44687257891942755,832.6940219066213,912.7638233963693,43.327678063478004,27.0,52,0.498,857.0,816.2,11,0.258819045102521,-0.9659258262890682,224,-0.655156357209085,-0.7554933140726804,261.0
node_5_4,2026-08-12 12:00:00,31.191986969242596,62.9917901163561,0.4435378778240965,821.735035724523,912.6751167377611,43.327678063478004,28.0,46,0.494,897.0,816.1,12,1.2246467991473532e-16,-1.0,224,-0.655156357209085,-0.7554933140726804,261.0
node_5_4,2026-08-12 13:00:00,31.112933082751734,63.6611931349326,0.44075964384968125,797.6366081913766,911.9416467938107,43.327678063478004,27.4,48,0.492,825.0,815.6,13,-0.2588190451025208,-0.9659258262890683,224,-0.655156357209085,-0.7554933140726804,261.0
node_5_4,2026-08-12 14:00:00,31.258106365527293,63.882961644260554,0.4382031767287654,769.8233361758514,911.5638234791606,43.327678063478004,26.2,53,0.49,697.0,815.3,14,-0.4999999999999997,-0.8660254037844388,224,-0.655156357209085,-0.7554933140726804,261.0
node_5_4,2026-08-12 15:00:00,31.12463633878562,64.21766273959162,0.4360902424869335,602.7227175873998,911.1638234791608,43.327678063478004,25.9,58,0.488,568.0,814.8,15,-0.7071067811865471,-0.7071067811865479,224,-0.655156357209085,-0.7554933140726804,261.0
node_5_4,2026-08-12 16:00:00,29.879463056010064,71.44352873951223,0.43587257643568444,440.2463873973728,910.7860000817192,43.327678063478004,25.3,61,0.486,468.0,814.3,16,-0.8660254037844384,-0.5000000000000004,224,-0.655156357209085,-0.7554933140726804,261.0
node_5_4,2026-08-12 17:00:00,29.178642729977167,78.22996431842762,0.42653377702184636,257.23817751372894,910.7307633670612,43.327678063478004,24.9,57,0.477,293.0,813.9,17,-0.9659258262890683,-0.25881904510252063,224,-0.655156357209085,-0.7554933140726804,261.0
node_5_4,2026-08-12 18:00:00,27.333879196260874,89.89526405101091,0.4292031767287654,96.86247087963979,911.4202900205366,43.327678063478004,22.9,73,0.476,129.0,813.7,18,-1.0,-1.8369701987210297e-16,224,-0.655156357209085,-0.7554933140726804,261.0
node_5_4,2026-08-12 19:00:00,26.056465630670065,93.895266534754,0.4299814098752661,7.5523671465801705,912.2094066765783,43.327678063478004,20.8,80,0.477,10.0,814.3,19,-0.9659258262890684,0.2588190451025203,224,-0.655156357209085,-0.7554933140726804,261.0
node_5_4,2026-08-12 20:00:00,25.61211234276166,94.1170342161676,0.4303161101426829,0.0,912.9759368154196,43.327678063478004,18.8,92,0.479,0.0,815.3,20,-0.8660254037844386,0.5000000000000001,224,-0.655156357209085,-0.7554933140726804,261.0
node_5_4,2026-08-12 21:00:00,25.234698942753717,94.44763368133418,0.43053787699618207,0.0,913.6868201593778,43.327678063478004,18.9,96,0.482,0.0,815.4,21,-0.7071067811865477,0.7071067811865474,224,-0.655156357209085,-0.7554933140726804,261.0
node_5_4,2026-08-12 22:00:00,24.934698777170844,94.44763450924854,0.4309814098752662,0.0,913.9424667058865,43.327678063478004,18.6,92,0.482,0.0,815.6,22,-0.5000000000000004,0.8660254037844384,224,-0.655156357209085,-0.7554933140726804,261.0
node_5_4,2026-08-12 23:00:00,25.311701848579464,90.677602967248,0.42653787699618206,0.0,913.6089965963533,43.327678063478004,18.9,90,0.487,0.0,815.2,23,-0.25881904510252157,0.9659258262890681,224,-0.655156357209085,-0.7554933140726804,261.0
node_5_4,2026-08-13 00:00:00,24.678641736479932,92.45173613941303,0.42653787699618206,0.0,913.4533498014704,43.327678063478004,18.3,87,0.486,0.0,814.8,0,0.0,1.0,225,-0.6680638642135333,-0.7441039398713608,261.0
node_5_4,2026-08-13 01:00:00,24.2455816243804,93.78233643249398,0.4272031767287654,0.0,912.9424663747208,43.327678063478004,17.4,89,0.486,0.0,813.7,1,0.25881904510252074,0.9659258262890683,225,-0.6680638642135333,-0.7441039398713608,261.0
node_5_4,2026-08-13 02:00:00,23.75687488298071,95.11293589766058,0.4275378769961821,0.0,912.198113004021,43.327678063478004,17.0,91,0.485,0.0,812.9,2,0.49999999999999994,0.8660254037844387,225,-0.6680638642135333,-0.7441039398713608,261.0
node_5_4,2026-08-13 03:00:00,23.556874717397836,95.11293589766058,0.42798140987526617,0.0,911.7759362358795,43.327678063478004,17.4,88,0.485,0.0,812.9,3,0.7071067811865475,0.7071067811865476,225,-0.6680638642135333,-0.7441039398713608,261.0
node_5_4,2026-08-13 04:00:00,23.201228088097682,95.89116904416136,0.42798140987526617,0.0,911.7315829479712,43.327678063478004,18.4,82,0.484,0.0,813.7,4,0.8660254037844386,0.5000000000000001,225,-0.6680638642135333,-0.7441039398713608,261.0
node_5_4,2026-08-13 05:00:00,24.22340460786473,91.1129375534893,0.4259814107031806,0.0,911.5646428944877,43.327678063478004,18.5,78,0.472,0.0,813.2,5,0.9659258262890683,0.25881904510252074,225,-0.6680638642135333,-0.7441039398713608,261.0
node_5_4,2026-08-13 06:00:00,24.4568746346064,91.00000331165744,0.4259814107031806,22.22176602558485,911.9646429772793,43.327678063478004,19.4,79,0.472,24.0,814.0,6,1.0,6.123233995736766e-17,225,-0.6680638642135333,-0.7441039398713608,261.0
node_5_4,2026-08-13 07:00:00,25.989524832063793,89.11703669991068,0.4259814107031806,153.68579877634767,912.4755264868203,43.327678063478004,20.1,82,0.472,156.0,814.5,7,0.9659258262890683,-0.25881904510252063,225,-0.6680638642135333,-0.7441039398713608,261.0
node_5_4,2026-08-13 08:00:00,27.545171875321135,79.45173613941303,0.4253161109705973,353.91167388332633,912.6751165721781,43.327678063478004,21.2,80,0.471,318.0,814.9,8,0.8660254037844387,-0.4999999999999998,225,-0.6680638642135333,-0.7441039398713608,261.0
node_5_4,2026-08-13 09:00:00,28.85687562810364,72.56056709525167,0.42353787782409646,534.7063085829988,912.5085866817113,43.327678063478004,23.2,71,0.47,557.0,815.2,9,0.7071067811865476,-0.7071067811865475,225,-0.6680638642135333,-0.7441039398713608,261.0
node_5_4,2026-08-13 10:00:00,29.912932668794554,66.33469861158797,0.4213161109705972,691.5050440849215,912.7859999161362,43.327678063478004,24.6,67,0.469,755.0,815.7,10,0.49999999999999994,-0.8660254037844387,225,-0.6680638642135333,-0.7441039398713608,261.0
node_5_4,2026-08-13 11:00:00,30.524225679020553,64.22176768141358,0.4179814107031805,780.6097800339105,913.119469942878,43.327678063478004,24.9,65,0.466,822.0,816.0,11,0.258819045102521,-0.9659258262890682,225,-0.6680638642135333,-0.7441039398713608,261.0
node_5_4,2026-08-13 12:00:00,29.810881688129438,68.89937147657596,0.4178766788937633,768.9772502910961,912.7751166549696,43.327678063478004,24.4,64,0.466,818.0,815.6,12,1.2246467991473532e-16,-1.0,225,-0.6680638642135333,-0.7441039398713608,261.0
node_5_4,2026-08-13 13:00:00,29.924225596229117,70.78233643249399,0.4191025457215982,751.9507415260508,912.0311735300775,43.327678063478004,24.3,69,0.467,673.0,815.4,13,-0.2588190451025208,-0.9659258262890683,225,-0.6680638642135333,-0.7441039398713608,261.0
node_5_4,2026-08-13 14:00:00,29.380692303187864,73.77413482799375,0.41732431257509744,668.76589845109,911.4303533696277,43.327678063478004,24.4,73,0.467,719.0,814.8,14,-0.4999999999999997,-0.8660254037844388,225,-0.6680638642135333,-0.7441039398713608,261.0
node_5_4,2026-08-13 15:00:00,28.643941883020403,76.11703504408196,0.4171066473517627,577.8337627801458,911.0085867645026,43.327678063478004,20.9,90,0.475,523.0,812.9,15,-0.7071067811865471,-0.7071067811865479,225,-0.6680638642135333,-0.7441039398713608,261.0
node_5_4,2026-08-13 16:00:00,28.62217536068693,76.78233477666525,0.4171066473517627,412.5668854460665,910.5420567912442,43.327678063478004,20.4,92,0.477,340.0,812.5,16,-0.8660254037844384,-0.5000000000000004,225,-0.6680638642135333,-0.7441039398713608,261.0
node_5_4,2026-08-13 17:00:00,27.77823157346348,82.22587096740679,0.4053489207002557,248.15804223866877,910.542056708453,43.327678063478004,19.9,89,0.471,225.0,812.8,17,-0.9659258262890683,-0.25881904510252063,225,-0.6680638642135333,-0.7441039398713608,261.0
node_5_4,2026-08-13 18:00:00,26.412111763221603,88.67350464874097,0.40623598728633814,106.00410245807883,910.5646434740279,43.327678063478004,18.9,99,0.474,87.0,812.5,18,-1.0,-1.8369701987210297e-16,225,-0.6680638642135333,-0.7441039398713608,261.0
node_5_4,2026-08-13 19:00:00,25.511701848579463,91.56467120915924,0.4071230538724207,6.887066586082511,911.0424667058865,43.327678063478004,18.7,100,0.475,6.0,813.1,19,-0.9659258262890684,0.2588190451025203,225,-0.6680638642135333,-0.7441039398713608,261.0
node_5_4,2026-08-13 20:00:00,25.244761877887555,91.22997011382817,0.40756658675150476,0.0,911.5977033377532,43.327678063478004,18.7,99,0.476,0.0,813.4,20,-0.8660254037844386,0.5000000000000001,225,-0.6680638642135333,-0.7441039398713608,261.0
node_5_4,2026-08-13 21:00:00,24.755645221845732,91.78643640682974,0.407788353605004,0.0,911.9420565428702,43.327678063478004,18.6,97,0.476,0.0,813.6,21,-0.7071067811865477,0.7071067811865474,225,-0.6680638642135333,-0.7441039398713608,261.0
node_5_4,2026-08-13 22:00:00,24.477411744179204,91.67760379516237,0.4082318864840881,0.0,911.7529398040368,43.327678063478004,18.1,97,0.476,0.0,813.4,22,-0.5000000000000004,0.8660254037844384,225,-0.6680638642135333,-0.7441039398713608,261.0
node_5_4,2026-08-13 23:00:00,25.17741149580489,88.34700598582451,0.4013448223817486,0.0,911.2420564600786,43.327678063478004,18.0,98,0.475,0.0,812.5,23,-0.25881904510252157,0.9659258262890681,225,-0.6680638642135333,-0.7441039398713608,261.0
node_5_4,2026-08-14 00:00:00,24.299178018138367,90.56877283932373,0.40201012211433196,0.0,910.8972930091538,43.327678063478004,17.7,94,0.475,0.0,812.1,0,0.0,1.0,226,-0.680773409477016,-0.732494071613579,261.0
node_5_4,2026-08-14 01:00:00,23.67659133535487,92.56877283932373,0.402453654993416,0.0,910.7081762703205,43.327678063478004,17.6,94,0.475,0.0,812.4,1,0.25881904510252074,0.9659258262890683,226,-0.680773409477016,-0.732494071613579,261.0
node_5_4,2026-08-14 02:00:00,23.376181255129858,93.56877283932373,0.40323188813991684,0.0,910.608176353112,43.327678063478004,17.9,91,0.475,0.0,812.5,2,0.49999999999999994,0.8660254037844387,226,-0.680773409477016,-0.732494071613579,261.0
node_5_4,2026-08-14 03:00:00,23.16488783094667,93.79053969282296,0.4038971878725001,0.0,910.2742962461452,43.327678063478004,17.8,90,0.475,0.0,812.0,3,0.7071067811865475,0.7071067811865476,226,-0.680773409477016,-0.732494071613579,261.0
node_5_4,2026-08-14 04:00:00,23.04271114559675,93.45583942540625,0.40434072075158417,0.0,910.3077661900955,43.327678063478004,18.2,87,0.474,0.0,812.1,4,0.8660254037844386,0.5000000000000001,226,-0.680773409477016,-0.732494071613579,261.0
node_5_4,2026-08-14 05:00:00,23.613342666228128,96.10883343958172,0.4010101221143319,0.0,910.653349718679,43.327678063478004,18.3,100,0.478,0.0,811.7,5,0.9659258262890683,0.25881904510252074,226,-0.680773409477016,-0.732494071613579,261.0
node_5_4,2026-08-14 06:00:00,23.77946247647001,97.00000082791435,0.402453654993416,13.439433732662684,910.9537598816954,43.327678063478004,18.4,100,0.477,14.0,812.5,6,1.0,6.123233995736766e-17,226,-0.680773409477016,-0.732494071613579,261.0
node_5_4,2026-08-14 07:00:00,24.83387869951226,94.55646712091591,0.402453654993416,95.87477328639015,911.4972929263623,43.327678063478004,18.5,98,0.477,75.0,812.5,7,0.9659258262890683,-0.25881904510252063,226,-0.680773409477016,-0.732494071613579,261.0
node_5_4,2026-08-14 08:00:00,25.289935905786045,89.00820160450021,0.4035665884073335,201.79876033935358,912.2751163238038,43.327678063478004,19.7,94,0.477,208.0,813.6,8,0.8660254037844387,-0.4999999999999998,226,-0.680773409477016,-0.732494071613579,261.0
node_5_4,2026-08-14 09:00:00,25.54640344065915,89.5605637835942,0.406671318560922,333.2444793062566,913.0638228996206,43.327678063478004,20.6,87,0.476,324.0,814.6,9,0.7071067811865476,-0.7071067811865475,226,-0.680773409477016,-0.732494071613579,261.0
node_5_4,2026-08-14 10:00:00,26.346813520884165,84.66529476509709,0.40678015117258937,393.9877737613712,913.3081763531119,43.327678063478004,20.7,83,0.475,323.0,814.9,10,0.49999999999999994,-0.8660254037844387,226,-0.680773409477016,-0.732494071613579,261.0
node_5_4,2026-08-14 11:00:00,26.311292596268814,79.67349968125478,0.4086590136704285,439.04550024572194,913.8747062435789,43.327678063478004,22.6,73,0.478,530.0,815.4,11,0.258819045102521,-0.9659258262890682,226,-0.680773409477016,-0.732494071613579,261.0
node_5_4,2026-08-14 12:00:00,26.11170300765957,81.89526487892527,0.4079937139378452,354.2773676877797,913.9416462970621,43.327678063478004,18.7,92,0.508,410.0,814.4,12,1.2246467991473532e-16,-1.0,226,-0.680773409477016,-0.732494071613579,261.0
node_5_4,2026-08-14 13:00:00,26.311702842076702,82.004098318507,0.40888077969601344,397.9038115411917,913.4416462142707,43.327678063478004,20.0,96,0.508,574.0,814.4,13,-0.2588190451025208,-0.9659258262890683,226,-0.680773409477016,-0.732494071613579,261.0
node_5_4,2026-08-14 14:00:00,25.813752746453144,85.33059946516659,0.4101025465495126,337.8747666630752,912.9642328142629,43.327678063478004,21.8,84,0.503,701.0,814.6,14,-0.4999999999999997,-0.8660254037844388,226,-0.680773409477016,-0.732494071613579,261.0
node_5_4,2026-08-14 15:00:00,25.445582369503327,89.0041032859932,0.4132154832750876,260.36560852927374,912.3307628703125,43.327678063478004,22.0,72,0.499,446.0,813.9,15,-0.7071067811865471,-0.7071067811865479,226,-0.680773409477016,-0.732494071613579,261.0
node_5_4,2026-08-14 16:00:00,25.401228916012045,89.22587013949241,0.4141066514913346,180.8665501561164,911.5864097479871,43.327678063478004,18.3,98,0.51,185.0,813.1,16,-0.8660254037844384,-0.5000000000000004,226,-0.680773409477016,-0.732494071613579,261.0
node_5_4,2026-08-14 17:00:00,25.302049076462072,88.21766853499219,0.4139855222683174,149.09653600031754,911.4085865161285,43.327678063478004,19.1,98,0.489,94.0,812.9,17,-0.9659258262890683,-0.25881904510252063,226,-0.680773409477016,-0.732494071613579,261.0
node_5_4,2026-08-14 18:00:00,24.601639079028494,93.3306011209953,0.4139855222683174,57.75361757011329,910.9416462970623,43.327678063478004,18.7,98,0.488,38.0,812.2,18,-1.0,-1.8369701987210297e-16,226,-0.680773409477016,-0.732494071613579,261.0
node_5_4,2026-08-14 19:00:00,23.912522505778103,96.77823314650077,0.4139855222683174,4.552366318665806,911.0194694461294,43.327678063478004,18.5,100,0.487,4.0,811.9,19,-0.9659258262890684,0.2588190451025203,226,-0.680773409477016,-0.732494071613579,261.0
node_5_4,2026-08-14 20:00:00,23.656875876477947,96.66939970691904,0.4137637554148182,0.0,911.6529394728711,43.327678063478004,18.3,98,0.485,0.0,812.7,20,-0.8660254037844386,0.5000000000000001,226,-0.680773409477016,-0.732494071613579,261.0
node_5_4,2026-08-14 21:00:00,23.545992532519776,96.99999917208562,0.41354198856131896,0.0,912.1085861849626,43.327678063478004,18.6,98,0.484,0.0,813.3,21,-0.7071067811865477,0.7071067811865474,226,-0.680773409477016,-0.732494071613579,261.0
node_5_4,2026-08-14 22:00:00,23.446402447161915,97.10883343958172,0.4138766888287357,0.0,912.4085861849627,43.327678063478004,18.3,100,0.483,0.0,813.6,22,-0.5000000000000004,0.8660254037844384,226,-0.680773409477016,-0.732494071613579,261.0
node_5_4,2026-08-14 23:00:00,23.91211225997022,97.00000082791435,0.41086848805214976,0.0,912.2307628703126,43.327678063478004,18.2,100,0.48,0.0,813.4,23,-0.25881904510252157,0.9659258262890681,226,-0.680773409477016,-0.732494071613579,261.0
node_5_4,2026-08-15 00:00:00,23.34517195811257,97.891168216247,0.4117555554661466,0.0,911.7307628703126,43.327678063478004,17.9,100,0.479,0.0,813.0,0,0.0,1.0,227,-0.6932812268869771,-0.7206671495538615,261.0
node_5_4,2026-08-15 01:00:00,22.833878533929386,98.2258684836637,0.4117555554661466,0.0,911.2642328142628,43.327678063478004,17.8,100,0.479,0.0,812.5,1,0.25881904510252074,0.9659258262890683,227,-0.6932812268869771,-0.7206671495538615,261.0
node_5_4,2026-08-15 02:00:00,22.63387861672082,98.2258684836637,0.4115337886126474,0.0,911.2529393900796,43.327678063478004,17.5,100,0.478,0.0,812.4,2,0.49999999999999994,0.8660254037844387,227,-0.6932812268869771,-0.7206671495538615,261.0
node_5_4,2026-08-15 03:00:00,22.456055302070745,97.44763533716292,0.41164672202656494,0.0,911.1416460486879,43.327678063478004,17.2,100,0.478,0.0,812.1,3,0.7071067811865475,0.7071067811865476,227,-0.6932812268869771,-0.7206671495538615,261.0
node_5_4,2026-08-15 04:00:00,22.266938480446044,97.00410245807885,0.4118684880521498,0.0,911.4081758563633,43.327678063478004,17.2,98,0.477,0.0,812.3,4,0.8660254037844386,0.5000000000000001,227,-0.6932812268869771,-0.7206671495538615,261.0
node_5_4,2026-08-15 05:00:00,22.900818752995598,97.33880272549555,0.4128807871472427,0.0,911.4198796091459,43.327678063478004,17.4,99,0.485,0.0,812.6,5,0.9659258262890683,0.25881904510252074,227,-0.6932812268869771,-0.7206671495538615,261.0
node_5_4,2026-08-15 06:00:00,23.24517187532113,96.1170366999107,0.4128807871472427,18.999998344171267,911.9529394728711,43.327678063478004,17.6,99,0.484,13.0,812.8,6,1.0,6.123233995736766e-17,227,-0.6932812268869771,-0.7206671495538615,261.0
node_5_4,2026-08-15 07:00:00,24.34599211856259,93.66940219066213,0.4128807871472427,130.59335612705095,912.8529393900795,43.327678063478004,18.5,94,0.483,107.0,813.7,7,0.9659258262890683,-0.25881904510252063,227,-0.6932812268869771,-0.7206671495538615,261.0
node_5_4,2026-08-15 08:00:00,24.791986141328234,89.4394329047483,0.4143202183961623,263.59334288042106,913.4642328970542,43.327678063478004,19.5,87,0.482,258.0,814.5,8,0.8660254037844387,-0.4999999999999998,227,-0.6932812268869771,-0.7206671495538615,261.0
node_5_4,2026-08-15 09:00:00,26.35769611971941,81.88296330008929,0.4143202183961623,437.0860804190204,913.585999667762,43.327678063478004,20.7,79,0.481,436.0,815.0,9,0.7071067811865476,-0.7071067811865475,227,-0.6932812268869771,-0.7206671495538615,261.0
node_5_4,2026-08-15 10:00:00,27.480692799936485,77.54006060025797,0.4123202183961623,599.0409508964099,913.585999667762,43.327678063478004,22.1,72,0.48,528.0,815.5,10,0.49999999999999994,-0.8660254037844387,227,-0.6932812268869771,-0.7206671495538615,261.0
node_5_4,2026-08-15 11:00:00,28.281103128535804,72.99179425592791,0.4127719528797466,701.5728322458556,913.6194697772951,43.327678063478004,23.7,65,0.479,679.0,815.9,11,0.258819045102521,-0.9659258262890682,227,-0.6932812268869771,-0.7206671495538615,261.0
node_5_4,2026-08-15 12:00:00,27.957696533676593,74.8870616185963,0.4129937180774171,615.0801832940933,912.7968830945116,43.327678063478004,24.0,61,0.477,741.0,815.3,12,1.2246467991473532e-16,-1.0,227,-0.6932812268869771,-0.7206671495538615,261.0
node_5_4,2026-08-15 13:00:00,28.57905264461931,71.45173199984121,0.41165901781000036,717.2071889441784,912.2194697772952,43.327678063478004,24.7,60,0.475,802.0,814.8,13,-0.2588190451025208,-0.9659258262890683,227,-0.6932812268869771,-0.7206671495538615,261.0
node_5_4,2026-08-15 14:00:00,28.367349057419673,72.8993681649185,0.4106631186122505,645.25452773621,911.1081764359034,43.327678063478004,23.2,68,0.474,535.0,813.6,14,-0.4999999999999997,-0.8660254037844388,227,-0.6932812268869771,-0.7206671495538615,261.0
node_5_4,2026-08-15 15:00:00,28.4681692178697,72.7782323185864,0.409110753121499,573.447597253102,910.2307632014782,43.327678063478004,22.5,74,0.472,425.0,812.7,15,-0.7071067811865471,-0.7071067811865479,227,-0.6932812268869771,-0.7206671495538615,261.0
node_5_4,2026-08-15 16:00:00,28.05687587647795,74.22176519767046,0.40788898709591426,448.41072314942556,909.5085865989199,43.327678063478004,22.4,74,0.471,343.0,812.0,16,-0.8660254037844384,-0.5000000000000004,227,-0.6932812268869771,-0.7206671495538615,261.0
node_5_4,2026-08-15 17:00:00,26.709242112352317,86.45993360434144,0.3999896214147388,280.33879941383805,909.4085865161285,43.327678063478004,22.4,73,0.47,238.0,811.7,17,-0.9659258262890683,-0.25881904510252063,227,-0.6932812268869771,-0.7206671495538615,261.0
node_5_4,2026-08-15 18:00:00,25.899588843486306,92.4517319998412,0.4003243216821555,97.66120720947681,909.7424664575123,43.327678063478004,20.3,85,0.47,93.0,811.4,18,-1.0,-1.8369701987210297e-16,227,-0.6932812268869771,-0.7206671495538615,261.0
node_5_4,2026-08-15 19:00:00,25.02217536068693,94.33880024175245,0.4003243216821555,5.665300560497657,910.2642329798457,43.327678063478004,18.4,94,0.471,6.0,811.3,19,-0.9659258262890684,0.2588190451025203,227,-0.6932812268869771,-0.7206671495538615,261.0
node_5_4,2026-08-15 20:00:00,24.766938894403225,94.44763285341982,0.4003243216821555,0.0,911.0085863505456,43.327678063478004,18.2,100,0.476,0.0,812.2,20,-0.8660254037844386,0.5000000000000001,227,-0.6932812268869771,-0.7206671495538615,261.0
node_5_4,2026-08-15 21:00:00,24.289525577186723,95.11293258600311,0.4011025548286563,0.0,911.4864096651957,43.327678063478004,18.5,100,0.476,0.0,812.8,21,-0.7071067811865477,0.7071067811865474,227,-0.6932812268869771,-0.7206671495538615,261.0
node_5_4,2026-08-15 22:00:00,23.900409003936335,95.44763202550546,0.4013243216821555,0.0,911.4751163238038,43.327678063478004,18.0,100,0.475,0.0,812.8,22,-0.5000000000000004,0.8660254037844384,227,-0.6932812268869771,-0.7206671495538615,261.0
node_5_4,2026-08-15 23:00:00,24.189525411603853,93.89526819058274,0.3942154907263169,0.0,910.7972929263623,43.327678063478004,18.1,100,0.476,0.0,812.4,23,-0.25881904510252157,0.9659258262890681,227,-0.6932812268869771,-0.7206671495538615,261.0
node_5_4,2026-08-16 00:00:00,23.466938563237477,96.11703587199632,0.39566312523556546,0.0,910.5085861849627,43.327678063478004,17.7,100,0.475,0.0,811.7,0,0.0,1.0,228,-0.7055836101071774,-0.70862667826446,261.0
node_5_4,2026-08-16 01:00:00,23.16693881161179,96.89116821624698,0.3986713268400657,0.0,909.9864095824043,43.327678063478004,17.6,100,0.475,0.0,811.2,1,0.25881904510252074,0.9659258262890683,228,-0.7055836101071774,-0.70862667826446,261.0
node_5_4,2026-08-16 02:00:00,22.72258552370338,97.66940136274776,0.39933662657264896,0.0,909.3864095824042,43.327678063478004,17.5,99,0.474,0.0,810.6,2,0.49999999999999994,0.8660254037844387,228,-0.7055836101071774,-0.70862667826446,261.0
node_5_4,2026-08-16 03:00:00,22.477822072778526,97.66940136274776,0.39933662657264896,0.0,909.0751161582209,43.327678063478004,17.5,97,0.474,0.0,810.3,3,0.7071067811865475,0.7071067811865476,228,-0.7055836101071774,-0.70862667826446,261.0
node_5_4,2026-08-16 04:00:00,22.277411992553514,97.00410163016447,0.39933662657264896,0.0,909.2525294754375,43.327678063478004,17.4,96,0.473,0.0,810.5,4,0.8660254037844386,0.5000000000000001,228,-0.7055836101071774,-0.70862667826446,261.0
node_5_4,2026-08-16 05:00:00,22.978641984854242,99.11293424183185,0.4016754284702302,0.0,908.975116158221,43.327678063478004,17.7,100,0.472,0.0,810.3,5,0.9659258262890683,0.25881904510252074,228,-0.7055836101071774,-0.70862667826446,261.0
node_5_4,2026-08-16 06:00:00,23.13428853136296,99.11293424183185,0.40201012873764685,17.552366318665804,909.7529393900795,43.327678063478004,17.7,99,0.472,16.0,810.9,6,1.0,6.123233995736766e-17,228,-0.7055836101071774,-0.70862667826446,261.0
node_5_4,2026-08-16 07:00:00,23.900818670204163,96.89116738833262,0.40446186322123123,104.60379183840331,910.3085861849627,43.327678063478004,18.4,96,0.473,87.0,811.5,7,0.9659258262890683,-0.25881904510252063,228,-0.7055836101071774,-0.70862667826446,261.0
node_5_4,2026-08-16 08:00:00,25.055645470220043,91.11703338825322,0.4047965634886479,265.8646726978317,910.8859995849706,43.327678063478004,19.6,89,0.474,272.0,812.2,8,0.8660254037844387,-0.4999999999999998,228,-0.7055836101071774,-0.70862667826446,261.0
node_5_4,2026-08-16 09:00:00,26.543942379769025,84.11703007659575,0.4044659640234813,477.7353410423998,911.1303530384619,43.327678063478004,21.3,81,0.475,482.0,812.9,9,0.7071067811865476,-0.7071067811865475,228,-0.7055836101071774,-0.70862667826446,261.0
node_5_4,2026-08-16 10:00:00,26.670220860866305,81.43942462560464,0.41511485309583485,558.7085650435388,911.1751164893867,43.327678063478004,23.2,69,0.474,659.0,813.2,10,0.49999999999999994,-0.8660254037844387,228,-0.7055836101071774,-0.70862667826446,261.0
node_5_4,2026-08-16 11:00:00,27.158517273666675,81.20945533969083,0.42542904438451473,606.6921651461957,911.0742964117281,43.327678063478004,23.1,69,0.477,828.0,813.5,11,0.258819045102521,-0.9659258262890682,228,-0.7055836101071774,-0.70862667826446,261.0
node_5_4,2026-08-16 12:00:00,27.411293093017434,81.99999254877069,0.43109434080544057,688.0104448184102,911.0972930919452,43.327678063478004,24.8,61,0.474,823.0,813.5,12,1.2246467991473532e-16,-1.0,228,-0.7055836101071774,-0.70862667826446,261.0
node_5_4,2026-08-16 13:00:00,26.746403854616336,83.22175857435555,0.44817035540830585,621.3634514184575,910.64205654287,43.327678063478004,24.7,63,0.472,762.0,813.4,13,-0.2588190451025208,-0.9659258262890683,228,-0.7055836101071774,-0.70862667826446,261.0
node_5_4,2026-08-16 14:00:00,26.536750834124636,85.43532465126889,0.45171861844097844,451.60769412372986,909.9529398040368,43.327678063478004,23.0,71,0.47,522.0,812.2,14,-0.4999999999999997,-0.8660254037844388,228,-0.7055836101071774,-0.70862667826446,261.0
node_5_4,2026-08-16 15:00:00,25.55441580908506,93.12113087884589,0.45653376211938773,372.93063887074345,909.4529397212453,43.327678063478004,22.3,77,0.469,506.0,811.7,15,-0.7071067811865471,-0.7071067811865479,228,-0.7055836101071774,-0.70862667826446,261.0
node_5_4,2026-08-16 16:00:00,25.57782265231858,94.67349802542606,0.45553786540538094,343.9489195380287,909.2194696945038,43.327678063478004,21.0,83,0.469,337.0,811.4,16,-0.8660254037844384,-0.5000000000000004,228,-0.7055836101071774,-0.70862667826446,261.0
node_5_4,2026-08-16 17:00:00,25.711702759285263,91.44763119759108,0.4216180015083555,177.67764022339443,909.6525297238118,43.327678063478004,19.6,97,0.475,223.0,811.3,17,-0.9659258262890683,-0.25881904510252063,228,-0.7055836101071774,-0.70862667826446,261.0
node_5_4,2026-08-16 18:00:00,24.34476237463618,97.33469943950233,0.42240033628502077,84.31420701905284,909.6089964307705,43.327678063478004,18.9,97,0.476,94.0,810.6,18,-1.0,-1.8369701987210297e-16,228,-0.7055836101071774,-0.70862667826446,261.0
node_5_4,2026-08-16 19:00:00,23.712112673927408,98.1129325860031,0.42462210231060565,5.330600293080952,910.1420562117044,43.327678063478004,18.1,98,0.478,6.0,811.1,19,-0.9659258262890684,0.2588190451025203,228,-0.7055836101071774,-0.70862667826446,261.0
node_5_4,2026-08-16 20:00:00,23.356466044627247,98.11293175808873,0.4365974900458756,0.0,910.9416460486877,43.327678063478004,17.9,100,0.478,0.0,811.8,20,-0.8660254037844386,0.5000000000000001,228,-0.7055836101071774,-0.70862667826446,261.0
node_5_4,2026-08-16 21:00:00,23.278642564394296,97.56056626733731,0.44373912907554397,0.0,911.175526238446,43.327678063478004,17.8,100,0.478,0.0,812.1,21,-0.7071067811865477,0.7071067811865474,228,-0.7055836101071774,-0.70862667826446,261.0
node_5_4,2026-08-16 22:00:00,22.968169383452572,97.55646546508719,0.44485206248946146,0.0,911.419469363338,43.327678063478004,17.6,100,0.477,0.0,812.2,22,-0.5000000000000004,0.8660254037844384,228,-0.7055836101071774,-0.70862667826446,261.0
node_5_4,2026-08-16 23:00:00,23.61170259370239,96.33879858592371,0.444634395610298,0.0,910.6864096651956,43.327678063478004,17.9,100,0.477,0.0,811.5,23,-0.25881904510252157,0.9659258262890681,228,-0.7055836101071774,-0.70862667826446,261.0
node_5_4,2026-08-17 00:00:00,23.40081916695278,95.89526653475401,0.44386436489621184,0.0,910.5307628703126,43.327678063478004,17.9,100,0.477,0.0,811.4,0,0.0,1.0,229,-0.7176769136759615,-0.6963762255968726,261.0
node_5_4,2026-08-17 01:00:00,23.01252242298667,98.1129325860031,0.44375553228454445,0.0,910.2085861021711,43.327678063478004,17.7,100,0.477,0.0,811.0,1,0.25881904510252074,0.9659258262890683,229,-0.7176769136759615,-0.6963762255968726,261.0
node_5_4,2026-08-17 02:00:00,22.901638913445623,98.77823314650075,0.44242493364729224,0.0,909.7198794435628,43.327678063478004,17.1,100,0.476,0.0,810.3,2,0.49999999999999994,0.8660254037844387,229,-0.7176769136759615,-0.6963762255968726,261.0
node_5_4,2026-08-17 03:00:00,22.658105620404363,98.77823397441514,0.4407596347426233,0.0,909.4755260728631,43.327678063478004,17.1,99,0.476,0.0,810.2,3,0.7071067811865475,0.7071067811865476,229,-0.7176769136759615,-0.6963762255968726,261.0
node_5_4,2026-08-17 04:00:00,22.53551868924656,97.891168216247,0.4396508021309559,0.0,909.2977026754216,43.327678063478004,17.0,98,0.475,0.0,809.9,4,0.8660254037844386,0.5000000000000001,229,-0.7176769136759615,-0.6963762255968726,261.0
node_5_4,2026-08-17 05:00:00,23.102049076462073,98.33469943950232,0.4234454484214296,0.0,909.7972927607794,43.327678063478004,17.1,100,0.467,0.0,810.6,5,0.9659258262890683,0.25881904510252074,229,-0.7176769136759615,-0.6963762255968726,261.0
node_5_4,2026-08-17 06:00:00,23.2685790497204,98.1129325860031,0.4234454484214296,13.334702751159803,910.5751161582209,43.327678063478004,17.1,100,0.466,17.0,811.1,6,1.0,6.123233995736766e-17,229,-0.7176769136759615,-0.6963762255968726,261.0
node_5_4,2026-08-17 07:00:00,23.979462228095702,97.44353287908406,0.4226672152749288,121.54007550271655,910.552939472871,43.327678063478004,18.5,94,0.466,110.0,811.6,7,0.9659258262890683,-0.25881904510252063,229,-0.7176769136759615,-0.6963762255968726,261.0
node_5_4,2026-08-17 08:00:00,24.391166312043957,93.21766191167725,0.42643724433318625,290.10066909122787,911.1416462142708,43.327678063478004,20.5,84,0.466,282.0,812.6,8,0.8660254037844387,-0.4999999999999998,229,-0.7176769136759615,-0.6963762255968726,261.0
node_5_4,2026-08-17 09:00:00,25.190756811358998,87.66529145343962,0.42788077638435595,447.80919770653463,911.6968828461372,43.327678063478004,21.8,74,0.464,504.0,813.1,9,0.7071067811865476,-0.7071067811865475,229,-0.7176769136759615,-0.6963762255968726,261.0
node_5_4,2026-08-17 10:00:00,26.213754071116128,83.10062024428035,0.43021137336577947,556.4312983613116,912.0747062435788,43.327678063478004,23.1,66,0.463,683.0,814.1,10,0.49999999999999994,-0.8660254037844387,229,-0.7176769136759615,-0.6963762255968726,261.0
node_5_4,2026-08-17 11:00:00,28.057697030425214,73.33059035810855,0.42621137502160816,663.1562078319309,912.1968829289287,43.327678063478004,24.0,60,0.46,759.0,814.3,11,0.258819045102521,-0.9659258262890682,229,-0.7176769136759615,-0.6963762255968726,261.0
node_5_4,2026-08-17 12:00:00,28.00122957834354,74.89116324876079,0.42432430926344,723.9549367105386,911.7972929263624,43.327678063478004,25.1,54,0.458,792.0,814.0,12,1.2246467991473532e-16,-1.0,229,-0.7176769136759615,-0.6963762255968726,261.0
node_5_4,2026-08-17 13:00:00,27.845172537652626,76.66939887900466,0.4226590095308567,629.8773143669476,911.2968829289287,43.327678063478004,24.8,56,0.456,814.0,813.6,13,-0.2588190451025208,-0.9659258262890683,229,-0.7176769136759615,-0.6963762255968726,261.0
node_5_4,2026-08-17 14:00:00,27.09958884348631,82.23406926024957,0.42499370979827344,536.8218095707335,910.7529397212453,43.327678063478004,21.8,74,0.456,675.0,812.9,14,-0.4999999999999997,-0.8660254037844388,229,-0.7176769136759615,-0.6963762255968726,261.0
node_5_4,2026-08-17 15:00:00,26.733468867661557,85.22996928591382,0.42643724433318625,462.1024977025651,910.2198798575201,43.327678063478004,21.6,81,0.456,519.0,812.6,15,-0.7071067811865471,-0.7071067811865479,229,-0.7176769136759615,-0.6963762255968726,261.0
node_5_4,2026-08-17 16:00:00,25.45810644831873,89.88296495591801,0.43364260549394185,348.9239704946761,909.8420562944957,43.327678063478004,21.7,81,0.456,476.0,812.1,16,-0.8660254037844384,-0.5000000000000004,229,-0.7176769136759615,-0.6963762255968726,261.0
node_5_4,2026-08-17 17:00:00,25.033879444635186,94.55646463717281,0.4634372294307276,166.0656600271207,910.0868199110034,43.327678063478004,19.1,93,0.457,220.0,811.4,17,-0.9659258262890683,-0.25881904510252063,229,-0.7176769136759615,-0.6963762255968726,261.0
node_5_4,2026-08-17 18:00:00,24.556055467653618,96.99999917208562,0.45965079716346974,75.54416802582301,910.3089965135621,43.327678063478004,18.5,98,0.458,74.0,811.4,18,-1.0,-1.8369701987210297e-16,229,-0.7176769136759615,-0.6963762255968726,261.0
node_5_4,2026-08-17 19:00:00,23.667349140211112,96.67350133708352,0.45831199774963166,3.665299732583293,910.831173033329,43.327678063478004,18.1,100,0.458,4.0,811.8,19,-0.9659258262890684,0.2588190451025203,229,-0.7176769136759615,-0.6963762255968726,261.0
node_5_4,2026-08-17 20:00:00,23.34517245486119,97.44763285341982,0.4621949610497209,0.0,911.5311729505377,43.327678063478004,17.8,100,0.458,0.0,812.4,20,-0.8660254037844386,0.5000000000000001,229,-0.7176769136759615,-0.6963762255968726,261.0
node_5_4,2026-08-17 21:00:00,23.189935740203175,97.22586682783496,0.46209022924030363,0.0,911.8424662091379,43.327678063478004,17.7,100,0.459,0.0,812.7,21,-0.7071067811865477,0.7071067811865474,229,-0.7176769136759615,-0.6963762255968726,261.0
node_5_4,2026-08-17 22:00:00,22.879052230662126,98.33470109533107,0.462316096896053,0.0,912.0537594677382,43.327678063478004,17.3,100,0.459,0.0,813.0,22,-0.5000000000000004,0.8660254037844384,229,-0.7176769136759615,-0.6963762255968726,261.0
node_5_4,2026-08-17 23:00:00,23.80122875042917,94.78233643249398,0.46420316182630683,0.0,911.6533493875132,43.327678063478004,18.1,96,0.458,0.0,812.5,23,-0.25881904510252157,0.9659258262890681,229,-0.7176769136759615,-0.6963762255968726,261.0
node_5_4,2026-08-18 00:00:00,23.04640236437048,97.22176768141358,0.4614249295077204,0.0,911.6085859365884,43.327678063478004,17.5,95,0.459,0.0,812.2,0,0.0,1.0,230,-0.7295575540864876,-0.6839194216246105,261.0
node_5_4,2026-08-18 01:00:00,22.635519103203745,98.44353370699844,0.463424928679806,0.0,911.0864093340299,43.327678063478004,17.2,97,0.464,0.0,811.6,1,0.25881904510252074,0.9659258262890683,230,-0.7295575540864876,-0.6839194216246105,261.0
node_5_4,2026-08-18 02:00:00,22.435519020412308,98.77823397441514,0.4627637305773872,0.0,910.8198791951886,43.327678063478004,17.4,95,0.466,0.0,810.8,2,0.49999999999999994,0.8660254037844387,230,-0.7295575540864876,-0.6839194216246105,261.0
node_5_4,2026-08-18 03:00:00,22.146812361804052,99.22176685349919,0.4626631003981344,0.0,910.4646425633221,43.327678063478004,17.3,91,0.466,0.0,810.2,3,0.7071067811865475,0.7071067811865476,230,-0.7295575540864876,-0.6839194216246105,261.0
node_5_4,2026-08-18 04:00:00,21.83633909807089,98.88706658608251,0.46233660256313236,0.0,910.7529389761223,43.327678063478004,16.4,98,0.466,0.0,811.0,4,0.8660254037844386,0.5000000000000001,230,-0.7295575540864876,-0.6839194216246105,261.0
node_5_4,2026-08-18 05:00:00,22.5693993757533,97.99589919774986,0.45674732654047234,0.0,910.697292677988,43.327678063478004,17.0,96,0.46,0.0,811.3,5,0.9659258262890683,0.25881904510252074,230,-0.7295575540864876,-0.6839194216246105,261.0
node_5_4,2026-08-18 06:00:00,22.42504608784489,98.66119893033317,0.4679936957237292,7.548267172244415,911.1529393072881,43.327678063478004,18.1,90,0.46,14.0,812.2,6,1.0,6.123233995736766e-17,230,-0.7295575540864876,-0.6839194216246105,261.0
node_5_4,2026-08-18 07:00:00,22.65769620251085,98.44353287908406,0.4694249245402342,40.70855676439518,911.3190592831129,43.327678063478004,19.6,94,0.46,122.0,812.4,7,0.9659258262890683,-0.25881904510252063,230,-0.7295575540864876,-0.6839194216246105,261.0
node_5_4,2026-08-18 08:00:00,23.35646637579299,97.00409749059264,0.466860255814818,113.50134712235757,912.0190593659042,43.327678063478004,19.2,91,0.46,302.0,812.9,8,0.8660254037844387,-0.4999999999999998,230,-0.7295575540864876,-0.6839194216246105,261.0
node_5_4,2026-08-18 09:00:00,24.04394329047483,93.67759468810434,0.46362618655456844,157.97584621730428,912.7964727659123,43.327678063478004,20.7,82,0.461,503.0,814.0,9,0.7071067811865476,-0.7071067811865475,230,-0.7295575540864876,-0.6839194216246105,261.0
node_5_4,2026-08-18 10:00:00,24.566120306990495,92.45992698102651,0.47032429187723834,240.7582199059447,913.3412361340457,43.327678063478004,21.4,80,0.461,494.0,814.6,10,0.49999999999999994,-0.8660254037844387,230,-0.7295575540864876,-0.6839194216246105,261.0
node_5_4,2026-08-18 11:00:00,24.387886829323968,91.34699356710904,0.46576372478198663,242.8014843889859,913.8747062435789,43.327678063478004,20.8,82,0.46,603.0,815.2,11,0.258819045102521,-0.9659258262890682,230,-0.7295575540864876,-0.6839194216246105,261.0
node_5_4,2026-08-18 12:00:00,24.72094644467488,89.79462973218632,0.46633249430965296,321.17330612395017,913.4190596142787,43.327678063478004,22.1,81,0.463,588.0,815.3,12,1.2246467991473532e-16,-1.0,230,-0.7295575540864876,-0.6839194216246105,261.0
node_5_4,2026-08-18 13:00:00,25.054416388625118,88.68169631826883,0.4584249245402342,331.23892227160957,913.0412362996286,43.327678063478004,23.1,72,0.462,571.0,815.0,13,-0.2588190451025208,-0.9659258262890683,230,-0.7295575540864876,-0.6839194216246105,261.0
node_5_4,2026-08-18 14:00:00,25.265709978391175,88.90346234385369,0.45988075982606863,336.4789904902532,912.4634129849785,43.327678063478004,22.9,72,0.462,469.0,814.2,14,-0.4999999999999997,-0.8660254037844388,230,-0.7295575540864876,-0.6839194216246105,261.0
node_5_4,2026-08-18 15:00:00,25.45441605745937,88.02049904376439,0.45999369323998607,321.2466885756777,911.785999667762,43.327678063478004,22.6,70,0.462,409.0,813.8,15,-0.7071067811865471,-0.7071067811865479,230,-0.7295575540864876,-0.6839194216246105,261.0
node_5_4,2026-08-18 16:00:00,25.17741273767644,89.34699936250959,0.45810252667956786,270.8728776139894,911.3081763531119,43.327678063478004,21.3,76,0.462,331.0,813.1,16,-0.8660254037844384,-0.5000000000000004,230,-0.7295575540864876,-0.6839194216246105,261.0
node_5_4,2026-08-18 17:00:00,24.45605555044505,96.56056792316603,0.4531949585659778,159.7577158886203,911.5416463798535,43.327678063478004,18.4,99,0.47,261.0,812.6,17,-0.9659258262890683,-0.25881904510252063,230,-0.7295575540864876,-0.6839194216246105,261.0
node_5_4,2026-08-18 18:00:00,24.244762043470427,96.45173613941303,0.4546425955589695,42.5113582961646,911.8972930091537,43.327678063478004,17.9,99,0.48,58.0,812.9,18,-1.0,-1.8369701987210297e-16,230,-0.7295575540864876,-0.6839194216246105,261.0
node_5_4,2026-08-18 19:00:00,24.033468702078686,95.45173613941303,0.4563078986032102,2.1088334395817325,912.6642329798457,43.327678063478004,17.8,98,0.481,3.0,813.5,19,-0.9659258262890684,0.2588190451025203,230,-0.7295575540864876,-0.6839194216246105,261.0
node_5_4,2026-08-18 20:00:00,23.733878782303695,95.11703504408196,0.45853376791478834,0.0,913.0307629531039,43.327678063478004,17.7,97,0.48,0.0,813.6,20,-0.8660254037844386,0.5000000000000001,230,-0.7295575540864876,-0.6839194216246105,261.0
node_5_4,2026-08-18 21:00:00,23.512112259970223,94.6694005348334,0.4589773032776155,0.0,913.4085861849626,43.327678063478004,17.6,95,0.479,0.0,814.0,21,-0.7071067811865477,0.7071067811865474,230,-0.7295575540864876,-0.6839194216246105,261.0
node_5_4,2026-08-18 22:00:00,23.300818835787034,94.33880106966681,0.45898140490778,0.0,913.5420562117042,43.327678063478004,17.2,94,0.478,0.0,813.8,22,-0.5000000000000004,0.8660254037844384,230,-0.7295575540864876,-0.6839194216246105,261.0
node_5_4,2026-08-18 23:00:00,23.534289110903018,94.55646546508719,0.4584372393657,0.0,913.1751162410123,43.327678063478004,17.7,96,0.475,0.0,813.8,23,-0.25881904510252157,0.9659258262890681,230,-0.7295575540864876,-0.6839194216246105,261.0
node_3_5,2026-08-01 00:00:00,26.100411404887993,87.77412820467882,0.4235504424971765,0.0,935.7404571209397,43.327678063478004,20.2,100,0.48,0.0,858.6,0,0.0,1.0,213,-0.5012418134457756,-0.8653072543632061,287.0
node_3_5,2026-08-01 01:00:00,26.034291511854676,86.87886001409606,0.4227722093506757,0.0,935.6295738597729,43.327678063478004,20.3,99,0.479,0.0,858.4,1,0.25881904510252074,0.9659258262890683,213,-0.5012418134457756,-0.8653072543632061,287.0
node_3_5,2026-08-01 02:00:00,25.634701674871124,85.76592660017857,0.4329734655696094,0.0,935.5182804355898,43.327678063478004,20.2,100,0.479,0.0,858.3,2,0.49999999999999994,0.8660254037844387,213,-0.5012418134457756,-0.8653072543632061,287.0
node_3_5,2026-08-01 03:00:00,25.46776153859635,85.21356110942713,0.42864696939043606,0.0,935.3517505451229,43.327678063478004,20.0,98,0.478,0.0,858.6,3,0.7071067811865475,0.7071067811865476,213,-0.5012418134457756,-0.8653072543632061,287.0
node_3_5,2026-08-01 04:00:00,25.089528060929815,86.55236217909396,0.4288687354160209,0.0,935.2739272304729,43.327678063478004,19.9,98,0.478,0.0,858.4,4,0.8660254037844386,0.5000000000000001,213,-0.5012418134457756,-0.8653072543632061,287.0
node_3_5,2026-08-01 05:00:00,24.732241110729618,92.7823289812647,0.41932457235768406,0.0,935.5731069872314,43.327678063478004,19.9,98,0.48,0.0,858.6,5,0.9659258262890683,0.25881904510252074,213,-0.5012418134457756,-0.8653072543632061,287.0
node_3_5,2026-08-01 06:00:00,24.93265085978888,92.11703007659577,0.4286469652508642,21.786437234744113,935.5396369604897,43.327678063478004,19.7,99,0.489,12.0,858.6,6,1.0,6.123233995736766e-17,213,-0.5012418134457756,-0.8653072543632061,287.0
node_3_5,2026-08-01 07:00:00,25.8451745246471,92.22586268826313,0.428981665518281,138.4763492320574,935.6735171502478,43.327678063478004,20.4,96,0.488,93.0,859.0,7,0.9659258262890683,-0.25881904510252063,213,-0.5012418134457756,-0.8653072543632061,287.0
node_3_5,2026-08-01 08:00:00,27.245584522080676,86.88296081634618,0.4274293000275295,317.6488973514971,936.0739271476814,43.327678063478004,22.0,89,0.487,326.0,859.5,8,0.8660254037844387,-0.4999999999999998,213,-0.5012418134457756,-0.8653072543632061,287.0
node_3_5,2026-08-01 09:00:00,28.54394387001488,78.4394304210052,0.42454223426936133,521.7741265488501,936.17392706489,43.327678063478004,24.5,77,0.485,518.0,860.0,9,0.7071067811865476,-0.7071067811865475,213,-0.5012418134457756,-0.8653072543632061,287.0
node_3_5,2026-08-01 10:00:00,29.77659332234935,72.77823397441514,0.4223204682437765,657.330598637252,936.1961037502399,43.327678063478004,25.8,71,0.481,664.0,860.0,10,0.49999999999999994,-0.8660254037844387,213,-0.5012418134457756,-0.8653072543632061,287.0
node_3_5,2026-08-01 11:00:00,29.998359761891386,70.22176850932794,0.42042930416710134,730.4826427454412,935.9408672011647,43.327678063478004,27.1,66,0.478,722.0,860.1,11,0.258819045102521,-0.9659258262890682,213,-0.5012418134457756,-0.8653072543632061,287.0
node_3_5,2026-08-01 12:00:00,28.690348138588405,79.09242526309504,0.4244169984486935,627.5688332770724,935.4521606253479,43.327678063478004,26.7,62,0.475,808.0,859.7,12,1.2246467991473532e-16,-1.0,213,-0.5012418134457756,-0.8653072543632061,287.0
node_3_5,2026-08-01 13:00:00,29.24558460487211,75.98359347934205,0.4225258310603609,633.0183452446056,934.9404569553568,43.327678063478004,25.2,78,0.478,787.0,858.6,13,-0.2588190451025208,-0.9659258262890683,213,-0.5012418134457756,-0.8653072543632061,287.0
node_3_5,2026-08-01 14:00:00,29.60041082534794,74.4312279885906,0.42096936393944495,637.6056585338013,934.1517502967486,43.327678063478004,24.3,78,0.479,557.0,857.9,14,-0.4999999999999997,-0.8660254037844388,213,-0.5012418134457756,-0.8653072543632061,287.0
node_3_5,2026-08-01 15:00:00,29.477824059773003,74.21356276525587,0.4189693639394449,492.56056709525154,933.618280270007,43.327678063478004,24.6,81,0.479,457.0,857.9,15,-0.7071067811865471,-0.7071067811865479,213,-0.5012418134457756,-0.8653072543632061,287.0
node_3_5,2026-08-01 16:00:00,28.14681534229577,80.97949019334882,0.4202958609465327,361.4577359257214,933.4626335579153,43.327678063478004,23.9,81,0.478,346.0,857.5,16,-0.8660254037844384,-0.5000000000000004,213,-0.5012418134457756,-0.8653072543632061,287.0
node_3_5,2026-08-01 17:00:00,28.28911814628768,85.10882681626678,0.40263466036037077,200.65899876797,933.4626334751238,43.327678063478004,22.6,93,0.472,161.0,857.5,17,-0.9659258262890683,-0.25881904510252063,213,-0.5012418134457756,-0.8653072543632061,287.0
node_3_5,2026-08-01 18:00:00,27.400821485113006,89.33059449768038,0.40485232475579114,96.45173779524177,933.6513401337321,43.327678063478004,22.3,95,0.471,78.0,857.5,18,-1.0,-1.8369701987210297e-16,213,-0.5012418134457756,-0.8653072543632061,287.0
node_3_5,2026-08-01 19:00:00,26.689117897913373,92.21766108376289,0.4044087918767071,11.221766853499217,934.1622235604816,43.327678063478004,21.7,98,0.471,12.0,857.9,19,-0.9659258262890684,0.2588190451025203,213,-0.5012418134457756,-0.8653072543632061,287.0
node_3_5,2026-08-01 20:00:00,26.366531049547,92.10882930000989,0.4045217261185389,0.0,934.8178702725733,43.327678063478004,21.4,97,0.471,0.0,858.4,20,-0.8660254037844386,0.5000000000000001,213,-0.5012418134457756,-0.8653072543632061,287.0
node_3_5,2026-08-01 21:00:00,26.33306094001389,90.32649535125898,0.4040781932394549,0.0,935.6622236432731,43.327678063478004,21.3,97,0.47,0.0,859.1,21,-0.7071067811865477,0.7071067811865474,213,-0.5012418134457756,-0.8653072543632061,287.0
node_3_5,2026-08-01 22:00:00,26.144764444422094,88.54416140250808,0.40474349297203815,0.0,936.1069870941981,43.327678063478004,20.9,99,0.47,0.0,859.3,22,-0.5000000000000004,0.8660254037844384,213,-0.5012418134457756,-0.8653072543632061,287.0
node_3_5,2026-08-01 23:00:00,26.47782439093875,88.76592742809294,0.41238828124214155,0.0,935.2735169846649,43.327678063478004,21.4,94,0.468,0.0,858.7,23,-0.25881904510252157,0.9659258262890681,213,-0.5012418134457756,-0.8653072543632061,287.0
node_3_5,2026-08-02 00:00:00,26.00041123930512,90.32239454900886,0.4092835510885531,0.0,935.3626338062896,43.327678063478004,20.9,96,0.468,0.0,858.5,0,0.0,1.0,214,-0.5160623910158526,-0.8565509959010037,287.0
node_3_5,2026-08-02 01:00:00,25.77864463418021,90.43122798859059,0.40850941957221676,0.0,935.3739271476813,43.327678063478004,20.7,96,0.468,0.0,858.3,1,0.25881904510252074,0.9659258262890683,214,-0.5160623910158526,-0.8565509959010037,287.0
node_3_5,2026-08-02 02:00:00,25.16858120229775,89.53596228175094,0.41427535362362466,0.0,935.2291638623393,43.327678063478004,20.3,98,0.467,0.0,857.8,2,0.49999999999999994,0.8660254037844387,214,-0.5160623910158526,-0.8565509959010037,287.0
node_3_5,2026-08-02 03:00:00,24.33429068394031,94.10473346524596,0.43113783940572303,0.0,935.5739273132642,43.327678063478004,20.0,96,0.467,0.0,858.0,3,0.7071067811865475,0.7071067811865476,214,-0.5160623910158526,-0.8565509959010037,287.0
node_3_5,2026-08-02 04:00:00,24.100410659765064,95.44353370699842,0.4354684372150609,0.0,936.0291637795478,43.327678063478004,19.9,92,0.48,0.0,859.0,4,0.8660254037844386,0.5000000000000001,214,-0.5160623910158526,-0.8565509959010037,287.0
node_3_5,2026-08-02 05:00:00,24.734291015106056,92.99589919774986,0.4070699874953828,0.0,935.3073972572145,43.327678063478004,20.3,100,0.476,0.0,858.5,5,0.9659258262890683,0.25881904510252074,214,-0.5160623910158526,-0.8565509959010037,287.0
node_3_5,2026-08-02 06:00:00,25.278644303014463,93.6611981024188,0.4064046885907139,27.552363834922705,935.884810574431,43.327678063478004,20.7,99,0.476,26.0,858.9,6,1.0,6.123233995736766e-17,214,-0.5160623910158526,-0.8565509959010037,287.0
node_3_5,2026-08-02 07:00:00,26.20082090557295,92.66119727450443,0.40585232309996244,148.86245349343812,936.5182806011727,43.327678063478004,21.4,97,0.475,141.0,859.4,7,0.9659258262890683,-0.25881904510252063,214,-0.5160623910158526,-0.8565509959010037,287.0
node_3_5,2026-08-02 08:00:00,27.02135693885708,86.44353287908407,0.4074169918253786,296.6078537286782,936.4404571209398,43.327678063478004,22.6,89,0.474,301.0,859.7,8,0.8660254037844387,-0.4999999999999998,214,-0.5160623910158526,-0.8565509959010037,287.0
node_3_5,2026-08-02 09:00:00,28.132239951649503,80.33470192324542,0.4061952257997937,419.5914538313352,936.5961038330312,43.327678063478004,24.1,81,0.473,416.0,860.1,9,0.7071067811865476,-0.7071067811865475,214,-0.5160623910158526,-0.8565509959010037,287.0
node_3_5,2026-08-02 10:00:00,28.942713132591226,74.89526984641148,0.4043081600416255,500.7494877908603,936.4739271476814,43.327678063478004,25.2,73,0.471,498.0,860.1,10,0.49999999999999994,-0.8660254037844387,214,-0.5160623910158526,-0.8565509959010037,287.0
node_3_5,2026-08-02 11:00:00,29.866120306990496,75.33470109533107,0.4055299268951248,563.8132148894339,936.65175037954,43.327678063478004,25.6,75,0.469,527.0,860.5,11,0.258819045102521,-0.9659258262890682,214,-0.5160623910158526,-0.8565509959010037,287.0
node_3_5,2026-08-02 12:00:00,30.177413896756555,74.66529973258329,0.4041952266277081,752.174458694299,936.52957369419,43.327678063478004,25.5,73,0.468,760.0,860.1,12,1.2246467991473532e-16,-1.0,214,-0.5160623910158526,-0.8565509959010037,287.0
node_3_5,2026-08-02 13:00:00,30.643533624207002,70.78233477666525,0.40163876033470647,706.2773064221166,935.8852204062817,43.327678063478004,25.5,76,0.469,617.0,859.8,13,-0.2588190451025208,-0.9659258262890683,214,-0.5160623910158526,-0.8565509959010037,287.0
node_3_5,2026-08-02 14:00:00,29.70041123930512,75.22176354184174,0.4029693581440444,601.5666149005931,934.9961036674483,43.327678063478004,25.9,73,0.467,638.0,859.2,14,-0.4999999999999997,-0.8660254037844388,214,-0.5160623910158526,-0.8565509959010037,287.0
node_3_5,2026-08-02 15:00:00,29.55605795139671,75.33469695575923,0.4031911241696292,471.5173845757326,934.5517502967484,43.327678063478004,25.8,72,0.466,609.0,858.9,15,-0.7071067811865471,-0.7071067811865479,214,-0.5160623910158526,-0.8565509959010037,287.0
node_3_5,2026-08-02 16:00:00,28.767760710681976,80.32649866291645,0.40307818992779737,360.7432307057084,934.1626337234982,43.327678063478004,25.5,72,0.465,402.0,858.4,16,-0.8660254037844384,-0.5000000000000004,214,-0.5160623910158526,-0.8565509959010037,287.0
node_3_5,2026-08-02 17:00:00,28.189937809989082,86.6570964722543,0.4048687321043634,221.032790687628,934.8626336407067,43.327678063478004,22.8,91,0.469,254.0,858.3,17,-0.9659258262890683,-0.25881904510252063,214,-0.5160623910158526,-0.8565509959010037,287.0
node_3_5,2026-08-02 18:00:00,26.923408085105066,91.7659282560073,0.40930406089520416,95.88296081634618,934.8956935872233,43.327678063478004,22.1,94,0.47,102.0,858.8,18,-1.0,-1.8369701987210297e-16,214,-0.5160623910158526,-0.8565509959010037,287.0
node_3_5,2026-08-02 19:00:00,26.366941129772012,92.54826303267257,0.4095258277487034,9.774132344250658,935.2182804355898,43.327678063478004,21.1,99,0.471,10.0,858.6,19,-0.9659258262890684,0.2588190451025203,214,-0.5160623910158526,-0.8565509959010037,287.0
node_3_5,2026-08-02 20:00:00,26.055647705588825,93.1047301535885,0.40908229486961933,0.0,936.0291636967565,43.327678063478004,20.7,100,0.471,0.0,859.1,20,-0.8660254037844386,0.5000000000000001,214,-0.5160623910158526,-0.8565509959010037,287.0
node_3_5,2026-08-02 21:00:00,25.877414310713732,93.21766356750598,0.4086387619905353,0.0,936.6404571209396,43.327678063478004,20.8,98,0.471,0.0,859.7,21,-0.7071067811865477,0.7071067811865474,214,-0.5160623910158526,-0.8565509959010037,287.0
node_3_5,2026-08-02 22:00:00,25.799590996063657,93.21766356750598,0.4081952291114512,0.0,936.8956937528063,43.327678063478004,20.7,98,0.47,0.0,859.9,22,-0.5000000000000004,0.8660254037844384,214,-0.5160623910158526,-0.8565509959010037,287.0
node_3_5,2026-08-02 23:00:00,25.42258767628073,93.6611981024188,0.39973939134187364,0.0,936.2517506279142,43.327678063478004,21.6,93,0.467,0.0,859.4,23,-0.25881904510252157,0.9659258262890681,214,-0.5160623910158526,-0.8565509959010037,287.0
node_3_5,2026-08-03 00:00:00,24.96735112720559,92.88296495591801,0.400848223953541,0.0,936.1186907641891,43.327678063478004,20.9,84,0.489,0.0,859.1,0,0.0,1.0,215,-0.5307300481619331,-0.8475409228928312,287.0
node_3_5,2026-08-03 01:00:00,24.589937975571956,93.87886332575353,0.40173528971170924,0.0,935.6852207374475,43.327678063478004,20.5,89,0.491,0.0,858.5,1,0.25881904510252074,0.9659258262890683,215,-0.5307300481619331,-0.8475409228928312,287.0
node_3_5,2026-08-03 02:00:00,24.24599485068,94.3223962048376,0.40251352285820996,0.0,935.5743374762806,43.327678063478004,20.3,93,0.489,0.0,858.6,2,0.49999999999999994,0.8660254037844387,215,-0.5307300481619331,-0.8475409228928312,287.0
node_3_5,2026-08-03 03:00:00,24.079875040438118,94.31829540258748,0.4022917568326251,0.0,935.063044134889,43.327678063478004,20.1,96,0.488,0.0,858.0,3,0.7071067811865475,0.7071067811865476,215,-0.5307300481619331,-0.8475409228928312,287.0
node_3_5,2026-08-03 04:00:00,23.86858169904637,94.65299567000419,0.40184822395354103,0.0,934.8521608737223,43.327678063478004,20.0,95,0.486,0.0,857.9,4,0.8660254037844386,0.5000000000000001,215,-0.5307300481619331,-0.8475409228928312,287.0
node_3_5,2026-08-03 05:00:00,24.756468031621722,95.66529890466892,0.4004169959649504,0.0,935.2073972572143,43.327678063478004,20.7,98,0.463,0.0,858.2,5,0.9659258262890683,0.25881904510252074,215,-0.5307300481619331,-0.8475409228928312,287.0
node_3_5,2026-08-03 06:00:00,24.72299783929718,97.10883178375299,0.40507819986276977,23.652993186261103,935.8408672839562,43.327678063478004,20.0,99,0.476,15.0,858.7,6,1.0,6.123233995736766e-17,215,-0.5307300481619331,-0.8475409228928312,287.0
node_3_5,2026-08-03 07:00:00,25.78911740116475,95.43943124891958,0.40640880181167943,123.40250829829553,935.9739273132643,43.327678063478004,20.6,98,0.48,96.0,858.7,7,0.9659258262890683,-0.25881904510252063,215,-0.5307300481619331,-0.8475409228928312,287.0
node_3_5,2026-08-03 08:00:00,26.400000248374305,91.43533210249818,0.4128441405374926,275.01639741359986,936.9739272304728,43.327678063478004,22.1,93,0.479,299.0,860.1,8,0.8660254037844387,-0.4999999999999998,215,-0.5307300481619331,-0.8475409228928312,287.0
node_3_5,2026-08-03 09:00:00,27.39835967909995,87.89116987207572,0.4142917758746555,412.53181925586813,937.106987094198,43.327678063478004,23.7,86,0.479,480.0,860.6,9,0.7071067811865476,-0.7071067811865475,215,-0.5307300481619331,-0.8475409228928312,287.0
node_3_5,2026-08-03 10:00:00,28.42094644467488,82.44353619074153,0.413404709288573,563.5441175230467,937.3739272304728,43.327678063478004,24.7,81,0.478,578.0,860.6,10,0.49999999999999994,-0.8660254037844387,215,-0.5307300481619331,-0.8475409228928312,287.0
node_3_5,2026-08-03 11:00:00,29.50965335165744,73.67350382082662,0.41518704406523826,677.7308562704083,937.2743372279064,43.327678063478004,24.6,80,0.479,688.0,860.7,11,0.258819045102521,-0.9659258262890682,215,-0.5307300481619331,-0.8475409228928312,287.0
node_3_5,2026-08-03 12:00:00,29.676183573290082,75.11293341391749,0.41374350953032546,702.780435792607,937.4182803527982,43.327678063478004,24.2,83,0.481,655.0,861.0,12,1.2246467991473532e-16,-1.0,215,-0.5307300481619331,-0.8475409228928312,287.0
node_3_5,2026-08-03 13:00:00,29.85482729676449,74.33470026741671,0.41219114238374527,665.2215054150838,936.65175037954,43.327678063478004,24.8,81,0.48,634.0,860.4,13,-0.2588190451025208,-0.9659258262890683,215,-0.5307300481619331,-0.8475409228928312,287.0
node_3_5,2026-08-03 14:00:00,30.089117483956187,72.32649783500209,0.4100782081419134,641.8148739608503,935.8182803527983,43.327678063478004,25.6,77,0.477,660.0,859.8,14,-0.4999999999999997,-0.8660254037844388,215,-0.5307300481619331,-0.8475409228928312,287.0
node_3_5,2026-08-03 15:00:00,29.85564712604877,73.10473263733161,0.40763467443491497,549.6117063391428,935.0961036674485,43.327678063478004,23.9,85,0.483,500.0,858.6,15,-0.7071067811865471,-0.7071067811865479,215,-0.5307300481619331,-0.8475409228928312,287.0
node_3_5,2026-08-03 16:00:00,28.656467452081667,79.76593156766477,0.406078207313999,365.28928695270304,935.0069870114066,43.327678063478004,23.6,89,0.483,393.0,858.4,16,-0.8660254037844384,-0.5000000000000004,215,-0.5307300481619331,-0.8475409228928312,287.0
node_3_5,2026-08-03 17:00:00,28.256467948830288,83.76592660017859,0.4050699883232971,223.70629533636898,934.896103584657,43.327678063478004,22.8,93,0.496,254.0,858.3,17,-0.9659258262890683,-0.25881904510252063,215,-0.5307300481619331,-0.8475409228928312,287.0
node_3_5,2026-08-03 18:00:00,27.179054879988094,90.31829209093002,0.4083964845024705,93.13344487639736,935.0961037502398,43.327678063478004,22.4,95,0.503,97.0,858.9,18,-1.0,-1.8369701987210297e-16,215,-0.5307300481619331,-0.8475409228928312,287.0
node_3_5,2026-08-03 19:00:00,26.44435452977995,92.43942793726211,0.4088400173815546,11.112933413917485,935.5404570381481,43.327678063478004,21.7,98,0.499,11.0,858.9,19,-0.9659258262890684,0.2588190451025203,215,-0.5307300481619331,-0.8475409228928312,287.0
node_3_5,2026-08-03 20:00:00,26.111294583263295,92.43942793726211,0.40795295162338646,0.0,936.2961038330313,43.327678063478004,21.6,96,0.496,0.0,859.5,20,-0.8660254037844386,0.5000000000000001,215,-0.5307300481619331,-0.8475409228928312,287.0
node_3_5,2026-08-03 21:00:00,25.889527895346944,92.21356110942713,0.4072876527187175,0.0,937.3626338062896,43.327678063478004,21.3,94,0.495,0.0,860.6,21,-0.7071067811865477,0.7071067811865474,215,-0.5307300481619331,-0.8475409228928312,287.0
node_3_5,2026-08-03 22:00:00,25.711704415113992,92.32649617917335,0.40662235381404854,0.0,937.2739272304727,43.327678063478004,20.9,97,0.494,0.0,860.3,22,-0.5000000000000004,0.8660254037844384,215,-0.5307300481619331,-0.8475409228928312,287.0
node_3_5,2026-08-03 23:00:00,25.06530072608053,97.22586517200622,0.40170248329370817,0.0,937.4856307348809,43.327678063478004,21.6,94,0.482,0.0,860.0,23,-0.25881904510252157,0.9659258262890681,215,-0.5307300481619331,-0.8475409228928312,287.0
node_3_5,2026-08-04 00:00:00,24.510883840706786,97.88706575816813,0.413702484949537,0.0,936.8622238916475,43.327678063478004,20.2,99,0.488,0.0,859.5,0,0.0,1.0,216,-0.5452404385406507,-0.8382797052177745,287.0
node_3_5,2026-08-04 01:00:00,24.377413731173682,97.77413234425065,0.41536778964960647,0.0,936.6513406304807,43.327678063478004,20.0,99,0.488,0.0,859.3,1,0.25881904510252074,0.9659258262890683,216,-0.5452404385406507,-0.8382797052177745,287.0
node_3_5,2026-08-04 02:00:00,24.255237211406634,97.10883261166735,0.41503719101235415,0.0,936.7404572865224,43.327678063478004,19.8,99,0.487,0.0,859.2,2,0.49999999999999994,0.8660254037844387,216,-0.5452404385406507,-0.8382797052177745,287.0
node_3_5,2026-08-04 03:00:00,24.211294086514673,96.33059946516657,0.41792015514035785,0.0,936.5956937528063,43.327678063478004,19.1,99,0.514,0.0,859.5,3,0.7071067811865475,0.7071067811865476,216,-0.5452404385406507,-0.8382797052177745,287.0
node_3_5,2026-08-04 04:00:00,24.066940798606268,95.44353370699842,0.4163677896496064,0.0,936.5956939183892,43.327678063478004,19.3,98,0.508,0.0,859.3,4,0.8660254037844386,0.5000000000000001,216,-0.5452404385406507,-0.8382797052177745,287.0
node_3_5,2026-08-04 05:00:00,24.78870715535687,97.33059946516657,0.4281192078852709,0.0,935.9069871769893,43.327678063478004,20.6,100,0.487,0.0,858.8,5,0.9659258262890683,0.25881904510252074,216,-0.5452404385406507,-0.8382797052177745,287.0
node_3_5,2026-08-04 06:00:00,24.989117235581876,96.88296495591801,0.4280062752992679,23.11703338825324,936.4404572865226,43.327678063478004,20.5,99,0.491,21.0,859.0,6,1.0,6.123233995736766e-17,216,-0.5452404385406507,-0.8382797052177745,287.0
node_3_5,2026-08-04 07:00:00,25.63347060628172,95.43533044666945,0.42722804215276705,127.69399624127608,936.9626338890811,43.327678063478004,21.3,95,0.497,142.0,860.0,7,0.9659258262890683,-0.25881904510252063,216,-0.5452404385406507,-0.8382797052177745,287.0
node_3_5,2026-08-04 08:00:00,26.522997259757123,92.32239703275197,0.42644980900626633,291.5091465430003,937.5848104916395,43.327678063478004,22.1,93,0.496,278.0,860.4,8,0.8660254037844387,-0.4999999999999998,216,-0.5452404385406507,-0.8382797052177745,287.0
node_3_5,2026-08-04 09:00:00,27.933470440698848,84.99590002566424,0.42411510873884956,484.86024919150304,938.1295739425644,43.327678063478004,23.4,88,0.494,405.0,861.4,9,0.7071067811865476,-0.7071067811865475,216,-0.5452404385406507,-0.8382797052177745,287.0
node_3_5,2026-08-04 10:00:00,28.85482680001587,79.44763616507727,0.4221151087388496,598.5482630326725,938.4517505451228,43.327678063478004,25.2,76,0.491,620.0,861.9,10,0.49999999999999994,-0.8660254037844387,216,-0.5452404385406507,-0.8382797052177745,287.0
node_3_5,2026-08-04 11:00:00,27.57577258235927,82.90347476256918,0.4264416156809097,689.332428904418,938.2295740253559,43.327678063478004,21.8,90,0.494,436.0,861.1,11,0.258819045102521,-0.9659258262890682,216,-0.5452404385406507,-0.8382797052177745,287.0
node_3_5,2026-08-04 12:00:00,26.285836345407475,93.34290352774566,0.4457043905569101,502.7230055190749,938.1630439693062,43.327678063478004,21.8,95,0.51,466.0,860.9,12,1.2246467991473532e-16,-1.0,216,-0.5452404385406507,-0.8382797052177745,287.0
node_3_5,2026-08-04 13:00:00,28.0761831593329,86.12113750216079,0.44526085602199733,697.985462658483,937.5073972572145,43.327678063478004,24.9,85,0.506,815.0,861.2,13,-0.2588190451025208,-0.9659258262890683,216,-0.5452404385406507,-0.8382797052177745,287.0
node_3_5,2026-08-04 14:00:00,27.513344736014044,87.87476086767467,0.4479138492082585,500.3300194622446,936.7295738597729,43.327678063478004,22.9,90,0.506,507.0,859.9,14,-0.4999999999999997,-0.8660254037844388,216,-0.5452404385406507,-0.8382797052177745,287.0
node_3_5,2026-08-04 15:00:00,27.256057868605275,89.44352873951223,0.44692204998484425,423.1496040331841,935.9182804355897,43.327678063478004,22.2,95,0.515,426.0,859.3,15,-0.7071067811865471,-0.7071067811865479,216,-0.5452404385406507,-0.8382797052177745,287.0
node_3_5,2026-08-04 16:00:00,27.51088425466397,86.44763119759108,0.4433655828639284,367.9855115054306,934.9848103260567,43.327678063478004,22.1,95,0.511,305.0,858.4,16,-0.8660254037844384,-0.5000000000000004,216,-0.5452404385406507,-0.8382797052177745,287.0
node_3_5,2026-08-04 17:00:00,27.232650031874517,86.00410245807885,0.4432280545714825,240.12934904163342,935.0073972572145,43.327678063478004,23.8,84,0.48,218.0,858.5,17,-0.9659258262890683,-0.25881904510252063,216,-0.5452404385406507,-0.8382797052177745,287.0
node_3_5,2026-08-04 18:00:00,26.520946775840628,90.56056792316603,0.44100628689006893,84.44353039534096,935.1295739425643,43.327678063478004,22.7,90,0.479,95.0,858.3,18,-1.0,-1.8369701987210297e-16,216,-0.5452404385406507,-0.8382797052177745,287.0
node_3_5,2026-08-04 19:00:00,25.588707238148302,93.9958983698355,0.4387845200365697,7.999999999999998,935.5073973400059,43.327678063478004,21.6,96,0.479,11.0,858.4,19,-0.9659258262890684,0.2588190451025203,216,-0.5452404385406507,-0.8382797052177745,287.0
node_3_5,2026-08-04 20:00:00,25.299590582106475,94.10473180941723,0.4374498189412387,0.0,936.3073973400058,43.327678063478004,21.2,99,0.479,0.0,859.0,20,-0.8660254037844386,0.5000000000000001,216,-0.5452404385406507,-0.8382797052177745,287.0
node_3_5,2026-08-04 21:00:00,25.10000057954005,93.65709730016867,0.43689335182032274,0.0,936.9073973400058,43.327678063478004,20.9,99,0.478,0.0,859.5,21,-0.7071067811865477,0.7071067811865474,216,-0.5452404385406507,-0.8382797052177745,287.0
node_3_5,2026-08-04 22:00:00,24.810883757915356,94.99179756758538,0.43622395128548935,0.0,936.9295740253558,43.327678063478004,20.7,100,0.478,0.0,859.3,22,-0.5000000000000004,0.8660254037844384,216,-0.5452404385406507,-0.8382797052177745,287.0
node_3_5,2026-08-04 23:00:00,24.610473760481778,97.9958983698355,0.43400628771798333,0.0,936.4517506279142,43.327678063478004,20.9,98,0.478,0.0,859.2,23,-0.25881904510252157,0.9659258262890681,216,-0.5452404385406507,-0.8382797052177745,287.0
node_3_5,2026-08-05 00:00:00,24.410473760481775,98.33059863725221,0.4332280537435682,0.0,935.6739273132644,43.327678063478004,20.3,99,0.478,0.0,858.3,0,0.0,1.0,217,-0.5595892624101763,-0.828770087174504,287.0
node_3_5,2026-08-05 01:00:00,24.410473760481775,97.55236549075143,0.43167158662265226,0.0,935.1626339718724,43.327678063478004,20.1,99,0.478,0.0,857.7,1,0.25881904510252074,0.9659258262890683,217,-0.5595892624101763,-0.828770087174504,287.0
node_3_5,2026-08-05 02:00:00,24.243943870014885,97.33059863725221,0.43089335264823714,0.0,934.7848105744309,43.327678063478004,19.8,100,0.477,0.0,857.4,2,0.49999999999999994,0.8660254037844387,217,-0.5595892624101763,-0.828770087174504,287.0
node_3_5,2026-08-05 03:00:00,24.166120555364806,97.33059863725221,0.4303368855273212,0.0,934.6626339718725,43.327678063478004,19.6,100,0.477,0.0,857.3,3,0.7071067811865475,0.7071067811865476,217,-0.5595892624101763,-0.828770087174504,287.0
node_3_5,2026-08-05 04:00:00,24.066120555364805,96.9958983698355,0.42911511867382196,0.0,934.4626339718725,43.327678063478004,19.5,100,0.477,0.0,857.2,4,0.8660254037844386,0.5000000000000001,217,-0.5595892624101763,-0.828770087174504,287.0
node_3_5,2026-08-05 05:00:00,24.321767350247836,96.66529973258328,0.42821984717158174,0.0,934.1073973400058,43.327678063478004,20.5,97,0.478,0.0,857.1,5,0.9659258262890683,0.25881904510252074,217,-0.5595892624101763,-0.828770087174504,287.0
node_3_5,2026-08-05 06:00:00,24.588707486522615,97.33059863725221,0.4286633800506658,24.108832611667363,934.6073974227972,43.327678063478004,20.3,99,0.482,23.0,857.3,6,1.0,6.123233995736766e-17,217,-0.5595892624101763,-0.828770087174504,287.0
node_3_5,2026-08-05 07:00:00,25.47782414256444,94.66119727450443,0.42855044580883395,134.54826800015877,934.9630440520975,43.327678063478004,21.0,97,0.482,142.0,857.7,7,0.9659258262890683,-0.25881904510252063,217,-0.5595892624101763,-0.828770087174504,287.0
node_3_5,2026-08-05 08:00:00,26.61088400628966,88.54826468850129,0.42755044580883395,315.5728711578307,935.285220654656,43.327678063478004,21.8,94,0.482,279.0,858.2,8,0.8660254037844387,-0.4999999999999998,217,-0.5595892624101763,-0.828770087174504,287.0
node_3_5,2026-08-05 09:00:00,28.120946775840626,81.22176768141357,0.4257722126623332,496.2299668021706,935.3961038330314,43.327678063478004,23.3,86,0.481,474.0,858.6,9,0.7071067811865476,-0.7071067811865475,217,-0.5595892624101763,-0.828770087174504,287.0
node_3_5,2026-08-05 10:00:00,28.566120472573367,77.21766605124908,0.4234375123949165,520.6199377485602,934.9965139960477,43.327678063478004,24.1,82,0.479,421.0,858.6,10,0.49999999999999994,-0.8660254037844387,217,-0.5595892624101763,-0.828770087174504,287.0
node_3_5,2026-08-05 11:00:00,29.343533458624123,73.55646877674465,0.42332868061116347,652.1640875602671,935.0078073374394,43.327678063478004,24.8,75,0.48,631.0,858.7,11,0.258819045102521,-0.9659258262890682,217,-0.5595892624101763,-0.828770087174504,287.0
node_3_5,2026-08-05 12:00:00,28.456467534873102,80.4394329047483,0.4258769477834079,593.549922104089,934.3521606253479,43.327678063478004,25.0,73,0.478,564.0,858.0,12,1.2246467991473532e-16,-1.0,217,-0.5595892624101763,-0.828770087174504,287.0
node_3_5,2026-08-05 13:00:00,28.53265061141457,82.00409997433574,0.42532048066249195,598.0511251693468,933.8073971744229,43.327678063478004,24.2,79,0.479,637.0,857.2,13,-0.2588190451025208,-0.9659258262890683,217,-0.5595892624101763,-0.828770087174504,287.0
node_3_5,2026-08-05 14:00:00,28.17372309194001,84.35520427866729,0.43000628357841153,461.5299914724453,932.9961036674483,43.327678063478004,23.4,86,0.488,647.0,856.6,14,-0.4999999999999997,-0.8660254037844388,217,-0.5595892624101763,-0.828770087174504,287.0
node_3_5,2026-08-05 15:00:00,27.924638491362977,83.75772499567834,0.4402075389694309,415.7902525890622,932.5856305692981,43.327678063478004,24.0,86,0.488,507.0,856.1,15,-0.7071067811865471,-0.7071067811865479,217,-0.5595892624101763,-0.828770087174504,287.0
node_3_5,2026-08-05 16:00:00,27.680284706705947,85.30599134000839,0.43698577377176034,338.74102309211605,932.3517504623314,43.327678063478004,23.2,91,0.498,468.0,855.6,16,-0.8660254037844384,-0.5000000000000004,217,-0.5595892624101763,-0.828770087174504,287.0
node_3_5,2026-08-05 17:00:00,26.821767350247836,93.11293258600311,0.43288105438105856,192.0183021930587,932.4848103260567,43.327678063478004,22.6,93,0.474,240.0,856.0,17,-0.9659258262890683,-0.25881904510252063,217,-0.5595892624101763,-0.828770087174504,287.0
node_3_5,2026-08-05 18:00:00,26.366940881397703,95.4435320511697,0.4319939869670617,97.45993691599891,932.5735169846648,43.327678063478004,22.0,97,0.475,101.0,856.0,18,-1.0,-1.8369701987210297e-16,217,-0.5595892624101763,-0.828770087174504,287.0
node_3_5,2026-08-05 19:00:00,25.74435411582277,97.33469943950233,0.4309939861391473,10.334700267416705,933.2735170674564,43.327678063478004,21.2,97,0.475,12.0,856.6,19,-0.9659258262890684,0.2588190451025203,217,-0.5595892624101763,-0.828770087174504,287.0
node_3_5,2026-08-05 20:00:00,25.577824142564438,96.66529890466892,0.42999398531123295,0.0,934.0848104916396,43.327678063478004,21.0,99,0.475,0.0,857.3,20,-0.8660254037844386,0.5000000000000001,217,-0.5595892624101763,-0.828770087174504,287.0
node_3_5,2026-08-05 21:00:00,25.433880934881046,95.5482646885013,0.42910691872515044,0.0,934.7182805183812,43.327678063478004,20.8,100,0.475,0.0,857.8,21,-0.7071067811865477,0.7071067811865474,217,-0.5595892624101763,-0.828770087174504,287.0
node_3_5,2026-08-05 22:00:00,24.989937809989087,95.87886415366789,0.4292157505089034,0.0,934.7961039158226,43.327678063478004,20.6,100,0.475,0.0,857.7,22,-0.5000000000000004,0.8660254037844384,217,-0.5595892624101763,-0.828770087174504,287.0
node_3_5,2026-08-05 23:00:00,25.222177513264285,96.99999999999999,0.4299775779626607,0.0,934.2186906813977,43.327678063478004,20.6,100,0.48,0.0,857.0,23,-0.25881904510252157,0.9659258262890681,217,-0.5595892624101763,-0.828770087174504,287.0
node_3_5,2026-08-06 00:00:00,24.52258726232355,96.11293341391747,0.44273941700721897,0.0,933.8630440520975,43.327678063478004,20.2,100,0.486,0.0,856.6,0,0.0,1.0,218,-0.5737722679043243,-0.8190148866680802,287.0
node_3_5,2026-08-06 01:00:00,24.544353784657023,95.89116738833262,0.4469693829814753,0.0,933.7961039986141,43.327678063478004,20.0,99,0.495,0.0,856.4,1,0.25881904510252074,0.9659258262890683,218,-0.5737722679043243,-0.8190148866680802,287.0
node_3_5,2026-08-06 02:00:00,24.2552371286152,95.5605687510804,0.4514375206740602,0.0,933.6517507107058,43.327678063478004,20.2,100,0.502,0.0,856.3,2,0.49999999999999994,0.8660254037844387,218,-0.5737722679043243,-0.8190148866680802,287.0
node_3_5,2026-08-06 03:00:00,24.233060277682398,95.78233560457961,0.45612332607372275,0.0,933.6295740253559,43.327678063478004,20.1,100,0.504,0.0,856.3,3,0.7071067811865475,0.7071067811865476,218,-0.5737722679043243,-0.8190148866680802,287.0
node_3_5,2026-08-06 04:00:00,24.12176693629065,96.33880189758118,0.45824446109214045,0.0,933.8404573693139,43.327678063478004,20.1,99,0.503,0.0,856.5,4,0.8660254037844386,0.5000000000000001,218,-0.5737722679043243,-0.8190148866680802,287.0
node_3_5,2026-08-06 05:00:00,24.07782397698157,97.89116656041826,0.44616023908937436,0.0,933.1630441348889,43.327678063478004,20.5,100,0.475,0.0,856.1,5,0.9659258262890683,0.25881904510252074,218,-0.5737722679043243,-0.8190148866680802,287.0
node_3_5,2026-08-06 06:00:00,24.08829690954898,97.44763368133418,0.44671260623595455,9.882966611746756,934.1517507934973,43.327678063478004,20.3,99,0.48,6.0,856.6,6,1.0,6.123233995736766e-17,218,-0.5737722679043243,-0.8190148866680802,287.0
node_3_5,2026-08-06 07:00:00,24.188706906982553,98.11293341391747,0.4479343730894538,44.98359513517078,934.7517507934972,43.327678063478004,20.7,98,0.481,50.0,857.4,7,0.9659258262890683,-0.25881904510252063,218,-0.5737722679043243,-0.8190148866680802,287.0
node_3_5,2026-08-06 08:00:00,24.488296661174672,97.6611981024188,0.4532731725032919,105.03089087565536,935.5626340546639,43.327678063478004,21.1,98,0.484,123.0,858.1,8,0.8660254037844387,-0.4999999999999998,218,-0.5737722679043243,-0.8190148866680802,287.0
node_3_5,2026-08-06 09:00:00,24.699179922341408,97.88296495591801,0.46282963548463596,115.87883683249382,936.0517507107057,43.327678063478004,21.8,98,0.49,334.0,858.8,9,0.7071067811865476,-0.7071067811865475,218,-0.5737722679043243,-0.8190148866680802,287.0
node_3_5,2026-08-06 10:00:00,24.844353536282714,98.55236549075143,0.4714826278429827,100.71859939894809,936.2295740253558,43.327678063478004,21.4,99,0.51,180.0,858.9,10,0.49999999999999994,-0.8660254037844387,218,-0.5737722679043243,-0.8190148866680802,287.0
node_3_5,2026-08-06 11:00:00,25.210883923498223,97.10883095583863,0.4701479259197373,131.34290435566,936.085220654656,43.327678063478004,22.2,92,0.513,168.0,859.5,11,0.258819045102521,-0.9659258262890682,218,-0.5737722679043243,-0.8190148866680802,287.0
node_3_5,2026-08-06 12:00:00,25.054827131181625,98.4435320511697,0.4692485585827332,132.4230537052644,935.985220654656,43.327678063478004,21.4,91,0.519,126.0,859.0,12,1.2246467991473532e-16,-1.0,218,-0.5737722679043243,-0.8190148866680802,287.0
node_3_5,2026-08-06 13:00:00,25.199180584672902,96.88706493025377,0.4684949327334762,157.99182985624563,935.4626338890811,43.327678063478004,21.5,95,0.518,125.0,858.5,13,-0.2588190451025208,-0.9659258262890683,218,-0.5737722679043243,-0.8190148866680802,287.0
node_3_5,2026-08-06 14:00:00,24.943943870014888,97.55646463717282,0.47293026152431694,124.76597379129741,934.9291638623394,43.327678063478004,21.0,98,0.519,127.0,857.9,14,-0.4999999999999997,-0.8660254037844388,218,-0.5737722679043243,-0.8190148866680802,287.0
node_3_5,2026-08-06 15:00:00,25.121767101873527,97.11293258600311,0.46893846561256025,71.24637663448613,934.5626338890811,43.327678063478004,21.4,97,0.516,91.0,857.9,15,-0.7071067811865471,-0.7071067811865479,218,-0.5737722679043243,-0.8190148866680802,287.0
node_3_5,2026-08-06 16:00:00,25.17741381396512,98.1129325860031,0.46405960394263546,73.52366732622988,933.9517505451229,43.327678063478004,21.1,98,0.507,72.0,857.4,16,-0.8660254037844384,-0.5000000000000004,218,-0.5737722679043243,-0.8190148866680802,287.0
node_3_5,2026-08-06 17:00:00,25.3112939209318,96.99999917208562,0.4605113392541341,64.75361757011329,933.7952835897897,43.327678063478004,21.0,97,0.501,41.0,857.6,17,-0.9659258262890683,-0.25881904510252063,218,-0.5737722679043243,-0.8190148866680802,287.0
node_3_5,2026-08-06 18:00:00,25.111293920931796,97.89116573250388,0.4603861034334663,25.99179756758539,933.5956936700147,43.327678063478004,20.6,99,0.513,31.0,857.1,18,-1.0,-1.8369701987210297e-16,218,-0.5737722679043243,-0.8190148866680802,287.0
node_3_5,2026-08-06 19:00:00,24.977823811398693,97.00409997433574,0.4610596047705498,2.8911665604182666,933.9517504623315,43.327678063478004,20.3,99,0.515,4.0,857.5,19,-0.9659258262890684,0.2588190451025203,218,-0.5737722679043243,-0.8190148866680802,287.0
node_3_5,2026-08-06 20:00:00,25.01088375791535,97.00410080225011,0.4588337362868861,0.0,934.5404572037312,43.327678063478004,20.1,98,0.511,0.0,857.7,20,-0.8660254037844386,0.5000000000000001,218,-0.5737722679043243,-0.8190148866680802,287.0
node_3_5,2026-08-06 21:00:00,24.977413648382246,95.5605687510804,0.45605140151022083,0.0,935.207397340006,43.327678063478004,20.1,96,0.508,0.0,857.9,21,-0.7071067811865477,0.7071067811865474,218,-0.5737722679043243,-0.8190148866680802,287.0
node_3_5,2026-08-06 22:00:00,24.68870707256543,96.44353370699842,0.4546037670009722,0.0,935.5295740253559,43.327678063478004,20.4,93,0.505,0.0,858.2,22,-0.5000000000000004,0.8660254037844384,218,-0.5737722679043243,-0.8190148866680802,287.0
node_3_5,2026-08-06 23:00:00,24.600410659765064,95.99590002566423,0.45160376782888667,0.0,935.2852207374474,43.327678063478004,20.4,94,0.502,0.0,858.1,23,-0.25881904510252157,0.9659258262890681,218,-0.5737722679043243,-0.8190148866680802,287.0
node_3_5,2026-08-07 00:00:00,24.34517411068992,95.54416471416555,0.45015613331963805,0.0,934.9073973400059,43.327678063478004,20.3,94,0.5,0.0,857.8,0,0.0,1.0,219,-0.5877852522924734,-0.8090169943749472,287.0
node_3_5,2026-08-07 01:00:00,24.089527481389766,95.87886498158225,0.44926496593130544,0.0,934.6961039986141,43.327678063478004,20.0,95,0.499,0.0,857.6,1,0.25881904510252074,0.9659258262890683,219,-0.5877852522924734,-0.8090169943749472,287.0
node_3_5,2026-08-07 02:00:00,24.044354033031333,95.1047326373316,0.4487084988103895,0.0,934.3848106572225,43.327678063478004,19.9,96,0.498,0.0,857.1,2,0.49999999999999994,0.8660254037844387,219,-0.5877852522924734,-0.8090169943749472,287.0
node_3_5,2026-08-07 03:00:00,23.833060774431022,95.55236549075143,0.44737379854297277,0.0,934.1517507107056,43.327678063478004,19.5,99,0.497,0.0,856.9,3,0.7071067811865475,0.7071067811865476,219,-0.5877852522924734,-0.8090169943749472,287.0
node_3_5,2026-08-07 04:00:00,23.566530883964127,96.33059863725221,0.44681733142205693,0.0,934.0852207374475,43.327678063478004,19.3,100,0.496,0.0,856.9,4,0.8660254037844386,0.5000000000000001,219,-0.5877852522924734,-0.8090169943749472,287.0
node_3_5,2026-08-07 05:00:00,24.132650528623135,97.88706575816813,0.4508378362612218,0.0,934.1848105744309,43.327678063478004,19.9,100,0.49,0.0,856.9,5,0.9659258262890683,0.25881904510252074,219,-0.5877852522924734,-0.8090169943749472,287.0
node_3_5,2026-08-07 06:00:00,24.47823405720658,96.77413151633628,0.4496119686054725,14.225869311578068,934.4295739425644,43.327678063478004,20.0,100,0.49,10.0,857.3,6,1.0,6.123233995736766e-17,219,-0.5877852522924734,-0.8090169943749472,287.0
node_3_5,2026-08-07 07:00:00,24.96694071581483,96.99999834417126,0.44772080121713986,63.25047164133568,934.9408673667475,43.327678063478004,20.8,97,0.49,68.0,858.0,7,0.9659258262890683,-0.25881904510252063,219,-0.5877852522924734,-0.8090169943749472,287.0
node_3_5,2026-08-07 08:00:00,25.454827213973054,95.44763202550546,0.4472731675358057,124.62019090783195,935.4295739425644,43.327678063478004,21.5,94,0.49,163.0,858.5,8,0.8660254037844387,-0.4999999999999998,219,-0.5877852522924734,-0.8090169943749472,287.0
node_3_5,2026-08-07 09:00:00,25.721767101873525,93.77823314650077,0.44671670041488976,154.5851470713214,935.7848104088481,43.327678063478004,23.1,83,0.489,412.0,859.3,9,0.7071067811865476,-0.7071067811865475,219,-0.5877852522924734,-0.8090169943749472,287.0
node_3_5,2026-08-07 10:00:00,26.58788749165546,87.45173117192684,0.4456037661730579,295.21584406322677,935.8404571209396,43.327678063478004,23.1,83,0.488,183.0,859.4,10,0.49999999999999994,-0.8660254037844387,219,-0.5877852522924734,-0.8090169943749472,287.0
node_3_5,2026-08-07 11:00:00,29.45359689050658,72.34290187191694,0.44516433409622397,687.6817228115284,936.1295737769815,43.327678063478004,24.2,78,0.487,202.0,859.5,11,0.258819045102521,-0.9659258262890682,219,-0.5877852522924734,-0.8090169943749472,287.0
node_3_5,2026-08-07 12:00:00,28.67495316703217,76.45993691599891,0.4451643332683096,575.0021074359541,936.05175037954,43.327678063478004,24.0,79,0.486,263.0,859.2,12,1.2246467991473532e-16,-1.0,219,-0.5877852522924734,-0.8090169943749472,287.0
node_3_5,2026-08-07 13:00:00,27.733471434196087,85.77002574659997,0.44759966205915036,392.994064791012,935.3743372279064,43.327678063478004,24.2,78,0.485,409.0,858.9,13,-0.2588190451025208,-0.9659258262890683,219,-0.5877852522924734,-0.8090169943749472,287.0
node_3_5,2026-08-07 14:00:00,27.621767101873523,88.88706575816812,0.4548132322756355,542.0104266042943,934.6069870114065,43.327678063478004,23.9,83,0.487,424.0,858.3,14,-0.4999999999999997,-0.8660254037844388,219,-0.5877852522924734,-0.8090169943749472,287.0
node_3_5,2026-08-07 15:00:00,27.89877017328214,88.11703504408194,0.4539302656638887,467.88511627133346,934.1404570381483,43.327678063478004,24.9,77,0.486,495.0,858.0,15,-0.7071067811865471,-0.7071067811865479,219,-0.5877852522924734,-0.8090169943749472,287.0
node_3_5,2026-08-07 16:00:00,27.52135693885708,89.56056792316602,0.455700298861718,344.73719780282545,933.7404570381482,43.327678063478004,25.2,74,0.484,463.0,857.6,16,-0.8660254037844384,-0.5000000000000004,219,-0.5877852522924734,-0.8090169943749472,287.0
node_3_5,2026-08-07 17:00:00,28.02176735024783,87.89116490458952,0.45125266104081196,220.38389995944573,933.67392706489,43.327678063478004,24.1,82,0.483,219.0,857.5,17,-0.9659258262890683,-0.25881904510252063,219,-0.5877852522924734,-0.8090169943749472,287.0
node_3_5,2026-08-07 18:00:00,26.366940633023397,96.10883178375299,0.45247032791997543,94.88296081634618,934.0735169846648,43.327678063478004,23.2,90,0.483,110.0,857.6,18,-1.0,-1.8369701987210297e-16,219,-0.5877852522924734,-0.8090169943749472,287.0
node_3_5,2026-08-07 19:00:00,25.62258726232355,97.33059863725221,0.45324446192005485,8.669400534833413,934.6622236432731,43.327678063478004,21.8,95,0.484,9.0,857.8,19,-0.9659258262890684,0.2588190451025203,219,-0.5877852522924734,-0.8090169943749472,287.0
node_3_5,2026-08-07 20:00:00,25.48911723558188,95.55236631866579,0.45157916135955717,0.0,935.084400328623,43.327678063478004,21.3,96,0.484,0.0,858.2,20,-0.8660254037844386,0.5000000000000001,219,-0.5877852522924734,-0.8090169943749472,287.0
node_3_5,2026-08-07 21:00:00,25.30000041395718,94.21766687916345,0.4494703279199755,0.0,935.7626338062896,43.327678063478004,21.0,98,0.484,0.0,858.8,21,-0.7071067811865477,0.7071067811865474,219,-0.5877852522924734,-0.8090169943749472,287.0
node_3_5,2026-08-07 22:00:00,25.300000496748616,92.6570989559974,0.4474703279199755,0.0,936.0956936700147,43.327678063478004,20.6,99,0.484,0.0,859.3,22,-0.5000000000000004,0.8660254037844384,219,-0.5877852522924734,-0.8090169943749472,287.0
node_3_5,2026-08-07 23:00:00,25.900820739990078,92.8747650072465,0.44513562765255876,0.0,935.5961038330313,43.327678063478004,20.9,100,0.483,0.0,858.6,23,-0.25881904510252157,0.9659258262890681,219,-0.5877852522924734,-0.8090169943749472,287.0
node_3_5,2026-08-08 00:00:00,25.256057454648094,94.09653103283135,0.4444703279199754,0.0,935.7295738597728,43.327678063478004,20.2,100,0.483,0.0,858.5,0,0.0,1.0,220,-0.6016240632249227,-0.7987793728863648,287.0
node_3_5,2026-08-08 01:00:00,24.666940964189138,96.09653020491699,0.44324856106647625,0.0,935.2513403821064,43.327678063478004,19.9,98,0.488,0.0,858.4,1,0.25881904510252074,0.9659258262890683,220,-0.6016240632249227,-0.7987793728863648,287.0
node_3_5,2026-08-08 02:00:00,24.043944283972067,97.2135644210846,0.44224856106647625,0.0,934.8291638623393,43.327678063478004,19.9,99,0.488,0.0,858.3,2,0.49999999999999994,0.8660254037844387,220,-0.6016240632249227,-0.7987793728863648,287.0
node_3_5,2026-08-08 03:00:00,23.677414393505174,97.32649783500209,0.4416920939455603,0.0,934.4513405476894,43.327678063478004,19.6,98,0.488,0.0,857.8,3,0.7071067811865475,0.7071067811865476,220,-0.6016240632249227,-0.7987793728863648,287.0
node_3_5,2026-08-08 04:00:00,23.42258792465504,95.98769676533526,0.4414703279199754,0.0,934.540457369314,43.327678063478004,19.8,99,0.487,0.0,857.9,4,0.8660254037844386,0.5000000000000001,220,-0.6016240632249227,-0.7987793728863648,287.0
node_3_5,2026-08-08 05:00:00,24.76653088396413,91.21766605124908,0.4402567618430621,0.0,935.1513404648979,43.327678063478004,20.5,100,0.483,0.0,858.5,5,0.9659258262890683,0.25881904510252074,220,-0.6016240632249227,-0.7987793728863648,287.0
node_3_5,2026-08-08 06:00:00,25.16653080117269,90.66530056049764,0.4397002947221462,27.995897541921146,935.8182805183812,43.327678063478004,20.6,100,0.483,25.0,859.1,6,1.0,6.123233995736766e-17,220,-0.6016240632249227,-0.7987793728863648,287.0
node_3_5,2026-08-08 07:00:00,26.933470606281723,89.43943207683394,0.43870029472214617,166.09242277935195,936.3291636967565,43.327678063478004,21.0,99,0.483,131.0,859.4,7,0.9659258262890683,-0.25881904510252063,220,-0.6016240632249227,-0.7987793728863648,287.0
node_3_5,2026-08-08 08:00:00,27.945174193481353,85.09652937700264,0.43736559445472944,361.8624493538662,936.8739270648898,43.327678063478004,22.9,89,0.482,344.0,860.4,8,0.8660254037844387,-0.4999999999999998,220,-0.6016240632249227,-0.7987793728863648,287.0
node_3_5,2026-08-08 09:00:00,29.354827048390185,76.22176768141358,0.4353655944547295,547.922069854789,937.185220489073,43.327678063478004,25.1,79,0.481,544.0,861.0,9,0.7071067811865476,-0.7071067811865475,220,-0.6016240632249227,-0.7987793728863648,287.0
node_3_5,2026-08-08 10:00:00,30.11006351467389,72.56056957899477,0.4333655944547295,668.0063075879281,937.5630438037233,43.327678063478004,26.2,70,0.479,704.0,861.5,10,0.49999999999999994,-0.8660254037844387,220,-0.6016240632249227,-0.7987793728863648,287.0
node_3_5,2026-08-08 11:00:00,30.866120224199058,66.44353287908406,0.4345791621874716,776.16023826146,937.6630438037232,43.327678063478004,27.5,65,0.476,748.0,861.7,11,0.258819045102521,-0.9659258262890682,220,-0.6016240632249227,-0.7987793728863648,287.0
node_3_5,2026-08-08 12:00:00,30.644353950239893,67.88296412800365,0.43280092738514203,849.2690650777267,937.5073970916316,43.327678063478004,27.3,67,0.473,820.0,861.7,12,1.2246467991473532e-16,-1.0,220,-0.6016240632249227,-0.7987793728863648,287.0
node_3_5,2026-08-08 13:00:00,30.988297075131857,65.88706575816813,0.43090975916889507,837.8173413570292,936.75175037954,43.327678063478004,26.6,68,0.472,843.0,860.7,13,-0.2588190451025208,-0.9659258262890683,220,-0.6016240632249227,-0.7987793728863648,287.0
node_3_5,2026-08-08 14:00:00,30.777413813965115,67.32649783500209,0.42901859095264805,763.7741190976207,936.0852204062816,43.327678063478004,25.5,76,0.471,716.0,860.0,14,-0.4999999999999997,-0.8660254037844388,220,-0.6016240632249227,-0.7987793728863648,287.0
node_3_5,2026-08-08 15:00:00,30.15564745721452,69.88296412800365,0.42757095644339954,600.4249261960629,935.6517502967486,43.327678063478004,25.0,80,0.472,566.0,859.5,15,-0.7071067811865471,-0.7071067811865479,220,-0.6016240632249227,-0.7987793728863648,287.0
node_3_5,2026-08-08 16:00:00,29.877413896756554,70.77413234425065,0.42534918958990026,464.14573817608965,935.0961035846569,43.327678063478004,24.2,86,0.477,331.0,859.0,16,-0.8660254037844384,-0.5000000000000004,220,-0.6016240632249227,-0.7987793728863648,287.0
node_3_5,2026-08-08 17:00:00,29.288707403731177,80.2135619373415,0.4339980794901682,279.7823306370934,935.3626335579153,43.327678063478004,24.0,88,0.48,244.0,859.5,17,-0.9659258262890683,-0.25881904510252063,220,-0.6016240632249227,-0.7987793728863648,287.0
node_3_5,2026-08-08 18:00:00,27.45605795139671,88.54826137684384,0.4338851452483363,110.56056792316602,935.7961036674484,43.327678063478004,22.5,90,0.482,106.0,859.3,18,-1.0,-1.8369701987210297e-16,220,-0.6016240632249227,-0.7987793728863648,287.0
node_3_5,2026-08-08 19:00:00,26.511294417680418,92.43532796292635,0.4335545466110841,8.334700267416705,936.7404570381482,43.327678063478004,20.7,97,0.484,8.0,860.0,19,-0.9659258262890684,0.2588190451025203,220,-0.6016240632249227,-0.7987793728863648,287.0
node_3_5,2026-08-08 20:00:00,26.400411156513684,90.10062769550964,0.43266748085291595,0.0,937.2182803527984,43.327678063478004,20.6,99,0.491,0.0,860.6,20,-0.8660254037844386,0.5000000000000001,220,-0.6016240632249227,-0.7987793728863648,287.0
node_3_5,2026-08-08 21:00:00,26.133881183255355,90.76592742809294,0.4315586482412486,0.0,938.0848104088479,43.327678063478004,20.4,99,0.491,0.0,861.0,21,-0.7071067811865477,0.7071067811865474,220,-0.6016240632249227,-0.7987793728863648,287.0
node_3_5,2026-08-08 22:00:00,25.700821402321566,90.8747600397603,0.4306715824830804,0.0,938.2073972572144,43.327678063478004,20.2,98,0.49,0.0,861.4,22,-0.5000000000000004,0.8660254037844384,220,-0.6016240632249227,-0.7987793728863648,287.0
node_3_5,2026-08-08 23:00:00,26.15564762279739,90.10472849775977,0.43178041840640524,0.0,937.9182804355897,43.327678063478004,20.7,100,0.489,0.0,860.9,23,-0.25881904510252157,0.9659258262890681,220,-0.6016240632249227,-0.7987793728863648,287.0
node_3_5,2026-08-09 00:00:00,25.57823447116376,91.87886084201043,0.431115118673822,0.0,937.7073972572143,43.327678063478004,20.1,100,0.488,0.0,860.6,0,0.0,1.0,221,-0.6152845999633277,-0.7883050558305253,287.0
node_3_5,2026-08-09 01:00:00,25.13388126604679,92.87886084201043,0.4304498189412387,0.0,937.1961039158227,43.327678063478004,19.9,100,0.487,0.0,860.0,1,0.25881904510252074,0.9659258262890683,221,-0.6152845999633277,-0.7883050558305253,287.0
node_3_5,2026-08-09 02:00:00,24.85605803418815,93.21356110942713,0.42978451920865535,0.0,937.085220654656,43.327678063478004,20.0,99,0.487,0.0,860.1,2,0.49999999999999994,0.8660254037844387,221,-0.6152845999633277,-0.7883050558305253,287.0
node_3_5,2026-08-09 03:00:00,24.734291429063237,93.10062769550964,0.429675686596988,0.0,937.0073973400058,43.327678063478004,19.9,100,0.486,0.0,859.9,3,0.7071067811865475,0.7071067811865476,221,-0.6152845999633277,-0.7883050558305253,287.0
node_3_5,2026-08-09 04:00:00,24.667761373013473,92.65299401417545,0.4294539197434888,0.0,937.2961038330313,43.327678063478004,20.1,100,0.485,0.0,860.2,4,0.8660254037844386,0.5000000000000001,221,-0.6152845999633277,-0.7883050558305253,287.0
node_3_5,2026-08-09 05:00:00,25.20082131953013,90.7659282560073,0.4296797873992381,0.0,937.3630439693061,43.327678063478004,21.0,90,0.477,0.0,860.4,5,0.9659258262890683,0.25881904510252074,221,-0.6152845999633277,-0.7883050558305253,287.0
node_3_5,2026-08-09 06:00:00,25.056878194638173,92.31829374675874,0.4401028096437567,23.11293341391748,937.8517505451227,43.327678063478004,20.6,95,0.478,17.0,860.7,6,1.0,6.123233995736766e-17,221,-0.6152845999633277,-0.7883050558305253,287.0
node_3_5,2026-08-09 07:00:00,25.8564681972046,91.20946030717701,0.43966337756692275,132.11703918365376,938.4739272304727,43.327678063478004,20.9,97,0.478,78.0,861.1,7,0.9659258262890683,-0.25881904510252063,221,-0.6152845999633277,-0.7883050558305253,287.0
node_3_5,2026-08-09 08:00:00,26.77864479976308,87.65299235834672,0.4382198446878387,295.6488973514971,938.7517505451228,43.327678063478004,22.0,93,0.478,269.0,861.8,8,0.8660254037844387,-0.4999999999999998,221,-0.6152845999633277,-0.7883050558305253,287.0
node_3_5,2026-08-09 09:00:00,28.067351209997025,81.65299318626109,0.43588924605058643,488.72902186367054,938.9517504623315,43.327678063478004,23.0,88,0.477,358.0,862.0,9,0.7071067811865476,-0.7071067811865475,221,-0.6152845999633277,-0.7883050558305253,287.0
node_3_5,2026-08-09 10:00:00,28.933881100463918,76.43122716067624,0.43311101290408566,573.6713351192093,938.8739271476813,43.327678063478004,24.0,84,0.477,482.0,862.1,10,0.49999999999999994,-0.8660254037844387,221,-0.6152845999633277,-0.7883050558305253,287.0
node_3_5,2026-08-09 11:00:00,30.354827213973056,65.77823149067203,0.4332239446621744,685.3776304555784,938.6182803527983,43.327678063478004,25.7,69,0.48,642.0,862.2,11,0.258819045102521,-0.9659258262890682,221,-0.6152845999633277,-0.7883050558305253,287.0
node_3_5,2026-08-09 12:00:00,30.38829715792329,67.10883261166735,0.430445712343588,758.5255721056885,937.9186905158148,43.327678063478004,25.3,73,0.478,759.0,861.6,12,1.2246467991473532e-16,-1.0,221,-0.6152845999633277,-0.7883050558305253,287.0
node_3_5,2026-08-09 13:00:00,30.3991805846729,68.10883178375299,0.4294457115156736,757.1397458410105,937.3739270648899,43.327678063478004,25.4,73,0.476,770.0,861.2,13,-0.2588190451025208,-0.9659258262890683,221,-0.6152845999633277,-0.7883050558305253,287.0
node_3_5,2026-08-09 14:00:00,29.555647871171704,74.87886001409606,0.4312157405739311,604.5792002715324,936.5630438037231,43.327678063478004,25.7,71,0.474,687.0,860.6,14,-0.4999999999999997,-0.8660254037844388,221,-0.6152845999633277,-0.7883050558305253,287.0
node_3_5,2026-08-09 15:00:00,29.610884420246844,73.88296164426055,0.42965927345301513,463.8521129922377,936.1517502967486,43.327678063478004,25.8,69,0.471,664.0,860.1,15,-0.7071067811865471,-0.7071067811865479,221,-0.6152845999633277,-0.7883050558305253,287.0
node_3_5,2026-08-09 16:00:00,29.433471185821777,73.66119561867569,0.4272157405739311,392.10664983550583,935.5739269820986,43.327678063478004,25.4,71,0.47,373.0,859.4,16,-0.8660254037844384,-0.5000000000000004,221,-0.6152845999633277,-0.7883050558305253,287.0
node_3_5,2026-08-09 17:00:00,28.555237873738125,82.99999586042816,0.4313409747387702,252.8069404180803,935.3069869286152,43.327678063478004,24.0,85,0.479,223.0,858.9,17,-0.9659258262890683,-0.25881904510252063,221,-0.6152845999633277,-0.7883050558305253,287.0
node_3_5,2026-08-09 18:00:00,27.51129466605473,90.77823066275766,0.430010376101518,98.7905363811655,935.4069869286151,43.327678063478004,22.6,91,0.479,91.0,858.8,18,-1.0,-1.8369701987210297e-16,221,-0.6152845999633277,-0.7883050558305253,287.0
node_3_5,2026-08-09 19:00:00,26.51129466605473,95.22176354184174,0.42901037692943234,8.334700267416705,935.8848103260566,43.327678063478004,21.8,96,0.48,8.0,859.3,19,-0.9659258262890684,0.2588190451025203,221,-0.6152845999633277,-0.7883050558305253,287.0
node_3_5,2026-08-09 20:00:00,26.100001241871546,94.88706410233941,0.4281233111712641,0.0,936.6513403821064,43.327678063478004,21.5,98,0.479,0.0,859.9,20,-0.8660254037844386,0.5000000000000001,221,-0.6152845999633277,-0.7883050558305253,287.0
node_3_5,2026-08-09 21:00:00,25.711294748846164,94.43942959309084,0.42767977829218007,0.0,937.1961038330313,43.327678063478004,21.4,98,0.479,0.0,860.5,21,-0.7071067811865477,0.7071067811865474,221,-0.6152845999633277,-0.7883050558305253,287.0
node_3_5,2026-08-09 22:00:00,25.478234802329506,94.77002905825744,0.4264580122665952,0.0,937.385220654656,43.327678063478004,21.0,100,0.479,0.0,860.5,22,-0.5000000000000004,0.8660254037844384,221,-0.6152845999633277,-0.7883050558305253,287.0
node_3_5,2026-08-09 23:00:00,25.91129458326329,90.88706244651067,0.42690564677584386,0.0,937.1961038330313,43.327678063478004,21.5,98,0.477,0.0,860.4,23,-0.25881904510252157,0.9659258262890681,221,-0.6152845999633277,-0.7883050558305253,287.0
node_3_5,2026-08-10 00:00:00,25.70000115908011,91.21766273959162,0.42612741362934303,0.0,936.8848104916395,43.327678063478004,21.4,98,0.477,0.0,860.0,0,0.0,1.0,222,-0.6287628145958345,-0.7775971469736268,287.0
node_3_5,2026-08-10 01:00:00,25.70041115651368,89.65709564433993,0.4265709465084271,0.0,936.4961038330313,43.327678063478004,21.5,96,0.478,0.0,859.6,1,0.25881904510252074,0.9659258262890683,222,-0.6287628145958345,-0.7775971469736268,287.0
node_3_5,2026-08-10 02:00:00,25.456057868605274,89.98769510950652,0.42701447938751114,0.0,936.2961038330313,43.327678063478004,21.3,96,0.478,0.0,859.3,2,0.49999999999999994,0.8660254037844387,222,-0.6287628145958345,-0.7775971469736268,287.0
node_3_5,2026-08-10 03:00:00,25.389117815121935,89.6570964722543,0.4273491796549279,0.0,935.9626338062897,43.327678063478004,21.1,97,0.478,0.0,859.0,3,0.7071067811865475,0.7071067811865476,222,-0.6287628145958345,-0.7775971469736268,287.0
node_3_5,2026-08-10 04:00:00,25.188707569314047,90.5482646885013,0.42823624706892477,0.0,936.084810574431,43.327678063478004,21.0,95,0.478,0.0,859.0,4,0.8660254037844386,0.5000000000000001,222,-0.6287628145958345,-0.7775971469736268,287.0
node_3_5,2026-08-10 05:00:00,25.121767350247836,94.78233394875089,0.4379220483290156,0.0,935.6739273132644,43.327678063478004,21.0,98,0.478,0.0,858.5,5,0.9659258262890683,0.25881904510252074,222,-0.6287628145958345,-0.7775971469736268,287.0
node_3_5,2026-08-10 06:00:00,24.73224053118956,96.89116656041826,0.4471643175379367,17.774132344250656,936.4852206546559,43.327678063478004,20.5,97,0.491,10.0,859.1,6,1.0,6.123233995736766e-17,222,-0.6287628145958345,-0.7775971469736268,287.0
node_3_5,2026-08-10 07:00:00,24.854827131181622,96.99999834417126,0.45980912650589917,60.90347062299735,936.7848106572224,43.327678063478004,20.5,98,0.503,54.0,859.2,7,0.9659258262890683,-0.25881904510252063,222,-0.6287628145958345,-0.7775971469736268,287.0
node_3_5,2026-08-10 08:00:00,25.23306052605671,94.6694005348334,0.4613778960335655,161.7122893272768,937.2295740253558,43.327678063478004,21.0,100,0.503,96.0,859.8,8,0.8660254037844387,-0.4999999999999998,222,-0.6287628145958345,-0.7775971469736268,287.0
node_3_5,2026-08-10 09:00:00,25.399180584672898,94.8911657325039,0.4616037612055718,197.3306358933986,937.4073973400059,43.327678063478004,21.1,100,0.502,143.0,860.0,9,0.7071067811865476,-0.7071067811865475,222,-0.6287628145958345,-0.7775971469736268,287.0
node_3_5,2026-08-10 10:00:00,25.95564778838027,92.77412986050754,0.45970439055691015,318.4454989242059,937.418690764189,43.327678063478004,21.6,100,0.502,267.0,860.2,10,0.49999999999999994,-0.8660254037844387,222,-0.6287628145958345,-0.7775971469736268,287.0
node_3_5,2026-08-10 11:00:00,26.300000910705798,89.88296330008927,0.46071669296366047,440.41677426642457,937.5408673667475,43.327678063478004,21.1,91,0.513,279.0,860.0,11,0.258819045102521,-0.9659258262890682,222,-0.6287628145958345,-0.7775971469736268,287.0
node_3_5,2026-08-10 12:00:00,26.643533706998433,87.22586765574934,0.4568255264032422,399.43528325555053,937.2852205718646,43.327678063478004,22.2,89,0.508,419.0,860.2,12,1.2246467991473532e-16,-1.0,222,-0.6287628145958345,-0.7775971469736268,287.0
node_3_5,2026-08-10 13:00:00,27.26612022419906,82.66530138841202,0.45348672533357537,461.2258072180006,936.8295739425644,43.327678063478004,23.0,85,0.504,487.0,860.0,13,-0.2588190451025208,-0.9659258262890683,222,-0.6287628145958345,-0.7775971469736268,287.0
node_3_5,2026-08-10 14:00:00,27.72176685349922,79.665301388412,0.4498173247987419,442.29553989828304,935.8630438865147,43.327678063478004,23.2,81,0.5,427.0,859.2,14,-0.4999999999999997,-0.8660254037844388,222,-0.6287628145958345,-0.7775971469736268,287.0
node_3_5,2026-08-10 15:00:00,27.543943621640572,79.77823397441513,0.44770439055691014,348.9198431991662,935.4517504623313,43.327678063478004,22.5,87,0.499,227.0,858.7,15,-0.7071067811865471,-0.7071067811865479,222,-0.6287628145958345,-0.7775971469736268,287.0
node_3_5,2026-08-10 16:00:00,27.29959033373217,83.43943124891958,0.4472567560476615,214.62804993830903,934.9961037502399,43.327678063478004,22.5,88,0.496,206.0,858.4,16,-0.8660254037844384,-0.5000000000000004,222,-0.6287628145958345,-0.7775971469736268,287.0
node_3_5,2026-08-10 17:00:00,27.144354446988515,87.32239289318014,0.455490820340425,132.0718856515267,935.1848103260567,43.327678063478004,22.3,92,0.486,109.0,858.6,17,-0.9659258262890683,-0.25881904510252063,222,-0.6287628145958345,-0.7775971469736268,287.0
node_3_5,2026-08-10 18:00:00,26.34394420118063,93.10883012792425,0.4511561209009226,48.23816509501349,935.0735170674564,43.327678063478004,21.7,95,0.485,84.0,858.2,18,-1.0,-1.8369701987210297e-16,222,-0.6287628145958345,-0.7775971469736268,287.0
node_3_5,2026-08-10 19:00:00,25.74394420118063,95.88706410233941,0.4485996554358354,4.669399706919046,935.729163779548,43.327678063478004,20.7,99,0.484,9.0,858.4,19,-0.9659258262890684,0.2588190451025203,222,-0.6287628145958345,-0.7775971469736268,287.0
node_3_5,2026-08-10 20:00:00,25.6000009107058,95.77003071408616,0.44704318914283386,0.0,936.3404572037311,43.327678063478004,20.7,99,0.483,0.0,859.1,20,-0.8660254037844386,0.5000000000000001,222,-0.6287628145958345,-0.7775971469736268,287.0
node_3_5,2026-08-10 21:00:00,25.36694104698058,95.87886415366789,0.4461520225824156,0.0,936.707397340006,43.327678063478004,20.5,99,0.482,0.0,859.5,21,-0.7071067811865477,0.7071067811865474,222,-0.6287628145958345,-0.7775971469736268,287.0
node_3_5,2026-08-10 22:00:00,25.166941046980575,95.54416305833682,0.444595556289414,0.0,936.7961039986141,43.327678063478004,20.2,100,0.482,0.0,859.3,22,-0.5000000000000004,0.8660254037844384,222,-0.6287628145958345,-0.7775971469736268,287.0
node_3_5,2026-08-10 23:00:00,25.411294334888986,94.43122881650497,0.4461561250404944,0.0,935.9848105744309,43.327678063478004,20.3,100,0.481,0.0,858.5,23,-0.25881904510252157,0.9659258262890681,222,-0.6287628145958345,-0.7775971469736268,287.0
node_3_5,2026-08-11 00:00:00,25.00041090813937,93.54006142817234,0.44482142477307773,0.0,935.9517506279144,43.327678063478004,19.7,100,0.48,0.0,858.2,0,0.0,1.0,223,-0.6420547132365636,-0.7666588193001592,287.0
node_3_5,2026-08-11 01:00:00,24.833880934881044,92.97949433292065,0.443486724505661,0.0,935.7739273132643,43.327678063478004,20.0,99,0.48,0.0,858.4,1,0.25881904510252074,0.9659258262890683,223,-0.6420547132365636,-0.7666588193001592,287.0
node_3_5,2026-08-11 02:00:00,24.800410908139376,92.53186147950082,0.4428173247987419,0.0,935.7517507107057,43.327678063478004,20.0,100,0.48,0.0,858.2,2,0.49999999999999994,0.8660254037844387,223,-0.6420547132365636,-0.7666588193001592,287.0
node_3_5,2026-08-11 03:00:00,24.75564745721452,92.31419625616608,0.4422608585057404,0.0,935.6517506279145,43.327678063478004,19.7,100,0.479,0.0,858.1,3,0.7071067811865475,0.7071067811865476,223,-0.6420547132365636,-0.7666588193001592,287.0
node_3_5,2026-08-11 04:00:00,24.556057620230966,93.42712967008357,0.4414826253592396,0.0,935.5295740253559,43.327678063478004,19.6,100,0.479,0.0,857.9,4,0.8660254037844386,0.5000000000000001,223,-0.6420547132365636,-0.7666588193001592,287.0
node_3_5,2026-08-11 05:00:00,24.02258734511499,96.43533127458382,0.4473820034591305,0.0,936.4186907641891,43.327678063478004,19.5,99,0.477,0.0,858.7,5,0.9659258262890683,0.25881904510252074,223,-0.6420547132365636,-0.7666588193001592,287.0
node_3_5,2026-08-11 06:00:00,24.256057371856656,95.43533044666945,0.4479343706057107,13.338801069666824,936.4739273960556,43.327678063478004,19.6,99,0.477,17.0,858.9,6,1.0,6.123233995736766e-17,223,-0.6420547132365636,-0.7666588193001592,287.0
node_3_5,2026-08-11 07:00:00,24.800820491615767,93.6570989559974,0.44859557119187254,106.10062438385218,937.118280683964,43.327678063478004,20.9,92,0.476,107.0,859.8,7,0.9659258262890683,-0.25881904510252063,223,-0.6420547132365636,-0.7666588193001592,287.0
node_3_5,2026-08-11 08:00:00,25.410473346524594,91.44763616507727,0.4482690717010418,208.47852455698956,937.5404572865225,43.327678063478004,22.4,84,0.475,252.0,860.7,8,0.8660254037844387,-0.4999999999999998,223,-0.6420547132365636,-0.7666588193001592,287.0
node_3_5,2026-08-11 09:00:00,26.765709730016866,86.44763782090601,0.44749083855454097,392.56275732264237,937.9517507107057,43.327678063478004,23.5,78,0.473,408.0,860.9,9,0.7071067811865476,-0.7071067811865475,223,-0.6420547132365636,-0.7666588193001592,287.0
node_3_5,2026-08-11 10:00:00,26.676182993750025,86.56467286498797,0.45385014197962964,456.4844920546376,938.0739273132642,43.327678063478004,25.1,69,0.47,646.0,861.5,10,0.49999999999999994,-0.8660254037844387,223,-0.6420547132365636,-0.7666588193001592,287.0
node_3_5,2026-08-11 11:00:00,24.88829715792329,96.44763368133418,0.4543820059428736,471.68985983870823,938.4852207374474,43.327678063478004,24.0,72,0.468,633.0,861.7,11,0.258819045102521,-0.9659258262890682,223,-0.6420547132365636,-0.7666588193001592,287.0
node_3_5,2026-08-11 12:00:00,25.16612047257337,95.6694005348334,0.4644949343893049,161.42302058868978,938.2291638623393,43.327678063478004,22.4,83,0.468,275.0,861.3,12,1.2246467991473532e-16,-1.0,223,-0.6420547132365636,-0.7666588193001592,287.0
node_3_5,2026-08-11 13:00:00,25.5443539502399,95.3347002674167,0.46604319742197753,185.1211490929619,937.2069871769895,43.327678063478004,21.9,92,0.477,312.0,860.4,13,-0.2588190451025208,-0.9659258262890683,223,-0.6420547132365636,-0.7666588193001592,287.0
node_3_5,2026-08-11 14:00:00,26.188297240714725,93.78233312083653,0.46270849715456086,233.31641380473087,936.306987094198,43.327678063478004,22.7,90,0.48,437.0,859.9,14,-0.4999999999999997,-0.8660254037844388,223,-0.6420547132365636,-0.7666588193001592,287.0
node_3_5,2026-08-11 15:00:00,26.988707486522614,88.66529642092581,0.4599302631801456,305.6076262347519,935.3848104088481,43.327678063478004,23.6,83,0.479,474.0,859.2,15,-0.7071067811865471,-0.7071067811865479,223,-0.6420547132365636,-0.7666588193001592,287.0
node_3_5,2026-08-11 16:00:00,27.187887077698278,89.4517319998412,0.45782143056847824,244.12112839510274,934.7069870114066,43.327678063478004,24.2,78,0.478,387.0,858.7,16,-0.8660254037844384,-0.5000000000000004,223,-0.6420547132365636,-0.7666588193001592,287.0
node_3_5,2026-08-11 17:00:00,28.043943621640572,83.22586765574933,0.4656879873479096,141.88103947860006,935.1956935872233,43.327678063478004,24.5,76,0.482,191.0,859.2,17,-0.9659258262890683,-0.25881904510252063,223,-0.6420547132365636,-0.7666588193001592,287.0
node_3_5,2026-08-11 18:00:00,26.677003733740108,92.33880024175244,0.4553696952569796,100.54826054892949,934.6404570381482,43.327678063478004,23.0,89,0.481,111.0,858.3,18,-1.0,-1.8369701987210297e-16,223,-0.6420547132365636,-0.7666588193001592,287.0
node_3_5,2026-08-11 19:00:00,25.52217734768141,95.56056709525167,0.4538132281360637,7.778233146500779,934.629163779548,43.327678063478004,21.5,93,0.48,9.0,857.9,19,-0.9659258262890684,0.2588190451025203,223,-0.6420547132365636,-0.7666588193001592,287.0
node_3_5,2026-08-11 20:00:00,25.16694071581483,96.11293341391747,0.4520349949895629,0.0,935.6069871769894,43.327678063478004,21.1,94,0.479,0.0,858.7,20,-0.8660254037844386,0.5000000000000001,223,-0.6420547132365636,-0.7666588193001592,287.0
node_3_5,2026-08-11 21:00:00,24.956467534873102,95.55236631866579,0.4510349949895629,0.0,936.4073973400059,43.327678063478004,20.7,96,0.479,0.0,859.3,21,-0.7071067811865477,0.7071067811865474,223,-0.6420547132365636,-0.7666588193001592,287.0
node_3_5,2026-08-11 22:00:00,24.69034772463122,94.54826551641567,0.4497002947221461,0.0,936.8739273132642,43.327678063478004,20.1,99,0.478,0.0,859.8,22,-0.5000000000000004,0.8660254037844384,223,-0.6420547132365636,-0.7666588193001592,287.0
node_3_5,2026-08-11 23:00:00,24.93511100997321,92.87886580949662,0.4519220599198167,0.0,936.6295739425644,43.327678063478004,20.0,99,0.478,0.0,859.4,23,-0.25881904510252157,0.9659258262890681,223,-0.6420547132365636,-0.7666588193001592,287.0
node_3_5,2026-08-12 00:00:00,24.434700929748193,92.21356690482769,0.4504785270407326,0.0,936.5182806011727,43.327678063478004,19.4,100,0.478,0.0,859.3,0,0.0,1.0,224,-0.655156357209085,-0.7554933140726804,287.0
node_3_5,2026-08-12 01:00:00,24.1564675348731,91.66120141407625,0.4491438267733159,0.0,936.5739273132642,43.327678063478004,19.5,99,0.478,0.0,859.4,1,0.25881904510252074,0.9659258262890683,224,-0.655156357209085,-0.7554933140726804,287.0
node_3_5,2026-08-12 02:00:00,23.94558427370637,91.54826800015877,0.4481438267733159,0.0,936.4073973400059,43.327678063478004,19.4,99,0.477,0.0,859.2,2,0.49999999999999994,0.8660254037844387,224,-0.655156357209085,-0.7554933140726804,287.0
node_3_5,2026-08-12 03:00:00,23.73470101253963,90.10473512107468,0.4470308933593984,0.0,936.0517507107057,43.327678063478004,19.4,98,0.477,0.0,859.1,3,0.7071067811865475,0.7071067811865476,224,-0.655156357209085,-0.7554933140726804,287.0
node_3_5,2026-08-12 04:00:00,23.568171039281303,90.10473512107468,0.4460308933593984,0.0,935.8073974227973,43.327678063478004,19.3,98,0.476,0.0,858.8,4,0.8660254037844386,0.5000000000000001,224,-0.655156357209085,-0.7554933140726804,287.0
node_3_5,2026-08-12 05:00:00,24.268991199731325,88.10473594898906,0.44835328708049293,0.0,936.0630440520974,43.327678063478004,19.2,97,0.483,0.0,858.5,5,0.9659258262890683,0.25881904510252074,224,-0.655156357209085,-0.7554933140726804,287.0
node_3_5,2026-08-12 06:00:00,24.757697692756704,87.77413565590811,0.44713152105490805,25.774130688421927,936.5295739425644,43.327678063478004,20.0,95,0.482,26.0,859.2,6,1.0,6.123233995736766e-17,224,-0.655156357209085,-0.7554933140726804,287.0
node_3_5,2026-08-12 07:00:00,26.567760627890543,86.21766770707782,0.44590975502932323,166.6529882187749,936.9182804355897,43.327678063478004,21.8,90,0.481,163.0,860.2,7,0.9659258262890683,-0.25881904510252063,224,-0.655156357209085,-0.7554933140726804,287.0
node_3_5,2026-08-12 08:00:00,28.389117069999003,82.88706741399687,0.44390975502932317,363.866549328202,937.4848103260566,43.327678063478004,24.2,78,0.479,368.0,861.2,8,0.8660254037844387,-0.4999999999999998,224,-0.655156357209085,-0.7554933140726804,287.0
node_3_5,2026-08-12 09:00:00,29.843943621640573,76.33880189758118,0.4406879890037384,559.527745774792,937.7735169018736,43.327678063478004,25.8,72,0.476,563.0,861.7,9,0.7071067811865476,-0.7071067811865475,224,-0.655156357209085,-0.7554933140726804,287.0
node_3_5,2026-08-12 10:00:00,30.976593405140783,71.12113667424644,0.4379097558572376,720.3018797748714,937.7291635311736,43.327678063478004,27.1,69,0.473,740.0,861.9,10,0.49999999999999994,-0.8660254037844387,224,-0.655156357209085,-0.7554933140726804,287.0
node_3_5,2026-08-12 11:00:00,32.275362998882876,64.01640569274356,0.4364621205200747,825.2936831378573,937.3182802700069,43.327678063478004,28.2,62,0.477,851.0,861.6,11,0.258819045102521,-0.9659258262890682,224,-0.655156357209085,-0.7554933140726804,287.0
node_3_5,2026-08-12 12:00:00,32.26365966005755,65.4640385461634,0.43313152105490804,832.1110485044032,937.2404568725653,43.327678063478004,27.4,66,0.474,838.0,861.4,12,1.2246467991473532e-16,-1.0,224,-0.655156357209085,-0.7554933140726804,287.0
node_3_5,2026-08-12 13:00:00,32.19836017584856,65.56877035558064,0.4304662213223248,797.9795125470366,936.4182801872154,43.327678063478004,28.3,65,0.47,837.0,861.2,13,-0.2588190451025208,-0.9659258262890683,224,-0.655156357209085,-0.7554933140726804,287.0
node_3_5,2026-08-12 14:00:00,32.53142003957379,64.677602967248,0.42802268844324076,777.9753885631842,936.0404568725654,43.327678063478004,28.3,66,0.469,720.0,860.6,14,-0.4999999999999997,-0.8660254037844388,224,-0.655156357209085,-0.7554933140726804,287.0
node_3_5,2026-08-12 15:00:00,32.36489006631545,65.00820243241459,0.4256920889780741,616.4826559920712,935.6404568725654,43.327678063478004,27.9,69,0.467,651.0,860.1,15,-0.7071067811865471,-0.7071067811865479,224,-0.655156357209085,-0.7554933140726804,287.0
node_3_5,2026-08-12 16:00:00,31.1979504267893,72.12113419050335,0.42602268761532636,442.0555254940732,935.273926899307,43.327678063478004,26.9,74,0.466,475.0,859.6,16,-0.8660254037844384,-0.5000000000000004,224,-0.655156357209085,-0.7554933140726804,287.0
node_3_5,2026-08-12 17:00:00,30.52094743817212,79.44763119759108,0.41491385500365896,259.52366235874365,935.3626335579153,43.327678063478004,26.2,74,0.455,269.0,859.6,17,-0.9659258262890683,-0.25881904510252063,224,-0.655156357209085,-0.7554933140726804,287.0
node_3_5,2026-08-12 18:00:00,28.810064342588255,90.56056461150857,0.41791385417574456,90.00410494182192,936.1956934216406,43.327678063478004,24.4,83,0.454,109.0,860.2,18,-1.0,-1.8369701987210297e-16,224,-0.655156357209085,-0.7554933140726804,287.0
node_3_5,2026-08-12 19:00:00,27.83224111072962,92.44762954176235,0.4189138541757446,6.334700267416705,937.040046709549,43.327678063478004,23.1,89,0.454,8.0,860.6,19,-0.9659258262890684,0.2588190451025203,224,-0.655156357209085,-0.7554933140726804,287.0
node_3_5,2026-08-12 20:00:00,27.31006434258826,92.7782298348433,0.4195791539083279,0.0,937.7287533681571,43.327678063478004,22.6,92,0.454,0.0,861.4,20,-0.8660254037844386,0.5000000000000001,224,-0.655156357209085,-0.7554933140726804,287.0
node_3_5,2026-08-12 21:00:00,26.921357518397134,93.77823149067203,0.41980092076182707,0.0,938.4287534509485,43.327678063478004,22.2,94,0.454,0.0,861.9,21,-0.7071067811865477,0.7071067811865474,224,-0.655156357209085,-0.7554933140726804,287.0
node_3_5,2026-08-12 22:00:00,26.621767515830705,93.66529807675455,0.420357387882743,0.0,938.7844001630402,43.327678063478004,21.6,97,0.455,0.0,862.0,22,-0.5000000000000004,0.8660254037844384,224,-0.655156357209085,-0.7554933140726804,287.0
node_3_5,2026-08-12 23:00:00,26.81170433232256,92.54416388625118,0.41513562020132944,0.0,938.4956935872234,43.327678063478004,22.2,97,0.453,0.0,862.0,23,-0.25881904510252157,0.9659258262890681,224,-0.655156357209085,-0.7554933140726804,287.0
node_3_5,2026-08-13 00:00:00,26.333881017672482,93.65709812808304,0.4153573870548287,0.0,938.3848103260566,43.327678063478004,21.3,100,0.453,0.0,861.5,0,0.0,1.0,225,-0.6680638642135333,-0.7441039398713608,287.0
node_3_5,2026-08-13 01:00:00,26.056057703022404,93.77003154200052,0.41591385417574456,0.0,937.9626336407066,43.327678063478004,21.0,100,0.453,0.0,861.0,1,0.25881904510252074,0.9659258262890683,225,-0.6680638642135333,-0.7441039398713608,287.0
node_3_5,2026-08-13 02:00:00,25.700411073722243,94.21766522333472,0.4165791539083279,0.0,937.3069870114066,43.327678063478004,21.0,99,0.453,0.0,860.6,2,0.49999999999999994,0.8660254037844387,225,-0.6680638642135333,-0.7441039398713608,287.0
node_3_5,2026-08-13 03:00:00,25.567351127205587,94.21766522333472,0.41713562102924384,0.0,936.9404570381482,43.327678063478004,20.8,100,0.453,0.0,860.1,3,0.7071067811865475,0.7071067811865476,225,-0.6680638642135333,-0.7441039398713608,287.0
node_3_5,2026-08-13 04:00:00,25.18952781255551,94.9958983698355,0.41713562102924384,0.0,936.9069870114065,43.327678063478004,20.7,100,0.453,0.0,860.2,4,0.8660254037844386,0.5000000000000001,225,-0.6680638642135333,-0.7441039398713608,287.0
node_3_5,2026-08-13 05:00:00,26.12340775393932,90.87886580949662,0.41568798817582403,0.0,936.65175037954,43.327678063478004,20.6,97,0.453,0.0,859.5,5,0.9659258262890683,0.25881904510252074,225,-0.6680638642135333,-0.7441039398713608,287.0
node_3_5,2026-08-13 06:00:00,26.434291097897493,90.1047326373316,0.41568798817582403,22.3347002674167,937.0182803527982,43.327678063478004,21.0,96,0.453,25.0,860.0,6,1.0,6.123233995736766e-17,225,-0.6680638642135333,-0.7441039398713608,287.0
node_3_5,2026-08-13 07:00:00,27.778644551388773,88.32649700708771,0.41568798817582403,157.43942876517644,937.3404569553568,43.327678063478004,22.6,89,0.453,164.0,860.9,7,0.9659258262890683,-0.25881904510252063,225,-0.6680638642135333,-0.7441039398713608,287.0
node_3_5,2026-08-13 08:00:00,29.211294417680417,79.32649700708772,0.4153532879084073,352.31828960718684,937.3961036674483,43.327678063478004,24.2,82,0.452,342.0,861.2,8,0.8660254037844387,-0.4999999999999998,225,-0.6680638642135333,-0.7441039398713608,287.0
node_3_5,2026-08-13 09:00:00,30.410474091647522,72.44353122325533,0.4133532879084073,538.4148206400182,937.2069869286152,43.327678063478004,26.0,73,0.45,558.0,861.3,9,0.7071067811865476,-0.7071067811865475,225,-0.6680638642135333,-0.7441039398713608,287.0
node_3_5,2026-08-13 10:00:00,31.343123792356298,66.89116656041826,0.4113532879084073,697.5154475076134,937.4073970088401,43.327678063478004,27.3,68,0.448,719.0,861.6,10,0.49999999999999994,-0.8660254037844387,225,-0.6680638642135333,-0.7441039398713608,287.0
node_3_5,2026-08-13 11:00:00,32.12135718723138,63.22176602558484,0.40790975502932325,786.3984166031034,937.7517502967486,43.327678063478004,27.1,67,0.445,826.0,862.0,11,0.258819045102521,-0.9659258262890682,225,-0.6680638642135333,-0.7441039398713608,287.0
node_3_5,2026-08-13 12:00:00,31.40082140232157,67.21356110942713,0.4079056525712444,808.8460643589818,937.3517502139571,43.327678063478004,27.8,64,0.442,873.0,861.6,12,1.2246467991473532e-16,-1.0,225,-0.6680638642135333,-0.7441039398713608,287.0
node_3_5,2026-08-13 13:00:00,31.577003899322975,69.217663567506,0.4091274177689148,751.812918678615,936.6400467095489,43.327678063478004,25.5,77,0.445,793.0,860.3,13,-0.2588190451025208,-0.9659258262890683,225,-0.6680638642135333,-0.7441039398713608,287.0
node_3_5,2026-08-13 14:00:00,31.154416968165172,71.99999999999999,0.4075709514759134,669.5296381355354,935.9739269820985,43.327678063478004,27.6,69,0.45,685.0,860.5,14,-0.4999999999999997,-0.8660254037844388,225,-0.6680638642135333,-0.7441039398713608,287.0
node_3_5,2026-08-13 15:00:00,29.756877780680988,77.54826551641567,0.4088974509667441,555.7227035128556,935.6291635311736,43.327678063478004,25.6,81,0.454,529.0,859.4,15,-0.7071067811865471,-0.7071067811865479,225,-0.6680638642135333,-0.7441039398713608,287.0
node_3_5,2026-08-13 16:00:00,29.75646761766454,77.66119893033316,0.4093409846737426,393.2996903753951,935.1291634483822,43.327678063478004,25.3,86,0.457,336.0,859.4,16,-0.8660254037844384,-0.5000000000000004,225,-0.6680638642135333,-0.7441039398713608,287.0
node_3_5,2026-08-13 17:00:00,29.611704663488304,79.88296330008929,0.4008728461532434,256.9589886658413,935.1404567897739,43.327678063478004,24.4,83,0.45,266.0,859.2,17,-0.9659258262890683,-0.25881904510252063,225,-0.6680638642135333,-0.7441039398713608,287.0
node_3_5,2026-08-13 18:00:00,28.300001159080104,86.99179591175664,0.40120754642066014,104.7741306884219,935.2400467095489,43.327678063478004,22.8,94,0.452,92.0,859.0,18,-1.0,-1.8369701987210297e-16,225,-0.6680638642135333,-0.7441039398713608,287.0
node_3_5,2026-08-13 19:00:00,27.255647871171703,90.43532879084071,0.40154224668807686,6.334700267416705,935.9065768483902,43.327678063478004,22.4,98,0.452,7.0,859.6,19,-0.9659258262890684,0.2588190451025203,225,-0.6680638642135333,-0.7441039398713608,287.0
node_3_5,2026-08-13 20:00:00,26.933471268613214,90.10472932567413,0.4018769469554936,0.0,936.3956935872234,43.327678063478004,22.5,98,0.452,0.0,860.2,20,-0.8660254037844386,0.5000000000000001,225,-0.6680638642135333,-0.7441039398713608,287.0
node_3_5,2026-08-13 21:00:00,26.411294666054733,90.88296247217491,0.4018769469554936,0.0,936.8069870114066,43.327678063478004,22.5,95,0.452,0.0,860.6,21,-0.7071067811865477,0.7071067811865474,225,-0.6680638642135333,-0.7441039398713608,287.0
node_3_5,2026-08-13 22:00:00,26.111704829071176,91.2135619373415,0.4024334140764095,0.0,936.6626338062895,43.327678063478004,22.3,94,0.452,0.0,860.3,22,-0.5000000000000004,0.8660254037844384,225,-0.6680638642135333,-0.7441039398713608,287.0
node_3_5,2026-08-13 23:00:00,26.712524741146893,87.43122716067623,0.39642521412773796,0.0,936.1626337234982,43.327678063478004,22.3,94,0.454,0.0,859.7,23,-0.25881904510252157,0.9659258262890681,225,-0.6680638642135333,-0.7441039398713608,287.0
node_3_5,2026-08-14 00:00:00,25.83511158951326,90.09652772117389,0.3967599143951547,0.0,935.807397174423,43.327678063478004,21.5,98,0.454,0.0,859.3,0,0.0,1.0,226,-0.680773409477016,-0.732494071613579,287.0
node_3_5,2026-08-14 01:00:00,25.235111755096135,92.09652772117389,0.3970946146625714,0.0,935.685220654656,43.327678063478004,21.2,100,0.454,0.0,859.3,1,0.25881904510252074,0.9659258262890683,226,-0.680773409477016,-0.732494071613579,287.0
node_3_5,2026-08-14 02:00:00,24.87987520602099,93.0965277211739,0.39787284780907217,0.0,935.5517506279143,43.327678063478004,21.1,100,0.454,0.0,859.1,2,0.49999999999999994,0.8660254037844387,226,-0.680773409477016,-0.732494071613579,287.0
node_3_5,2026-08-14 03:00:00,24.7133453155541,93.31829457467312,0.3984293149299881,0.0,935.1521607909307,43.327678063478004,20.9,99,0.454,0.0,858.7,3,0.7071067811865475,0.7071067811865476,226,-0.680773409477016,-0.732494071613579,287.0
node_3_5,2026-08-14 04:00:00,24.65769868625394,92.43122798859059,0.3987640151974048,0.0,935.3186908469806,43.327678063478004,21.0,98,0.454,0.0,858.7,4,0.8660254037844386,0.5000000000000001,226,-0.680773409477016,-0.732494071613579,287.0
node_3_5,2026-08-14 05:00:00,24.954416885373732,96.00000082791435,0.40086055202563675,0.0,935.7956938355978,43.327678063478004,20.4,100,0.463,0.0,858.7,5,0.9659258262890683,0.25881904510252074,226,-0.680773409477016,-0.732494071613579,287.0
node_3_5,2026-08-14 06:00:00,25.088297075131855,96.66529973258328,0.4024170191465527,11.891167388332631,936.0509303018814,43.327678063478004,20.4,100,0.471,12.0,859.1,6,1.0,6.123233995736766e-17,226,-0.680773409477016,-0.732494071613579,287.0
node_3_5,2026-08-14 07:00:00,25.912113998590385,94.8870665860825,0.4021952522930534,86.44763119759108,936.618280683964,43.327678063478004,20.9,99,0.472,112.0,859.4,7,0.9659258262890683,-0.25881904510252063,226,-0.680773409477016,-0.732494071613579,287.0
node_3_5,2026-08-14 08:00:00,26.222177016515662,90.77003154200052,0.4034170183186383,193.83785199159485,937.3626339718724,43.327678063478004,21.1,98,0.482,249.0,860.2,8,0.8660254037844387,-0.4999999999999998,226,-0.680773409477016,-0.732494071613579,287.0
node_3_5,2026-08-14 09:00:00,26.220536447241305,91.66939970691902,0.40531638648355683,309.98958250276365,938.1073973400058,43.327678063478004,21.8,94,0.483,252.0,860.7,9,0.7071067811865476,-0.7071067811865475,226,-0.680773409477016,-0.732494071613579,287.0
node_3_5,2026-08-14 10:00:00,27.031419625616607,87.00820243241458,0.40520755387188945,341.14792840348036,938.2517506279142,43.327678063478004,23.4,87,0.481,477.0,861.5,10,0.49999999999999994,-0.8660254037844387,226,-0.680773409477016,-0.732494071613579,287.0
node_3_5,2026-08-14 11:00:00,27.044763864882032,82.21766605124908,0.407106924520551,365.84794347309526,938.8630440520974,43.327678063478004,23.0,89,0.48,425.0,861.9,11,0.258819045102521,-0.9659258262890682,226,-0.680773409477016,-0.732494071613579,287.0
node_3_5,2026-08-14 12:00:00,26.854827048390185,84.44353287908406,0.40632869054613585,309.14795241299703,938.9739273132641,43.327678063478004,22.1,98,0.493,376.0,861.7,12,1.2246467991473532e-16,-1.0,226,-0.680773409477016,-0.732494071613579,287.0
node_3_5,2026-08-14 13:00:00,27.05523704582376,83.99999999999999,0.40655455737397084,347.49464066222936,938.5295740253558,43.327678063478004,22.1,99,0.5,299.0,861.2,13,-0.2588190451025208,-0.9659258262890683,226,-0.680773409477016,-0.732494071613579,287.0
node_3_5,2026-08-14 14:00:00,27.187476749098956,84.44763368133418,0.40688925681347315,323.8069271714504,938.1517506279143,43.327678063478004,22.2,98,0.5,250.0,860.8,14,-0.4999999999999997,-0.8660254037844388,226,-0.680773409477016,-0.732494071613579,287.0
node_3_5,2026-08-14 15:00:00,26.64435386744846,87.88296412800364,0.4081069212088935,255.96089427321448,937.4295739425643,43.327678063478004,21.9,100,0.502,216.0,860.3,15,-0.7071067811865471,-0.7071067811865479,226,-0.680773409477016,-0.732494071613579,287.0
node_3_5,2026-08-14 16:00:00,26.677823894190126,87.88296412800364,0.40821575299264656,195.01232062086638,936.5848104916395,43.327678063478004,22.1,99,0.5,183.0,859.8,16,-0.8660254037844384,-0.5000000000000004,226,-0.680773409477016,-0.732494071613579,287.0
node_3_5,2026-08-14 17:00:00,26.754827048390183,85.11293258600311,0.40853815747662786,144.89116904416136,936.3291637795479,43.327678063478004,22.6,88,0.508,103.0,859.8,17,-0.9659258262890683,-0.25881904510252063,226,-0.680773409477016,-0.732494071613579,287.0
node_3_5,2026-08-14 18:00:00,26.032650528623133,91.1129325860031,0.4080946237696294,63.47224760189293,935.9517506279144,43.327678063478004,21.9,93,0.502,76.0,858.9,18,-1.0,-1.8369701987210297e-16,226,-0.680773409477016,-0.732494071613579,287.0
node_3_5,2026-08-14 19:00:00,25.210473843273213,96.11293258600311,0.40765109006263095,4.334701095331072,936.1408673667476,43.327678063478004,21.1,97,0.498,6.0,859.0,19,-0.9659258262890684,0.2588190451025203,226,-0.680773409477016,-0.732494071613579,287.0
node_3_5,2026-08-14 20:00:00,24.910473843273213,96.7782323185864,0.4074293232091317,0.0,936.8295740253558,43.327678063478004,21.2,96,0.496,0.0,859.7,20,-0.8660254037844386,0.5000000000000001,226,-0.680773409477016,-0.732494071613579,287.0
node_3_5,2026-08-14 21:00:00,24.788297075131855,97.11293341391747,0.40720755635563255,0.0,937.2739273132643,43.327678063478004,21.1,96,0.493,0.0,860.2,21,-0.7071067811865477,0.7071067811865474,226,-0.680773409477016,-0.732494071613579,287.0
node_3_5,2026-08-14 22:00:00,24.810473677690343,96.11293341391747,0.4074293223812174,0.0,937.5517506279143,43.327678063478004,20.8,96,0.491,0.0,860.4,22,-0.5000000000000004,0.8660254037844384,226,-0.680773409477016,-0.732494071613579,287.0
node_3_5,2026-08-14 23:00:00,25.200000662331483,95.55646546508719,0.40365519169279546,0.0,937.3517506279143,43.327678063478004,20.8,100,0.485,0.0,860.2,23,-0.25881904510252157,0.9659258262890681,226,-0.680773409477016,-0.732494071613579,287.0
node_3_5,2026-08-15 00:00:00,24.73388085208961,96.66529807675455,0.40343342483929623,0.0,936.8739273132642,43.327678063478004,20.4,100,0.484,0.0,859.7,0,0.0,1.0,227,-0.6932812268869771,-0.7206671495538615,287.0
node_3_5,2026-08-15 01:00:00,24.33388101767248,97.10883095583863,0.403211657985797,0.0,936.518280683964,43.327678063478004,20.0,100,0.483,0.0,859.2,1,0.25881904510252074,0.9659258262890683,227,-0.6932812268869771,-0.7206671495538615,287.0
node_3_5,2026-08-15 02:00:00,24.100410990930808,97.33059780933785,0.4029898911322978,0.0,936.573927478847,43.327678063478004,19.7,100,0.483,0.0,859.0,2,0.49999999999999994,0.8660254037844387,227,-0.6932812268869771,-0.7206671495538615,287.0
node_3_5,2026-08-15 03:00:00,23.900410990930812,96.9958983698355,0.4034334240113818,0.0,936.3852208202389,43.327678063478004,19.5,100,0.482,0.0,858.7,3,0.7071067811865475,0.7071067811865476,227,-0.6932812268869771,-0.7206671495538615,287.0
node_3_5,2026-08-15 04:00:00,23.745174441855667,96.88296495591801,0.4035463574252993,0.0,936.7299842711636,43.327678063478004,19.6,100,0.481,0.0,859.1,4,0.8660254037844386,0.5000000000000001,227,-0.6932812268869771,-0.7206671495538615,287.0
node_3_5,2026-08-15 05:00:00,24.355647540005954,97.32649783500209,0.40709872126022206,0.0,936.584810574431,43.327678063478004,20.2,99,0.492,0.0,859.4,5,0.9659258262890683,0.25881904510252074,227,-0.6932812268869771,-0.7206671495538615,287.0
node_3_5,2026-08-15 06:00:00,24.733880934881046,96.2135644210846,0.40709872126022206,19.00409997433575,937.1739273960557,43.327678063478004,20.4,99,0.491,20.0,860.0,6,1.0,6.123233995736766e-17,227,-0.6932812268869771,-0.7206671495538615,287.0
node_3_5,2026-08-15 07:00:00,25.88870732093974,91.44353039534096,0.40709872126022206,142.55646132551536,938.1295741081474,43.327678063478004,21.4,94,0.49,143.0,860.8,7,0.9659258262890683,-0.25881904510252063,227,-0.6932812268869771,-0.7206671495538615,287.0
node_3_5,2026-08-15 08:00:00,26.154006556774412,88.66940136274778,0.4077722225973056,271.5974577572154,938.5961039158228,43.327678063478004,22.5,87,0.488,309.0,861.5,8,0.8660254037844387,-0.4999999999999998,227,-0.6932812268869771,-0.7206671495538615,287.0
node_3_5,2026-08-15 09:00:00,27.48788674653253,82.67350299291225,0.4075504557438064,463.77002077911374,938.5739273132642,43.327678063478004,24.1,79,0.487,468.0,861.9,9,0.7071067811865476,-0.7071067811865475,227,-0.6932812268869771,-0.7206671495538615,287.0
node_3_5,2026-08-15 10:00:00,28.787476583516085,77.23817254624278,0.4055504557438064,633.1621446967475,938.5295739425644,43.327678063478004,25.0,76,0.485,628.0,862.0,10,0.49999999999999994,-0.8660254037844387,227,-0.6932812268869771,-0.7206671495538615,287.0
node_3_5,2026-08-15 11:00:00,29.608833108415983,74.67760462307673,0.4067681201392267,692.4371847233518,938.4961038330313,43.327678063478004,26.1,69,0.481,780.0,862.1,11,0.258819045102521,-0.9659258262890682,227,-0.6932812268869771,-0.7206671495538615,287.0
node_3_5,2026-08-15 12:00:00,29.097950095623553,76.78643557891537,0.40721575382056097,596.913898055206,937.5852205718645,43.327678063478004,25.6,71,0.479,707.0,861.1,12,1.2246467991473532e-16,-1.0,227,-0.6932812268869771,-0.7206671495538615,287.0
node_3_5,2026-08-15 13:00:00,29.7326504458317,74.10883261166737,0.4053286872344784,761.3510976810167,937.0517504623314,43.327678063478004,25.5,71,0.478,623.0,860.5,13,-0.2588190451025208,-0.9659258262890683,227,-0.6932812268869771,-0.7206671495538615,287.0
node_3_5,2026-08-15 14:00:00,29.588707403731174,74.32649700708772,0.40465928587173067,677.1416464808975,935.885220489073,43.327678063478004,25.4,73,0.477,539.0,859.6,14,-0.4999999999999997,-0.8660254037844388,227,-0.6932812268869771,-0.7206671495538615,287.0
node_3_5,2026-08-15 15:00:00,29.77700381653154,73.11293341391747,0.40321165136248205,591.2750797664938,935.0182803527982,43.327678063478004,25.7,71,0.475,589.0,858.9,15,-0.7071067811865471,-0.7071067811865479,227,-0.6932812268869771,-0.7206671495538615,287.0
node_3_5,2026-08-15 16:00:00,29.31047384327321,74.4476336813342,0.4016551842415662,444.1457431435758,934.3069870114066,43.327678063478004,25.5,73,0.473,361.0,858.1,16,-0.8660254037844384,-0.5000000000000004,227,-0.6932812268869771,-0.7206671495538615,287.0
node_3_5,2026-08-15 17:00:00,27.579054797196655,89.54826303267257,0.3959816903557119,279.6693972231759,934.2404570381482,43.327678063478004,23.7,88,0.457,236.0,857.9,17,-0.9659258262890683,-0.25881904510252063,227,-0.6932812268869771,-0.7206671495538615,287.0
node_3_5,2026-08-15 18:00:00,27.011704415113996,94.4435320511697,0.396425223234796,90.99589671400676,934.7069869286152,43.327678063478004,22.1,94,0.459,95.0,858.0,18,-1.0,-1.8369701987210297e-16,227,-0.6932812268869771,-0.7206671495538615,287.0
node_3_5,2026-08-15 19:00:00,26.267351044414152,95.33059863725221,0.396425223234796,4.999999999999999,935.2739271476812,43.327678063478004,21.5,98,0.46,6.0,858.5,19,-0.9659258262890684,0.2588190451025203,227,-0.6932812268869771,-0.7206671495538615,287.0
node_3_5,2026-08-15 20:00:00,25.94476419604778,95.44353287908406,0.396425223234796,0.0,935.9961038330314,43.327678063478004,21.2,98,0.46,0.0,859.1,20,-0.8660254037844386,0.5000000000000001,227,-0.6932812268869771,-0.7206671495538615,287.0
node_3_5,2026-08-15 21:00:00,25.622177513264283,95.55646629300155,0.3972034563812968,0.0,936.4961038330313,43.327678063478004,20.8,99,0.461,0.0,859.5,21,-0.7071067811865477,0.7071067811865474,227,-0.6932812268869771,-0.7206671495538615,287.0
node_3_5,2026-08-15 22:00:00,25.122177513264283,96.77823314650077,0.397425223234796,0.0,936.5182806011727,43.327678063478004,20.6,98,0.463,0.0,859.5,22,-0.5000000000000004,0.8660254037844384,227,-0.6932812268869771,-0.7206671495538615,287.0
node_3_5,2026-08-15 23:00:00,25.611294252097547,95.77003236991489,0.3900864221651291,0.0,935.8073972572145,43.327678063478004,20.4,99,0.455,0.0,858.6,23,-0.25881904510252157,0.9659258262890681,227,-0.6932812268869771,-0.7206671495538615,287.0
node_3_5,2026-08-16 00:00:00,24.911704415113995,96.99179839549974,0.3923040882163783,0.0,935.6739273132644,43.327678063478004,19.9,100,0.459,0.0,858.3,0,0.0,1.0,228,-0.7055836101071774,-0.70862667826446,287.0
node_3_5,2026-08-16 01:00:00,24.333880852089607,96.99589919774986,0.39729588661187804,0.0,935.1404572865225,43.327678063478004,20.0,100,0.46,0.0,858.0,1,0.25881904510252074,0.9659258262890683,228,-0.7055836101071774,-0.70862667826446,287.0
node_3_5,2026-08-16 02:00:00,23.90041082534794,97.99589919774986,0.39740882002579553,0.0,934.5848106572223,43.327678063478004,19.8,100,0.461,0.0,857.5,2,0.49999999999999994,0.8660254037844387,228,-0.7055836101071774,-0.70862667826446,287.0
node_3_5,2026-08-16 03:00:00,23.645174276272794,97.99589919774986,0.3971870531722963,0.0,934.2517507107059,43.327678063478004,19.6,100,0.461,0.0,857.1,3,0.7071067811865475,0.7071067811865476,228,-0.7055836101071774,-0.70862667826446,287.0
node_3_5,2026-08-16 04:00:00,23.412114412547574,97.43943207683394,0.3969652863187971,0.0,934.3852208202388,43.327678063478004,19.6,100,0.461,0.0,857.3,4,0.8660254037844386,0.5000000000000001,228,-0.7055836101071774,-0.70862667826446,287.0
node_3_5,2026-08-16 05:00:00,24.53347093744747,99.10883261166735,0.39541291420473074,0.0,934.1517507107056,43.327678063478004,20.5,99,0.476,0.0,857.2,5,0.9659258262890683,0.25881904510252074,228,-0.7055836101071774,-0.70862667826446,287.0
node_3_5,2026-08-16 06:00:00,24.76694096418914,98.66529890466892,0.396078213937314,16.89116738833263,935.0073974227973,43.327678063478004,20.4,99,0.476,20.0,857.7,6,1.0,6.123233995736766e-17,228,-0.7055836101071774,-0.70862667826446,287.0
node_3_5,2026-08-16 07:00:00,25.411294252097548,96.4435320511697,0.3990741114792351,98.58928678554672,935.4739273132642,43.327678063478004,21.0,96,0.475,133.0,858.5,7,0.9659258262890683,-0.25881904510252063,228,-0.7055836101071774,-0.70862667826446,287.0
node_3_5,2026-08-16 08:00:00,26.189527564181205,92.77413234425065,0.39951764435831927,230.36529079268155,935.9073973400059,43.327678063478004,22.1,94,0.475,312.0,859.2,8,0.8660254037844387,-0.4999999999999998,228,-0.7055836101071774,-0.70862667826446,287.0
node_3_5,2026-08-16 09:00:00,27.30082082278151,88.22176768141358,0.39940471011648737,425.06338369663587,936.0517506279143,43.327678063478004,23.7,84,0.475,512.0,859.4,9,0.7071067811865476,-0.7071067811865475,228,-0.7055836101071774,-0.70862667826446,287.0
node_3_5,2026-08-16 10:00:00,27.795489531482048,84.01640403691482,0.4081028154391572,540.7372466497729,936.1291638623393,43.327678063478004,24.8,80,0.476,637.0,859.4,10,0.49999999999999994,-0.8660254037844387,228,-0.7055836101071774,-0.70862667826446,287.0
node_3_5,2026-08-16 11:00:00,27.8193060409834,84.7987412973232,0.41601858764099053,586.2978178845965,935.9073974227973,43.327678063478004,24.7,77,0.48,768.0,859.1,11,0.258819045102521,-0.9659258262890682,228,-0.7055836101071774,-0.70862667826446,287.0
node_3_5,2026-08-16 12:00:00,28.054827131181618,84.79053555325112,0.4218050215640773,658.811049499474,936.0182805183813,43.327678063478004,24.5,81,0.482,774.0,859.3,12,1.2246467991473532e-16,-1.0,228,-0.7055836101071774,-0.70862667826446,287.0
node_3_5,2026-08-16 13:00:00,27.474953167032176,86.12523582066783,0.43563656596774397,613.3328153579025,935.6400471235061,43.327678063478004,25.3,76,0.481,769.0,859.0,13,-0.2588190451025208,-0.9659258262890683,228,-0.7055836101071774,-0.70862667826446,287.0
node_3_5,2026-08-16 14:00:00,27.296309277974885,87.12933827874667,0.4411971372025675,453.15050508435564,934.8404571209397,43.327678063478004,24.0,82,0.483,579.0,858.0,14,-0.4999999999999997,-0.8660254037844388,228,-0.7055836101071774,-0.70862667826446,287.0
node_3_5,2026-08-16 15:00:00,26.33388110046392,95.55646463717282,0.44982962554966355,325.172276746052,934.3961038330312,43.327678063478004,24.3,84,0.485,640.0,857.9,15,-0.7071067811865471,-0.7071067811865479,228,-0.7055836101071774,-0.70862667826446,287.0
node_3_5,2026-08-16 16:00:00,26.42217734768141,95.6693980510903,0.4519261598941524,296.57885852542364,934.1739272304727,43.327678063478004,23.8,88,0.487,296.0,857.5,16,-0.8660254037844384,-0.5000000000000004,228,-0.7055836101071774,-0.70862667826446,287.0
node_3_5,2026-08-16 17:00:00,26.643943870014883,92.22586599992059,0.4107125996126397,154.94667715203292,934.5295739425644,43.327678063478004,23.2,85,0.498,238.0,857.8,17,-0.9659258262890683,-0.25881904510252063,228,-0.7055836101071774,-0.70862667826446,287.0
node_3_5,2026-08-16 18:00:00,25.47782414256444,96.8911657325039,0.41148673112897594,74.89116656041827,934.6956937528063,43.327678063478004,21.7,96,0.499,76.0,857.6,18,-1.0,-1.8369701987210297e-16,228,-0.7055836101071774,-0.70862667826446,287.0
node_3_5,2026-08-16 19:00:00,24.96571064072267,97.66939887900466,0.4133778976893942,4.334700267416706,935.3182806011727,43.327678063478004,20.4,99,0.514,4.0,858.0,19,-0.9659258262890684,0.2588190451025203,228,-0.7055836101071774,-0.70862667826446,287.0
node_3_5,2026-08-16 20:00:00,24.47700389932298,98.89116656041824,0.43305961387760783,0.0,936.1852208202389,43.327678063478004,20.6,98,0.513,0.0,858.8,20,-0.8660254037844386,0.5000000000000001,228,-0.7055836101071774,-0.70862667826446,287.0
node_3_5,2026-08-16 21:00:00,24.31088384070679,98.4435320511697,0.44303910407095665,0.0,936.4513406304808,43.327678063478004,20.6,99,0.512,0.0,859.2,21,-0.7071067811865477,0.7071067811865474,228,-0.7055836101071774,-0.70862667826446,287.0
node_3_5,2026-08-16 22:00:00,24.05482696559875,98.11293341391747,0.44226496841504853,0.0,936.7295741909387,43.327678063478004,20.5,98,0.507,0.0,859.4,22,-0.5000000000000004,0.8660254037844384,228,-0.7055836101071774,-0.70862667826446,287.0
node_3_5,2026-08-16 23:00:00,24.522177182098538,98.44353287908406,0.4400472982242276,0.0,935.806987259781,43.327678063478004,20.1,99,0.515,0.0,858.5,23,-0.25881904510252157,0.9659258262890681,228,-0.7055836101071774,-0.70862667826446,287.0
node_3_5,2026-08-17 00:00:00,24.355647126048773,97.77413234425065,0.43959556208481465,0.0,935.7404573693141,43.327678063478004,19.9,100,0.509,0.0,858.3,0,0.0,1.0,229,-0.7176769136759615,-0.6963762255968726,287.0
node_3_5,2026-08-17 01:00:00,24.188707072565432,98.77823314650075,0.43948262784298275,0.0,935.3852206546559,43.327678063478004,19.7,100,0.506,0.0,857.7,1,0.25881904510252074,0.9659258262890683,229,-0.7176769136759615,-0.6963762255968726,287.0
node_3_5,2026-08-17 02:00:00,24.222177099307103,98.77823314650075,0.4380349933337342,0.0,934.9739273132641,43.327678063478004,19.5,100,0.517,0.0,857.5,2,0.49999999999999994,0.8660254037844387,229,-0.7176769136759615,-0.6963762255968726,287.0
node_3_5,2026-08-17 03:00:00,24.2104735948989,98.44353287908406,0.43636559279890075,0.0,934.7961039986141,43.327678063478004,19.4,100,0.513,0.0,857.2,3,0.7071067811865475,0.7071067811865476,229,-0.7176769136759615,-0.6963762255968726,287.0
node_3_5,2026-08-17 04:00:00,24.144353784657024,97.77413234425065,0.4354744254105681,0.0,934.6517507107058,43.327678063478004,19.5,99,0.514,0.0,857.1,4,0.8660254037844386,0.5000000000000001,229,-0.7176769136759615,-0.6963762255968726,287.0
node_3_5,2026-08-17 05:00:00,24.62135710443995,98.99999999999997,0.4187763184320695,0.0,934.9852207374474,43.327678063478004,20.7,98,0.494,0.0,857.8,5,0.9659258262890683,0.25881904510252074,229,-0.7176769136759615,-0.6963762255968726,287.0
node_3_5,2026-08-17 06:00:00,24.75482713118162,98.33469943950232,0.41899808528556876,13.54826634433005,935.7517507107057,43.327678063478004,20.4,97,0.501,9.0,858.4,6,1.0,6.123233995736766e-17,229,-0.7176769136759615,-0.6963762255968726,287.0
node_3_5,2026-08-17 07:00:00,25.455237211406633,96.89116656041826,0.4188851526995656,115.21356773274205,935.7739273960556,43.327678063478004,20.7,97,0.503,74.0,858.4,7,0.9659258262890683,-0.25881904510252063,229,-0.7176769136759615,-0.6963762255968726,287.0
node_3_5,2026-08-17 08:00:00,25.531830037007367,95.22997011382817,0.4232280562273113,267.40251906118226,936.3182807667555,43.327678063478004,21.3,97,0.503,211.0,858.8,8,0.8660254037844387,-0.4999999999999998,229,-0.7176769136759615,-0.6963762255968726,287.0
node_3_5,2026-08-17 09:00:00,26.042303300740524,92.45583776957751,0.42467568990864546,406.78643143934346,936.7852208202389,43.327678063478004,22.4,92,0.501,423.0,859.5,9,0.7071067811865476,-0.7071067811865475,229,-0.7176769136759615,-0.6963762255968726,287.0
node_3_5,2026-08-17 10:00:00,27.05195632123223,86.58107359024535,0.4266838906852313,525.6798138924978,937.0852207374475,43.327678063478004,24.2,82,0.499,595.0,860.2,10,0.49999999999999994,-0.8660254037844387,229,-0.7176769136759615,-0.6963762255968726,287.0
node_3_5,2026-08-17 11:00:00,28.797539767024233,77.45993774391327,0.42201449015039794,647.9303145108363,937.1408673667477,43.327678063478004,24.9,76,0.498,535.0,860.3,11,0.258819045102521,-0.9659258262890682,229,-0.7176769136759615,-0.6963762255968726,287.0
node_3_5,2026-08-17 12:00:00,29.09877042165645,77.00410080225011,0.4199015559085661,716.1479789062566,936.8073972572145,43.327678063478004,24.9,78,0.495,722.0,860.1,12,1.2246467991473532e-16,-1.0,229,-0.7176769136759615,-0.6963762255968726,287.0
node_3_5,2026-08-17 13:00:00,29.13265077699744,77.55646629300155,0.4181233219341509,620.3776966887275,936.2186906813977,43.327678063478004,22.9,91,0.506,578.0,859.2,13,-0.2588190451025208,-0.9659258262890683,229,-0.7176769136759615,-0.6963762255968726,287.0
node_3_5,2026-08-17 14:00:00,28.27823447116376,83.21356276525586,0.41967978739923817,493.70824647903225,935.6295737769816,43.327678063478004,22.4,92,0.512,557.0,858.2,14,-0.4999999999999997,-0.8660254037844388,229,-0.7176769136759615,-0.6963762255968726,287.0
node_3_5,2026-08-17 15:00:00,27.656467369290233,87.10063183508147,0.42145392139931753,458.2340220691307,935.1513403821064,43.327678063478004,23.8,85,0.514,553.0,858.5,15,-0.7071067811865471,-0.7071067811865479,229,-0.7176769136759615,-0.6963762255968726,287.0
node_3_5,2026-08-17 16:00:00,25.94394271093477,91.55647043257338,0.4356757006715322,315.1702908309853,934.9182805183812,43.327678063478004,22.3,95,0.511,320.0,857.9,16,-0.8660254037844384,-0.5000000000000004,229,-0.7176769136759615,-0.6963762255968726,287.0
node_3_5,2026-08-17 17:00:00,25.70000033116574,96.11293424183184,0.4655873604803143,150.8810618322879,935.1287536993229,43.327678063478004,21.5,98,0.504,159.0,858.1,17,-0.9659258262890683,-0.25881904510252063,229,-0.7176769136759615,-0.6963762255968726,287.0
node_3_5,2026-08-17 18:00:00,25.600820657198643,97.77823397441513,0.4583696944290653,68.01229826717852,935.3178703553647,43.327678063478004,20.5,98,0.509,58.0,858.1,18,-1.0,-1.8369701987210297e-16,229,-0.7176769136759615,-0.6963762255968726,287.0
node_3_5,2026-08-17 19:00:00,24.788707320939743,98.10473180941723,0.45481732811039943,3.5564671209159258,935.9735171502477,43.327678063478004,20.0,100,0.516,3.0,859.0,19,-0.9659258262890684,0.2588190451025203,229,-0.7176769136759615,-0.6963762255968726,287.0
node_3_5,2026-08-17 20:00:00,24.46653063558982,98.66529973258328,0.4581602299823163,0.0,936.7956939183891,43.327678063478004,20.1,100,0.514,0.0,859.6,20,-0.8660254037844386,0.5000000000000001,229,-0.7176769136759615,-0.6963762255968726,287.0
node_3_5,2026-08-17 21:00:00,24.410883923498226,98.10883261166735,0.45859966123123597,0.0,937.1956939183891,43.327678063478004,20.1,100,0.511,0.0,860.0,21,-0.7071067811865477,0.7071067811865474,229,-0.7176769136759615,-0.6963762255968726,287.0
node_3_5,2026-08-17 22:00:00,24.222177264889975,98.33059946516657,0.4593737935754866,0.0,937.5178706037391,43.327678063478004,20.1,99,0.51,0.0,860.1,22,-0.5000000000000004,0.8660254037844384,229,-0.7176769136759615,-0.6963762255968726,287.0
node_3_5,2026-08-17 23:00:00,25.056057206273785,94.99179839549974,0.4629302623522313,0.0,936.9739273132643,43.327678063478004,20.5,96,0.518,0.0,859.5,23,-0.25881904510252157,0.9659258262890681,229,-0.7176769136759615,-0.6963762255968726,287.0
node_3_5,2026-08-18 00:00:00,24.488297075131857,96.66529973258328,0.45915202837781616,0.0,936.9408674495389,43.327678063478004,20.2,99,0.506,0.0,859.2,0,0.0,1.0,230,-0.7295575540864876,-0.6839194216246105,287.0
node_3_5,2026-08-18 01:00:00,24.121357021648514,97.99999999999999,0.46082142808473514,0.0,936.496104164197,43.327678063478004,20.0,97,0.512,0.0,858.6,1,0.25881904510252074,0.9659258262890683,230,-0.7295575540864876,-0.6839194216246105,287.0
node_3_5,2026-08-18 02:00:00,23.866120306990496,98.66529973258328,0.46336559528264387,0.0,936.3517508762885,43.327678063478004,19.9,98,0.52,0.0,858.3,2,0.49999999999999994,0.8660254037844387,230,-0.7295575540864876,-0.6839194216246105,287.0
node_3_5,2026-08-18 03:00:00,23.69918033629859,98.99999999999997,0.46402269175489813,0.0,936.0404574521054,43.327678063478004,19.7,100,0.519,0.0,858.0,3,0.7071067811865475,0.7071067811865476,230,-0.7295575540864876,-0.6839194216246105,287.0
node_3_5,2026-08-18 04:00:00,23.432240117232375,98.55646712091591,0.4634621221759034,0.0,936.374337724655,43.327678063478004,19.9,100,0.508,0.0,858.5,4,0.8660254037844386,0.5000000000000001,230,-0.7295575540864876,-0.6839194216246105,287.0
node_3_5,2026-08-18 05:00:00,23.876593322349347,97.891168216247,0.4563779010010517,0.0,936.0073975055886,43.327678063478004,19.8,99,0.518,0.0,858.5,5,0.9659258262890683,0.25881904510252074,230,-0.7295575540864876,-0.6839194216246105,287.0
node_3_5,2026-08-18 06:00:00,23.787476666307523,98.00410163016447,0.46992205991981667,5.004100802250119,936.5739275616386,43.327678063478004,20.0,98,0.517,2.0,858.7,6,1.0,6.123233995736766e-17,230,-0.7295575540864876,-0.6839194216246105,287.0
node_3_5,2026-08-18 07:00:00,23.820946775840632,98.3347002674167,0.46982553054281406,13.66530552798385,936.5743376418636,43.327678063478004,20.2,99,0.498,25.0,858.9,7,0.9659258262890683,-0.25881904510252063,230,-0.7295575540864876,-0.6839194216246105,287.0
node_3_5,2026-08-18 08:00:00,24.054826882807312,98.89116656041824,0.46627726668222713,48.907579704391125,937.2630443004717,43.327678063478004,20.6,96,0.512,96.0,859.7,8,0.8660254037844387,-0.4999999999999998,230,-0.7295575540864876,-0.6839194216246105,287.0
node_3_5,2026-08-18 09:00:00,24.255237045823762,98.89116656041824,0.46295077133096807,64.22178837927271,937.9186910125634,43.327678063478004,20.7,98,0.509,122.0,860.2,9,0.7071067811865476,-0.7071067811865475,230,-0.7295575540864876,-0.6839194216246105,287.0
node_3_5,2026-08-18 10:00:00,24.554826882807312,99.1129325860031,0.47226496096381926,115.5195607285792,938.4630442176804,43.327678063478004,21.2,100,0.506,174.0,860.7,10,0.49999999999999994,-0.8660254037844387,230,-0.7295575540864876,-0.6839194216246105,287.0
node_3_5,2026-08-18 11:00:00,24.48829715792329,97.66939970691904,0.46893026400806004,113.34105173480623,938.9961041641969,43.327678063478004,20.9,96,0.503,198.0,861.4,11,0.258819045102521,-0.9659258262890682,230,-0.7295575540864876,-0.6839194216246105,287.0
node_3_5,2026-08-18 12:00:00,24.91129400372324,95.33059780933785,0.46947852538490387,195.58489308413536,938.4517507934971,43.327678063478004,21.4,93,0.506,225.0,861.1,12,1.2246467991473532e-16,-1.0,230,-0.7295575540864876,-0.6839194216246105,287.0
node_3_5,2026-08-18 13:00:00,25.333470689073156,93.66529807675455,0.4599343648103101,222.84168142045726,938.0517507934971,43.327678063478004,22.0,91,0.504,378.0,860.8,13,-0.2588190451025208,-0.9659258262890683,230,-0.7295575540864876,-0.6839194216246105,287.0
node_3_5,2026-08-18 14:00:00,25.54394395280632,93.11293093017437,0.4620390941359843,236.29150367335345,937.4073974227972,43.327678063478004,23.0,86,0.502,428.0,860.3,14,-0.4999999999999997,-0.8660254037844388,230,-0.7295575540864876,-0.6839194216246105,287.0
node_3_5,2026-08-18 15:00:00,25.97823422278945,91.66119479076133,0.46203909330806997,287.1845501757996,936.7739273132642,43.327678063478004,23.3,84,0.499,347.0,860.1,15,-0.7071067811865471,-0.7071067811865479,230,-0.7295575540864876,-0.6839194216246105,287.0
node_3_5,2026-08-18 16:00:00,26.055237542572378,90.44352873951223,0.4595955604289858,250.21136674246452,936.2739273132642,43.327678063478004,23.0,85,0.497,215.0,859.6,16,-0.8660254037844384,-0.5000000000000004,230,-0.7295575540864876,-0.6839194216246105,287.0
node_3_5,2026-08-18 17:00:00,25.866530966755565,94.99999668834252,0.45171669875906095,161.26277570391477,936.4961039158227,43.327678063478004,21.9,97,0.495,161.0,859.7,17,-0.9659258262890683,-0.25881904510252063,230,-0.7295575540864876,-0.6839194216246105,287.0
node_3_5,2026-08-18 18:00:00,25.622587676280734,95.66119644659007,0.45182142974056394,33.04100967832993,936.8961039158227,43.327678063478004,21.3,99,0.495,54.0,860.0,18,-1.0,-1.8369701987210297e-16,230,-0.7295575540864876,-0.6839194216246105,287.0
node_3_5,2026-08-18 19:00:00,25.3560577030224,95.54826386058694,0.4513737952313153,1.3347002674167066,937.7626338890809,43.327678063478004,21.2,98,0.495,1.0,860.7,19,-0.9659258262890684,0.2588190451025203,230,-0.7295575540864876,-0.6839194216246105,287.0
node_3_5,2026-08-18 20:00:00,25.13347093744747,95.6611981024188,0.45259145962673575,0.0,938.1404572865225,43.327678063478004,20.8,98,0.496,0.0,860.8,20,-0.8660254037844386,0.5000000000000001,230,-0.7295575540864876,-0.6839194216246105,287.0
node_3_5,2026-08-18 21:00:00,24.977414145130865,94.88706575816813,0.4517002922384031,0.0,938.5961039986141,43.327678063478004,20.5,96,0.496,0.0,861.3,21,-0.7071067811865477,0.7071067811865474,230,-0.7295575540864876,-0.6839194216246105,287.0
node_3_5,2026-08-18 22:00:00,24.76653088396413,94.55236466283706,0.4519179574617378,0.0,938.7404572865225,43.327678063478004,20.1,98,0.495,0.0,861.2,22,-0.5000000000000004,0.8660254037844384,230,-0.7295575540864876,-0.6839194216246105,287.0
node_3_5,2026-08-18 23:00:00,24.866120720947677,95.55646712091591,0.45324445446882555,0.0,938.2739273132642,43.327678063478004,20.2,99,0.496,0.0,860.8,23,-0.25881904510252157,0.9659258262890681,230,-0.7295575540864876,-0.6839194216246105,287.0
node_2_2,2026-08-01 00:00:00,17.093925852995547,93.79511195534499,0.43552951216405655,0.0,805.219826104385,43.33225933833202,28.6,84,0.354,0.0,968.7,0,0.0,1.0,213,-0.5012418134457756,-0.8653072543632061,249.0
node_2_2,2026-08-01 01:00:00,17.171265366122938,92.4647331210889,0.43542108479271024,0.0,805.1193164323633,43.33225933833202,28.5,83,0.354,0.0,968.6,1,0.25881904510252074,0.9659258262890683,213,-0.5012418134457756,-0.8653072543632061,249.0
node_2_2,2026-08-01 02:00:00,16.76084363812985,94.23857156676371,0.4358645444041289,0.0,804.7966559454907,43.33225933833202,28.2,85,0.354,0.0,968.3,2,0.49999999999999994,0.8660254037844387,213,-0.5012418134457756,-0.8653072543632061,249.0
node_2_2,2026-08-01 03:00:00,16.238604160398786,95.56895040101983,0.4359729717754752,0.0,804.2960576105888,43.33225933833202,27.9,87,0.354,0.0,968.4,3,0.7071067811865475,0.7071067811865476,213,-0.5012418134457756,-0.8653072543632061,249.0
node_2_2,2026-08-01 04:00:00,15.793238855213492,94.79045854952875,0.4351944799239842,0.0,803.9501383019417,43.33225933833202,27.5,85,0.354,0.0,968.3,4,0.8660254037844386,0.5000000000000001,213,-0.5012418134457756,-0.8653072543632061,249.0
node_2_2,2026-08-01 05:00:00,16.307228287358562,95.66585438872934,0.4213115505307545,0.0,804.697630958094,43.33225933833202,26.6,94,0.351,0.0,968.4,5,0.9659258262890683,0.25881904510252074,213,-0.5012418134457756,-0.8653072543632061,249.0
node_2_2,2026-08-01 06:00:00,16.36250564851524,95.88736253723826,0.4331729861525063,21.556983702982155,804.975391480363,43.33225933833202,25.9,96,0.402,14.0,968.7,6,1.0,6.123233995736766e-17,213,-0.5012418134457756,-0.8653072543632061,249.0
node_2_2,2026-08-01 07:00:00,17.18445711142502,94.77383844567484,0.4363820842885767,154.412592724724,805.3651027466901,43.33225933833202,26.7,94,0.402,84.0,968.6,7,0.9659258262890683,-0.25881904510252063,213,-0.5012418134457756,-0.8653072543632061,249.0
node_2_2,2026-08-01 08:00:00,18.50474656394941,91.23679830916026,0.43593773804835634,354.5100967758432,806.0321978575848,43.33225933833202,28.4,88,0.399,247.0,969.3,8,0.8660254037844387,-0.4999999999999998,213,-0.5012418134457756,-0.8653072543632061,249.0
node_2_2,2026-08-01 09:00:00,19.47221835254551,86.11817749737972,0.4350508188255189,533.9719525395049,806.4445696107846,43.33225933833202,29.9,77,0.396,421.0,969.1,9,0.7071067811865476,-0.7071067811865475,213,-0.5012418134457756,-0.8653072543632061,249.0
node_2_2,2026-08-01 10:00:00,20.561840955992505,79.66452444552678,0.43394239145417257,670.2961221813634,806.7682937731407,43.33225933833202,30.7,74,0.393,553.0,968.9,10,0.49999999999999994,-0.8660254037844387,213,-0.5012418134457756,-0.8653072543632061,249.0
node_2_2,2026-08-01 11:00:00,20.475808082878256,80.65100754247888,0.4395947289398541,752.3642163145881,806.8146340909293,43.33225933833202,31.8,70,0.388,734.0,968.7,11,0.258819045102521,-0.9659258262890682,213,-0.5012418134457756,-0.8653072543632061,249.0
node_2_2,2026-08-01 12:00:00,21.005876597053774,77.89711266327166,0.43771290643723376,775.2786098671367,806.3802445171989,43.33225933833202,31.6,69,0.385,762.0,968.2,12,1.2246467991473532e-16,-1.0,213,-0.5012418134457756,-0.8653072543632061,249.0
node_2_2,2026-08-01 13:00:00,20.358339609461375,82.8002086755621,0.43973839003831927,727.521608996338,805.33381553653,43.33225933833202,32.1,67,0.381,782.0,967.6,13,-0.2588190451025208,-0.9659258262890683,213,-0.5012418134457756,-0.8653072543632061,249.0
node_2_2,2026-08-01 14:00:00,20.32867007824663,82.00554003461797,0.4451838431691491,602.7086851826763,805.0250114874822,43.33225933833202,31.9,66,0.378,699.0,966.8,14,-0.4999999999999997,-0.8660254037844388,213,-0.5012418134457756,-0.8653072543632061,249.0
node_2_2,2026-08-01 15:00:00,19.859957288406683,84.01662010385391,0.4454155447580922,460.9255612764235,804.1348348805735,43.33225933833202,31.4,69,0.376,487.0,966.3,15,-0.7071067811865471,-0.7071067811865479,213,-0.5012418134457756,-0.8653072543632061,249.0
node_2_2,2026-08-01 16:00:00,20.182617775279287,80.90309601229048,0.444312214106963,377.0449810623668,804.3364082280788,43.33225933833202,30.9,71,0.374,415.0,966.0,16,-0.8660254037844384,-0.5000000000000004,213,-0.5012418134457756,-0.8653072543632061,249.0
node_2_2,2026-08-01 17:00:00,20.46144197303173,83.57360380683608,0.4219427712557746,222.16278433971556,804.6936356144422,43.33225933833202,29.9,86,0.314,241.0,965.9,17,-0.9659258262890683,-0.25881904510252063,213,-0.5012418134457756,-0.8653072543632061,249.0
node_2_2,2026-08-01 18:00:00,19.43924682674075,88.79045854952874,0.4193755941123582,102.19602454742336,804.4807098577804,43.33225933833202,29.2,89,0.315,99.0,966.3,18,-1.0,-1.8369701987210297e-16,213,-0.5012418134457756,-0.8653072543632061,249.0
node_2_2,2026-08-01 19:00:00,18.228359758166032,93.9039826410922,0.41759200554064996,13.561193794397552,804.413060743424,43.33225933833202,29.1,87,0.316,13.0,966.9,19,-0.9659258262890684,0.2588190451025203,213,-0.5012418134457756,-0.8653072543632061,249.0
node_2_2,2026-08-01 20:00:00,17.860887969569934,93.46007971527263,0.41669998959759547,0.0,804.7332615330683,43.33225933833202,28.7,89,0.317,0.0,967.2,20,-0.8660254037844386,0.5000000000000001,213,-0.5012418134457756,-0.8653072543632061,249.0
node_2_2,2026-08-01 21:00:00,17.39337184953375,94.23812825236286,0.4159214977461044,0.0,805.142021250676,43.33225933833202,28.4,89,0.317,0.0,968.1,21,-0.7071067811865477,0.7071067811865474,213,-0.5012418134457756,-0.8653072543632061,249.0
node_2_2,2026-08-01 22:00:00,17.014547651781303,94.68114454938069,0.4158079736545409,0.0,805.1513349717454,43.33225933833202,28.2,88,0.318,0.0,968.4,22,-0.5000000000000004,0.8660254037844384,213,-0.5012418134457756,-0.8653072543632061,249.0
node_2_2,2026-08-01 23:00:00,17.514591983221393,90.2427816581791,0.4114756013008737,0.0,804.7410019066325,43.33225933833202,28.7,83,0.309,0.0,967.8,23,-0.25881904510252157,0.9659258262890681,213,-0.5012418134457756,-0.8653072543632061,249.0
node_2_2,2026-08-02 00:00:00,16.546566191163492,92.79422532654328,0.41125364983796386,0.0,804.1940632539422,43.33225933833202,28.1,86,0.309,0.0,967.9,0,0.0,1.0,214,-0.5160623910158526,-0.8565509959010037,249.0
node_2_2,2026-08-02 01:00:00,15.913062967156254,94.12416084639855,0.41347094789505745,0.0,804.0038423155931,43.33225933833202,27.8,89,0.31,0.0,968.2,1,0.25881904510252074,0.9659258262890683,214,-0.5160623910158526,-0.8565509959010037,249.0
node_2_2,2026-08-02 02:00:00,14.87964840602919,97.44899964603668,0.4238867073333863,0.0,803.3125133703206,43.33225933833202,26.1,95,0.323,0.0,968.7,2,0.49999999999999994,0.8660254037844387,214,-0.5160623910158526,-0.8565509959010037,249.0
node_2_2,2026-08-02 03:00:00,14.858982275803347,96.66541107432849,0.42477185329862027,0.0,803.3136213772443,43.33225933833202,25.1,94,0.343,0.0,969.0,3,0.7071067811865475,0.7071067811865476,214,-0.5160623910158526,-0.8565509959010037,249.0
node_2_2,2026-08-02 04:00:00,14.79252983125067,97.67006448014476,0.4321909361995628,0.0,803.9352181886335,43.33225933833202,25.0,96,0.401,0.0,969.1,4,0.8660254037844386,0.5000000000000001,214,-0.5160623910158526,-0.8565509959010037,249.0
node_2_2,2026-08-02 05:00:00,15.287898451615181,96.1181774973797,0.44015968672048056,0.0,803.3677907314775,43.33225933833202,27.7,93,0.408,0.0,968.6,5,0.9659258262890683,0.25881904510252074,214,-0.5160623910158526,-0.8565509959010037,249.0
node_2_2,2026-08-02 06:00:00,15.377144377360722,97.3401289602895,0.4389386218863725,31.357192378544262,803.8121366926192,43.33225933833202,27.4,94,0.404,22.0,968.9,6,1.0,6.123233995736766e-17,214,-0.5160623910158526,-0.8565509959010037,249.0
node_2_2,2026-08-02 07:00:00,16.825745040436622,95.67050779454561,0.4374956055893547,153.822368814034,805.4394728905675,43.33225933833202,28.0,91,0.4,132.0,969.1,7,0.9659258262890683,-0.25881904510252063,214,-0.5160623910158526,-0.8565509959010037,249.0
node_2_2,2026-08-02 08:00:00,18.073525711410216,92.34057227469035,0.4373829681265929,339.8728263982199,806.4326188667264,43.33225933833202,28.7,86,0.397,306.0,969.4,8,0.8660254037844387,-0.4999999999999998,214,-0.5160623910158526,-0.8565509959010037,249.0
node_2_2,2026-08-02 09:00:00,19.685387792588273,83.21641142829182,0.43571844368106616,518.544751790607,807.0233938085371,43.33225933833202,29.9,82,0.393,483.0,969.5,9,0.7071067811865476,-0.7071067811865475,214,-0.5160623910158526,-0.8565509959010037,249.0
node_2_2,2026-08-02 10:00:00,20.584833789126474,77.99445996538203,0.433940395143976,634.3817416075128,807.1800671914386,43.33225933833202,30.9,75,0.389,602.0,969.4,10,0.49999999999999994,-0.8660254037844387,214,-0.5160623910158526,-0.8565509959010037,249.0
node_2_2,2026-08-02 11:00:00,21.142393521751192,78.32528211403901,0.43305015245852485,705.9158960142435,807.5929929481001,43.33225933833202,31.6,72,0.382,736.0,969.5,11,0.258819045102521,-0.9659258262890682,214,-0.5160623910158526,-0.8565509959010037,249.0
node_2_2,2026-08-02 12:00:00,21.650222558195644,76.78447520050992,0.432159023144272,816.0270607387214,807.2472509652133,43.33225933833202,31.9,72,0.379,712.0,968.8,12,1.2246467991473532e-16,-1.0,214,-0.5160623910158526,-0.8565509959010037,249.0
node_2_2,2026-08-02 13:00:00,21.1268307421009,77.6820311781824,0.43327343386463724,783.6897877848046,806.6245018154607,43.33225933833202,32.0,73,0.376,635.0,968.6,13,-0.2588190451025208,-0.9659258262890683,214,-0.5160623910158526,-0.8565509959010037,249.0
node_2_2,2026-08-02 14:00:00,21.52556771467628,77.02127350967018,0.4351658931220926,672.5773070710518,805.8353888840353,43.33225933833202,32.4,69,0.373,685.0,967.5,14,-0.4999999999999997,-0.8660254037844388,214,-0.5160623910158526,-0.8565509959010037,249.0
node_2_2,2026-08-02 15:00:00,21.0924411683705,77.57825721265232,0.4356246428941626,530.2320572487051,805.492062266937,43.33225933833202,32.7,67,0.37,590.0,966.9,15,-0.7071067811865471,-0.7071067811865479,214,-0.5160623910158526,-0.8565509959010037,249.0
node_2_2,2026-08-02 16:00:00,20.637208138653907,80.68712789839952,0.44231598088397756,370.3487508446589,805.0364082280788,43.33225933833202,32.1,69,0.369,449.0,966.5,16,-0.8660254037844384,-0.5000000000000004,214,-0.5160623910158526,-0.8565509959010037,249.0
node_2_2,2026-08-02 17:00:00,19.60902329206421,88.11862081178057,0.4310995722464712,231.07193000460921,805.8038356852347,43.33225933833202,29.9,90,0.35,265.0,966.9,17,-0.9659258262890683,-0.25881904510252063,214,-0.5160623910158526,-0.8565509959010037,249.0
node_2_2,2026-08-02 18:00:00,18.354011919548054,96.1139674059643,0.4390683255581745,105.21457465788953,805.2688477766025,43.33225933833202,28.7,90,0.362,95.0,967.4,18,-1.0,-1.8369701987210297e-16,214,-0.5160623910158526,-0.8565509959010037,249.0
node_2_2,2026-08-02 19:00:00,17.68594179605007,98.1139674059643,0.44062309268915245,13.458749772070046,805.4001793182026,43.33225933833202,27.8,93,0.365,9.0,968.4,19,-0.9659258262890684,0.2588190451025203,214,-0.5160623910158526,-0.8565509959010037,249.0
node_2_2,2026-08-02 20:00:00,17.49775954578804,97.10842737134635,0.4429780684956923,0.0,806.1563873605226,43.33225933833202,27.0,96,0.374,0.0,968.9,20,-0.8660254037844386,0.5000000000000001,214,-0.5160623910158526,-0.8565509959010037,249.0
node_2_2,2026-08-02 21:00:00,17.375054727475348,98.33503224007238,0.4408645444041289,0.0,806.5883172370245,43.33225933833202,26.8,95,0.376,0.0,969.7,21,-0.7071067811865477,0.7071067811865474,214,-0.5160623910158526,-0.8565509959010037,249.0
node_2_2,2026-08-02 22:00:00,17.230199094311768,97.00509672021713,0.43919447992398414,0.0,806.6651470781303,43.33225933833202,26.9,94,0.375,0.0,969.7,22,-0.5000000000000004,0.8660254037844384,214,-0.5160623910158526,-0.8565509959010037,249.0
node_2_2,2026-08-02 23:00:00,17.473016039388504,96.89666934887079,0.42966320287468074,0.0,806.1532849969522,43.33225933833202,28.2,95,0.35,0.0,969.2,23,-0.25881904510252157,0.9659258262890681,214,-0.5160623910158526,-0.8565509959010037,249.0
node_2_2,2026-08-03 00:00:00,16.808048279460877,98.11352409156345,0.4348654310329306,0.0,806.0315995226829,43.33225933833202,27.5,95,0.35,0.0,969.0,0,0.0,1.0,215,-0.5307300481619331,-0.8475409228928312,249.0
node_2_2,2026-08-03 01:00:00,16.341041831446404,98.00044331440087,0.4337514636269663,0.0,805.3980519672355,43.33225933833202,26.5,93,0.392,0.0,969.2,1,0.25881904510252074,0.9659258262890683,215,-0.5307300481619331,-0.8475409228928312,249.0
node_2_2,2026-08-03 02:00:00,15.807028935417453,98.33547555447323,0.4327514636269663,0.0,804.6285414905526,43.33225933833202,26.0,97,0.416,0.0,968.9,2,0.49999999999999994,0.8660254037844387,215,-0.5307300481619331,-0.8475409228928312,249.0
node_2_2,2026-08-03 03:00:00,15.137895136435962,98.89201594305453,0.4319729717754752,0.0,803.6367915361386,43.33225933833202,25.9,98,0.417,0.0,968.0,3,0.7071067811865475,0.7071067811865476,215,-0.5307300481619331,-0.8475409228928312,249.0
node_2_2,2026-08-03 04:00:00,14.769780681497894,98.89201594305453,0.43141643138689395,0.0,802.9682117406189,43.33225933833202,26.0,98,0.413,0.0,968.2,4,0.8660254037844386,0.5000000000000001,215,-0.5307300481619331,-0.8475409228928312,249.0
node_2_2,2026-08-03 05:00:00,15.602818564923503,98.55698370298217,0.41256474868196097,0.0,803.5018479589464,43.33225933833202,27.1,94,0.342,0.0,968.0,5,0.9659258262890683,0.25881904510252074,215,-0.5307300481619331,-0.8475409228928312,249.0
node_2_2,2026-08-03 06:00:00,15.93581211690903,97.89201594305453,0.41256474868196097,29.3567490641434,803.9467479235502,43.33225933833202,26.8,94,0.345,21.0,968.5,6,1.0,6.123233995736766e-17,215,-0.5307300481619331,-0.8475409228928312,249.0
node_2_2,2026-08-03 07:00:00,16.938161125076476,95.10842737134635,0.41577384681803137,128.93161651059768,805.0264141395855,43.33225933833202,27.3,93,0.347,116.0,969.3,7,0.9659258262890683,-0.25881904510252063,215,-0.5307300481619331,-0.8475409228928312,249.0
node_2_2,2026-08-03 08:00:00,18.47527638467578,88.22106483410808,0.41710289570908493,292.96257663350235,806.765656750152,43.33225933833202,28.1,92,0.347,278.0,969.8,8,0.8660254037844387,-0.4999999999999998,215,-0.5307300481619331,-0.8475409228928312,249.0
node_2_2,2026-08-03 09:00:00,19.486495799511864,81.5459036337462,0.4165459120061028,471.52259723370616,807.4455446233878,43.33225933833202,29.1,86,0.347,386.0,969.7,9,0.7071067811865476,-0.7071067811865475,215,-0.5307300481619331,-0.8475409228928312,249.0
node_2_2,2026-08-03 10:00:00,20.03904747479964,80.45276642305123,0.4169944683377386,604.3510764223568,807.4884058999046,43.33225933833202,30.0,84,0.346,490.0,970.2,10,0.49999999999999994,-0.8660254037844387,215,-0.5307300481619331,-0.8475409228928312,249.0
node_2_2,2026-08-03 11:00:00,21.429689422290057,74.77760522268937,0.421577822270608,616.3900499938646,808.1693131171841,43.33225933833202,30.9,81,0.344,634.0,970.2,11,0.258819045102521,-0.9659258262890682,215,-0.5307300481619331,-0.8475409228928312,249.0
node_2_2,2026-08-03 12:00:00,20.705145267831632,79.23812825236284,0.42391374113948216,656.3228183476016,807.4786711696936,43.33225933833202,30.9,80,0.345,674.0,969.7,12,1.2246467991473532e-16,-1.0,215,-0.5307300481619331,-0.8475409228928312,249.0
node_2_2,2026-08-03 13:00:00,21.549070219831965,78.68668458399867,0.42280066036231956,725.8126822007995,807.4353445525952,43.33225933833202,31.9,73,0.346,694.0,969.1,13,-0.2588190451025208,-0.9659258262890683,215,-0.5307300481619331,-0.8475409228928312,249.0
node_2_2,2026-08-03 14:00:00,21.405743602733516,78.46473312108888,0.4223529906594854,689.7010881158483,806.6812195298023,43.33225933833202,32.3,69,0.344,698.0,968.5,14,-0.4999999999999997,-0.8660254037844388,215,-0.5307300481619331,-0.8475409228928312,249.0
node_2_2,2026-08-03 15:00:00,21.471775038144653,80.35209565832716,0.4239002242364342,578.7480654884117,806.1476719743549,43.33225933833202,32.2,67,0.343,527.0,967.6,15,-0.7071067811865471,-0.7071067811865479,215,-0.5307300481619331,-0.8475409228928312,249.0
node_2_2,2026-08-03 16:00:00,19.863480661118576,88.0073132922214,0.43287163743454266,424.3405722746904,805.6249671560422,43.33225933833202,32.1,69,0.344,440.0,967.2,16,-0.8660254037844384,-0.5000000000000004,215,-0.5307300481619331,-0.8475409228928312,249.0
node_2_2,2026-08-03 17:00:00,20.096762227925385,89.90021586407765,0.4050496484221106,251.55020417058606,805.7822832052857,43.33225933833202,31.7,75,0.313,256.0,967.0,17,-0.9659258262890683,-0.25881904510252063,215,-0.5307300481619331,-0.8475409228928312,249.0
node_2_2,2026-08-03 18:00:00,19.406718615336853,93.00731329222141,0.40749820475374643,100.96181703029836,805.558049370908,43.33225933833202,30.8,79,0.313,98.0,967.5,18,-1.0,-1.8369701987210297e-16,215,-0.5307300481619331,-0.8475409228928312,249.0
node_2_2,2026-08-03 19:00:00,18.2527709183042,98.0064266634197,0.41458602219163115,13.226604868726039,805.9347462176934,43.33225933833202,29.8,81,0.314,12.0,968.1,19,-0.9659258262890684,0.2588190451025203,215,-0.5307300481619331,-0.8475409228928312,249.0
node_2_2,2026-08-03 20:00:00,17.753457916086255,98.89157262865368,0.4541275534033822,0.0,806.5104237204354,43.33225933833202,28.7,88,0.32,0.0,969.1,20,-0.8660254037844386,0.5000000000000001,215,-0.5307300481619331,-0.8475409228928312,249.0
node_2_2,2026-08-03 21:00:00,17.38636280519161,97.89201594305453,0.45359317315327274,0.0,807.1316438541231,43.33225933833202,28.1,91,0.328,0.0,970.2,21,-0.7071067811865477,0.7071067811865474,215,-0.5307300481619331,-0.8475409228928312,249.0
node_2_2,2026-08-03 22:00:00,17.10902329206421,98.55698370298217,0.4536042532225087,0.0,806.9991156427191,43.33225933833202,27.3,97,0.341,0.0,970.3,22,-0.5000000000000004,0.8660254037844384,215,-0.5307300481619331,-0.8475409228928312,249.0
node_2_2,2026-08-03 23:00:00,17.264721662362426,98.22704818312691,0.4450729761732053,0.0,807.2435059353011,43.33225933833202,27.0,95,0.371,0.0,970.0,23,-0.25881904510252157,0.9659258262890681,215,-0.5307300481619331,-0.8475409228928312,249.0
node_2_2,2026-08-04 00:00:00,16.72033136978047,99.00044331440088,0.4478477012476818,0.0,806.4208454484285,43.33225933833202,26.6,96,0.372,0.0,969.6,0,0.0,1.0,216,-0.5452404385406507,-0.8382797052177745,249.0
node_2_2,2026-08-04 01:00:00,16.653324921766,98.11352409156345,0.445956571933429,0.0,806.019781772945,43.33225933833202,26.0,98,0.379,0.0,969.8,1,0.25881904510252074,0.9659258262890683,216,-0.5452404385406507,-0.8382797052177745,249.0
node_2_2,2026-08-04 02:00:00,16.183770113642968,97.44811301723497,0.44373506378492006,0.0,805.3718681076512,43.33225933833202,26.2,97,0.389,0.0,969.6,2,0.49999999999999994,0.8660254037844387,216,-0.5452404385406507,-0.8382797052177745,249.0
node_2_2,2026-08-04 03:00:00,15.860555623308564,97.67050779454561,0.4419570152478299,0.0,805.0151060618693,43.33225933833202,26.1,97,0.388,0.0,969.8,3,0.7071067811865475,0.7071067811865476,216,-0.5452404385406507,-0.8382797052177745,249.0
node_2_2,2026-08-04 04:00:00,15.236875792392539,98.44855633163584,0.44239958823044684,0.0,804.7243754514988,43.33225933833202,26.0,96,0.386,0.0,969.8,4,0.8660254037844386,0.5000000000000001,216,-0.5452404385406507,-0.8382797052177745,249.0
node_2_2,2026-08-04 05:00:00,16.060976632450107,98.44855633163584,0.4121084357437029,0.0,804.7388302242255,43.33225933833202,26.7,97,0.383,0.0,968.9,5,0.9659258262890683,0.25881904510252074,216,-0.5452404385406507,-0.8382797052177745,249.0
node_2_2,2026-08-04 06:00:00,16.38330477306134,98.00509672021713,0.41734434742406146,21.31686193120821,805.5620003831198,43.33225933833202,26.2,97,0.381,19.0,969.6,6,1.0,6.123233995736766e-17,216,-0.5452404385406507,-0.8382797052177745,249.0
node_2_2,2026-08-04 07:00:00,17.02765073420321,97.67050779454561,0.41980265388173066,106.447738797204,806.3182527568797,43.33225933833202,26.2,95,0.38,107.0,970.0,7,0.9659258262890683,-0.25881904510252063,216,-0.5452404385406507,-0.8382797052177745,249.0
node_2_2,2026-08-04 08:00:00,18.161198289650535,92.89666934887079,0.4213642909905291,265.0870026942384,807.0188067603416,43.33225933833202,26.7,93,0.382,281.0,970.7,8,0.8660254037844387,-0.4999999999999998,216,-0.5452404385406507,-0.8382797052177745,249.0
node_2_2,2026-08-04 09:00:00,19.505632913672574,84.78270194290648,0.42025076689896557,446.16596221646245,808.0202914449667,43.33225933833202,27.5,92,0.396,342.0,971.3,9,0.7071067811865476,-0.7071067811865475,216,-0.5452404385406507,-0.8382797052177745,249.0
node_2_2,2026-08-04 10:00:00,20.207117598297625,82.1130807771626,0.4194718317330737,629.8671621287897,808.5105123833155,43.33225933833202,28.8,88,0.395,535.0,971.5,10,0.49999999999999994,-0.8660254037844387,216,-0.5452404385406507,-0.8382797052177745,249.0
node_2_2,2026-08-04 11:00:00,19.263946001700198,90.33680549767581,0.43710045887527293,590.2863113333166,808.2774744998899,43.33225933833202,29.8,83,0.39,606.0,971.1,11,0.258819045102521,-0.9659258262890682,216,-0.5452404385406507,-0.8382797052177745,249.0
node_2_2,2026-08-04 12:00:00,18.75212825196223,94.55831364618473,0.43610333902348575,497.7008650632551,807.909448707832,43.33225933833202,29.0,86,0.398,473.0,971.3,12,1.2246467991473532e-16,-1.0,216,-0.5452404385406507,-0.8382797052177745,249.0
node_2_2,2026-08-04 13:00:00,18.9530812383848,90.33503224007238,0.45393618505256056,507.39202088703,807.6656567501519,43.33225933833202,27.3,89,0.433,462.0,970.6,13,-0.2588190451025208,-0.9659258262890683,216,-0.5452404385406507,-0.8382797052177745,249.0
node_2_2,2026-08-04 14:00:00,19.453302895585228,87.66829122254131,0.45548541214892047,490.50554776937895,807.0445252793444,43.33225933833202,26.6,89,0.437,224.0,969.9,14,-0.4999999999999997,-0.8660254037844388,216,-0.5452404385406507,-0.8382797052177745,249.0
node_2_2,2026-08-04 15:00:00,19.41962234581765,89.44301629701786,0.45426944403502945,415.4023329807054,806.4785381753734,43.33225933833202,27.8,91,0.428,271.0,968.9,15,-0.7071067811865471,-0.7071067811865479,216,-0.5452404385406507,-0.8382797052177745,249.0
node_2_2,2026-08-04 16:00:00,19.262439290894385,90.67981460617811,0.452167000012702,324.3782484171923,805.6563430290824,43.33225933833202,28.0,90,0.421,199.0,968.0,16,-0.8660254037844384,-0.5000000000000004,216,-0.5452404385406507,-0.8382797052177745,249.0
node_2_2,2026-08-04 17:00:00,19.3415958349082,91.11950744058228,0.4380006719485651,215.24670518420248,805.7913752691547,43.33225933833202,29.2,82,0.406,154.0,967.9,17,-0.9659258262890683,-0.25881904510252063,216,-0.5452404385406507,-0.8382797052177745,249.0
node_2_2,2026-08-04 18:00:00,18.26365798687892,95.78403188610905,0.43643859152536585,78.15762410669956,805.6119527365005,43.33225933833202,28.7,86,0.402,99.0,968.1,18,-1.0,-1.8369701987210297e-16,216,-0.5452404385406507,-0.8382797052177745,249.0
node_2_2,2026-08-04 19:00:00,17.619267694296962,98.67050779454561,0.4355465755823113,8.227048183126897,805.7109333924572,43.33225933833202,28.2,89,0.4,11.0,968.7,19,-0.9659258262890684,0.2588190451025203,216,-0.5452404385406507,-0.8382797052177745,249.0
node_2_2,2026-08-04 20:00:00,17.430620103453307,99.55698370298217,0.43431952739918445,0.0,806.2655680872718,43.33225933833202,26.9,90,0.401,0.0,969.3,20,-0.8660254037844386,0.5000000000000001,216,-0.5452404385406507,-0.8382797052177745,249.0
node_2_2,2026-08-04 21:00:00,17.140908837126144,99.2219514629098,0.4335410355476934,0.0,806.5192277694832,43.33225933833202,26.7,94,0.402,0.0,970.0,21,-0.7071067811865477,0.7071067811865474,216,-0.5452404385406507,-0.8382797052177745,249.0
node_2_2,2026-08-04 22:00:00,16.32807174334475,97.89290257185625,0.4364146581292905,0.0,805.7717794447709,43.33225933833202,26.2,97,0.402,0.0,970.1,22,-0.5000000000000004,0.8660254037844384,216,-0.5452404385406507,-0.8382797052177745,249.0
node_2_2,2026-08-04 23:00:00,15.992995171832295,98.55742701738302,0.43629936078012366,0.0,804.7584326789677,43.33225933833202,26.4,97,0.419,0.0,969.7,23,-0.25881904510252157,0.9659258262890681,216,-0.5452404385406507,-0.8382797052177745,249.0
node_2_2,2026-08-05 00:00:00,15.770379016399778,98.89201594305453,0.4355213122430334,0.0,804.0470802698114,43.33225933833202,25.6,98,0.415,0.0,969.0,0,0.0,1.0,217,-0.5595892624101763,-0.828770087174504,249.0
node_2_2,2026-08-05 01:00:00,15.369359672356355,99.33503224007238,0.4342998040945245,0.0,803.4017149646262,43.33225933833202,25.1,98,0.411,0.0,968.5,1,0.25881904510252074,0.9659258262890683,217,-0.5595892624101763,-0.828770087174504,249.0
node_2_2,2026-08-05 02:00:00,15.135856448349116,98.66496775992763,0.4334133281860879,0.0,802.923821448037,43.33225933833202,24.5,99,0.417,0.0,968.3,2,0.49999999999999994,0.8660254037844387,217,-0.5595892624101763,-0.828770087174504,249.0
node_2_2,2026-08-05 03:00:00,14.434283100843896,99.11396740596432,0.43285678779750664,0.0,802.2655747176302,43.33225933833202,24.7,98,0.417,0.0,968.0,3,0.7071067811865475,0.7071067811865476,217,-0.5595892624101763,-0.828770087174504,249.0
node_2_2,2026-08-05 04:00:00,14.814170974079849,99.11352409156346,0.4318567877975067,0.0,802.5903182240296,43.33225933833202,24.8,98,0.414,0.0,967.9,4,0.8660254037844386,0.5000000000000001,217,-0.5595892624101763,-0.828770087174504,249.0
node_2_2,2026-08-05 05:00:00,15.827096730741415,99.2219514629098,0.4252124299710407,0.0,803.1722891167926,43.33225933833202,26.2,96,0.412,0.0,967.4,5,0.9659258262890683,0.25881904510252074,217,-0.5595892624101763,-0.828770087174504,249.0
node_2_2,2026-08-05 06:00:00,16.495720857701194,97.55144366836419,0.4252124299710407,23.217741371494387,804.0068116848433,43.33225933833202,26.1,94,0.414,19.0,968.0,6,1.0,6.123233995736766e-17,217,-0.5595892624101763,-0.828770087174504,249.0
node_2_2,2026-08-05 07:00:00,17.56323697773738,94.2219514629098,0.424547462211113,132.52485317666924,804.7640390712066,43.33225933833202,26.6,92,0.415,96.0,968.4,7,0.9659258262890683,-0.25881904510252063,217,-0.5595892624101763,-0.828770087174504,249.0
node_2_2,2026-08-05 08:00:00,18.62977808517023,90.45365305185294,0.42354746221111306,285.74658437777134,805.3769648278682,43.33225933833202,27.6,88,0.411,270.0,968.4,8,0.8660254037844387,-0.4999999999999998,217,-0.5595892624101763,-0.828770087174504,249.0
node_2_2,2026-08-05 09:00:00,19.496274861162995,85.56717714341639,0.4228824944511854,439.0491304317689,805.611531727359,43.33225933833202,28.7,85,0.407,463.0,968.3,9,0.7071067811865476,-0.7071067811865475,217,-0.5595892624101763,-0.828770087174504,249.0
node_2_2,2026-08-05 10:00:00,20.051884568581034,82.23214490334401,0.4219960185427488,454.752718894228,805.6568083696641,43.33225933833202,29.7,82,0.403,636.0,968.1,10,0.49999999999999994,-0.8660254037844387,217,-0.5595892624101763,-0.828770087174504,249.0
node_2_2,2026-08-05 11:00:00,20.550222558195642,82.68624126959782,0.42345011490900264,610.6576303258662,805.7006889902243,43.33225933833202,30.9,78,0.401,763.0,968.0,11,0.258819045102521,-0.9659258262890682,217,-0.5595892624101763,-0.828770087174504,249.0
node_2_2,2026-08-05 12:00:00,19.652371935343428,89.89002242364342,0.43588227418937775,547.7817192871094,804.8239034805588,43.33225933833202,31.2,79,0.401,660.0,966.9,12,1.2246467991473532e-16,-1.0,217,-0.5595892624101763,-0.828770087174504,249.0
node_2_2,2026-08-05 13:00:00,20.106075948994885,86.33813544087839,0.4368975643500291,604.9349821349557,804.4795575194169,43.33225933833202,30.9,81,0.409,476.0,966.3,13,-0.2588190451025208,-0.9659258262890683,217,-0.5595892624101763,-0.828770087174504,249.0
node_2_2,2026-08-05 14:00:00,20.094346862137087,87.4656197498906,0.4352376933103186,515.9805632607321,803.8363195651987,43.33225933833202,27.2,90,0.439,417.0,965.8,14,-0.4999999999999997,-0.8660254037844388,217,-0.5595892624101763,-0.828770087174504,249.0
node_2_2,2026-08-05 15:00:00,20.270157359199345,85.81128874479806,0.43346429817904464,442.43368813433085,803.2352558897151,43.33225933833202,25.7,100,0.438,220.0,965.1,15,-0.7071067811865471,-0.7071067811865479,217,-0.5595892624101763,-0.828770087174504,249.0
node_2_2,2026-08-05 16:00:00,19.15024458437641,89.91594933912984,0.43922971644188863,346.6721270939258,803.0022623377296,43.33225933833202,27.7,93,0.432,252.0,964.8,16,-0.8660254037844384,-0.5000000000000004,217,-0.5595892624101763,-0.828770087174504,249.0
node_2_2,2026-08-05 17:00:00,20.316963017569606,84.24455491578254,0.430914184453883,187.91831428778642,803.6930372795402,43.33225933833202,29.8,84,0.431,197.0,964.9,17,-0.9659258262890683,-0.25881904510252063,217,-0.5595892624101763,-0.828770087174504,249.0
node_2_2,2026-08-05 18:00:00,19.094679208398453,91.01839336145734,0.42902216851082847,102.51769384267112,803.3584703800495,43.33225933833202,29.3,90,0.423,94.0,965.1,18,-1.0,-1.8369701987210297e-16,217,-0.5595892624101763,-0.828770087174504,249.0
node_2_2,2026-08-05 19:00:00,18.03966783588229,95.12504747520026,0.4272436766593374,12.674717885960998,803.6017083342676,43.33225933833202,28.4,93,0.419,11.0,966.0,19,-0.9659258262890684,0.2588190451025203,217,-0.5595892624101763,-0.828770087174504,249.0
node_2_2,2026-08-05 20:00:00,17.383083115860913,95.56208042319926,0.4256866929563552,0.0,803.9872978929811,43.33225933833202,28.1,92,0.416,0.0,966.9,20,-0.8660254037844386,0.5000000000000001,217,-0.5595892624101763,-0.828770087174504,249.0
node_2_2,2026-08-05 21:00:00,16.591887164908698,96.01063675483509,0.42490820110486416,0.0,803.9172334128365,43.33225933833202,27.7,93,0.413,0.0,967.6,21,-0.7071067811865477,0.7071067811865474,217,-0.5595892624101763,-0.828770087174504,249.0
node_2_2,2026-08-05 22:00:00,16.26964768717764,95.89755597767251,0.42390820110486416,0.0,803.6610253705165,43.33225933833202,27.2,95,0.411,0.0,967.6,22,-0.5000000000000004,0.8660254037844384,217,-0.5595892624101763,-0.828770087174504,249.0
node_2_2,2026-08-05 23:00:00,16.02126868130216,97.89201594305453,0.42745078127599667,0.0,802.3672810594556,43.33225933833202,27.7,95,0.416,0.0,967.1,23,-0.25881904510252157,0.9659258262890681,217,-0.5595892624101763,-0.828770087174504,249.0
node_2_2,2026-08-06 00:00:00,15.410381612727441,99.11396740596432,0.42667228942450564,0.0,801.8564383223211,43.33225933833202,26.6,98,0.437,0.0,967.2,0,0.0,1.0,218,-0.5737722679043243,-0.8190148866680802,249.0
node_2_2,2026-08-06 01:00:00,15.68831946075672,95.7877986631236,0.42622882981308685,0.0,801.9234891017755,43.33225933833202,26.1,100,0.435,0.0,966.7,1,0.25881904510252074,0.9659258262890683,218,-0.5737722679043243,-0.8190148866680802,249.0
node_2_2,2026-08-06 02:00:00,16.126365401519273,96.21685474269268,0.42633725718443327,0.0,802.60588100368,43.33225933833202,25.8,99,0.434,0.0,966.9,2,0.49999999999999994,0.8660254037844387,218,-0.5737722679043243,-0.8190148866680802,249.0
node_2_2,2026-08-06 03:00:00,16.32849275248629,95.88137918821946,0.4276676360186894,0.0,802.9527309934904,43.33225933833202,25.7,98,0.438,0.0,966.7,3,0.7071067811865475,0.7071067811865476,218,-0.5737722679043243,-0.8190148866680802,249.0
node_2_2,2026-08-06 04:00:00,16.32909108738817,95.65987103971054,0.42789424088741534,0.0,803.2867438895192,43.33225933833202,25.4,98,0.436,0.0,966.7,4,0.8660254037844386,0.5000000000000001,218,-0.5737722679043243,-0.8190148866680802,249.0
node_2_2,2026-08-06 05:00:00,16.530110431431595,98.67050779454561,0.4217654266352006,0.0,802.9645930746684,43.33225933833202,26.0,96,0.436,0.0,966.1,5,0.9659258262890683,0.25881904510252074,218,-0.5737722679043243,-0.8190148866680802,249.0
node_2_2,2026-08-06 06:00:00,16.53006609999151,99.00044331440088,0.42964281599381227,8.005540034617972,803.7310455192211,43.33225933833202,26.1,96,0.439,6.0,967.2,6,1.0,6.123233995736766e-17,218,-0.5737722679043243,-0.8190148866680802,249.0
node_2_2,2026-08-06 07:00:00,16.76310398341712,98.77893516589195,0.43853350199366425,40.22350166792003,804.4315551912429,43.33225933833202,26.0,96,0.439,38.0,967.9,7,0.9659258262890683,-0.25881904510252063,218,-0.5737722679043243,-0.8190148866680802,249.0
node_2_2,2026-08-06 08:00:00,16.917783009671915,98.4489996460367,0.44609004238224553,90.11286051535491,805.0861898860576,43.33225933833202,26.6,95,0.439,131.0,968.5,8,0.8660254037844387,-0.4999999999999998,218,-0.5737722679043243,-0.8190148866680802,249.0
node_2_2,2026-08-06 09:00:00,16.817140343329946,94.79045854952875,0.4372208501538714,105.41331702294586,805.4634850677448,43.33225933833202,26.2,92,0.439,112.0,969.3,9,0.7071067811865476,-0.7071067811865475,218,-0.5737722679043243,-0.8190148866680802,249.0
node_2_2,2026-08-06 10:00:00,16.573348385649872,96.00642666341969,0.44342706814172905,112.50743130786701,805.519139106603,43.33225933833202,26.3,90,0.439,116.0,969.5,10,0.49999999999999994,-0.8660254037844387,218,-0.5737722679043243,-0.8190148866680802,249.0
node_2_2,2026-08-06 11:00:00,16.70600959137403,95.56208042319926,0.44952663201584375,205.21982254554445,805.3516229865668,43.33225933833202,25.9,95,0.437,135.0,969.6,11,0.258819045102521,-0.9659258262890682,218,-0.5737722679043243,-0.8190148866680802,249.0
node_2_2,2026-08-06 12:00:00,16.60643060051557,95.23214490334401,0.4514117779810777,226.50648395705196,805.319094775163,43.33225933833202,26.0,95,0.436,91.0,969.4,12,1.2246467991473532e-16,-1.0,218,-0.5737722679043243,-0.8190148866680802,249.0
node_2_2,2026-08-06 13:00:00,16.761619298792073,95.23214490334401,0.45362508620856345,214.57037078964683,804.9526423306102,43.33225933833202,26.9,90,0.436,237.0,969.0,13,-0.2588190451025208,-0.9659258262890683,218,-0.5737722679043243,-0.8190148866680802,249.0
node_2_2,2026-08-06 14:00:00,16.861663630232158,97.56252373760015,0.4589430550303811,172.22706953418148,804.5202027820865,43.33225933833202,27.0,92,0.431,194.0,968.3,14,-0.4999999999999997,-0.8660254037844388,218,-0.5737722679043243,-0.8190148866680802,249.0
node_2_2,2026-08-06 15:00:00,16.916896659948748,97.56252373760015,0.4584964922181564,145.2275128485823,804.3541713466753,43.33225933833202,28.0,85,0.426,406.0,967.8,15,-0.7071067811865471,-0.7071067811865479,218,-0.5737722679043243,-0.8190148866680802,249.0
node_2_2,2026-08-06 16:00:00,16.98292809535989,98.00598334901883,0.4618217743321954,131.37751295582837,803.9990269798388,43.33225933833202,27.4,88,0.426,89.0,967.3,16,-0.8660254037844384,-0.5000000000000004,218,-0.5737722679043243,-0.8190148866680802,249.0
node_2_2,2026-08-06 17:00:00,16.214303968400106,97.78403188610906,0.44762973961437974,112.51000912120426,803.687209230101,43.33225933833202,26.6,92,0.427,124.0,967.0,17,-0.9659258262890683,-0.25881904510252063,218,-0.5737722679043243,-0.8190148866680802,249.0
node_2_2,2026-08-06 18:00:00,16.24785152384743,97.44899964603668,0.4481853933741593,35.715934962098764,803.3979633043554,43.33225933833202,26.7,91,0.425,63.0,967.1,18,-1.0,-1.8369701987210297e-16,218,-0.5737722679043243,-0.8190148866680802,249.0
node_2_2,2026-08-06 19:00:00,16.092662825570926,97.78403188610906,0.4484060148938665,6.0046534058162555,803.6530633397517,43.33225933833202,26.0,95,0.422,8.0,967.6,19,-0.9659258262890684,0.2588190451025203,218,-0.5737722679043243,-0.8190148866680802,249.0
node_2_2,2026-08-06 20:00:00,16.170512010720035,96.67516120036186,0.44751909567102915,0.0,804.2190947751628,43.33225933833202,25.9,95,0.419,0.0,968.2,20,-0.8660254037844386,0.5000000000000001,218,-0.5737722679043243,-0.8190148866680802,249.0
node_2_2,2026-08-06 21:00:00,16.31494663474208,95.12283090319598,0.44618960346557474,0.0,804.8960132791489,43.33225933833202,25.8,96,0.417,0.0,968.7,21,-0.7071067811865477,0.7071067811865474,218,-0.5737722679043243,-0.8190148866680802,249.0
node_2_2,2026-08-06 22:00:00,16.148915199330936,95.56629051461466,0.4443031275571382,0.0,805.0955036071271,43.33225933833202,25.8,96,0.416,0.0,969.1,22,-0.5000000000000004,0.8660254037844384,218,-0.5737722679043243,-0.8190148866680802,249.0
node_2_2,2026-08-06 23:00:00,15.614724977541647,97.11862081178057,0.4425131123220103,0.0,804.3712697727492,43.33225933833202,26.1,97,0.418,0.0,968.9,23,-0.25881904510252157,0.9659258262890681,218,-0.5737722679043243,-0.8190148866680802,249.0
node_2_2,2026-08-07 00:00:00,15.250266889635729,98.11352409156345,0.4469428319777879,0.0,804.0835528630687,43.33225933833202,25.7,97,0.416,0.0,968.5,0,0.0,1.0,219,-0.5877852522924734,-0.8090169943749472,249.0
node_2_2,2026-08-07 01:00:00,15.127562071323041,98.11352409156345,0.44638584827480576,0.0,803.6495399670399,43.33225933833202,25.7,96,0.414,0.0,968.2,1,0.25881904510252074,0.9659258262890683,219,-0.5877852522924734,-0.8090169943749472,249.0
node_2_2,2026-08-07 02:00:00,15.117184674770032,98.55698370298217,0.44505635606935134,0.0,803.3835528630688,43.33225933833202,25.6,95,0.412,0.0,967.7,2,0.49999999999999994,0.8660254037844387,219,-0.5877852522924734,-0.8090169943749472,249.0
node_2_2,2026-08-07 03:00:00,14.994989528479055,98.55698370298217,0.44361333977233347,0.0,803.2500496390616,43.33225933833202,25.5,95,0.411,0.0,967.6,3,0.7071067811865475,0.7071067811865476,219,-0.5877852522924734,-0.8090169943749472,249.0
node_2_2,2026-08-07 04:00:00,14.827473408442868,98.89201594305453,0.44250579902978887,0.0,803.0824891875852,43.33225933833202,25.3,95,0.41,0.0,967.6,4,0.8660254037844386,0.5000000000000001,219,-0.5877852522924734,-0.8090169943749472,249.0
node_2_2,2026-08-07 05:00:00,15.749712886173931,99.11352409156346,0.44262973961437974,0.0,803.3398052368289,43.33225933833202,26.1,96,0.417,0.0,967.4,5,0.9659258262890683,0.25881904510252074,219,-0.5877852522924734,-0.8090169943749472,249.0
node_2_2,2026-08-07 06:00:00,15.593549175294092,98.67050779454561,0.44062973961437973,20.493540184788127,803.3943956002033,43.33225933833202,26.3,94,0.415,21.0,967.6,6,1.0,6.123233995736766e-17,219,-0.5877852522924734,-0.8090169943749472,249.0
node_2_2,2026-08-07 07:00:00,16.694701513657773,95.8818225026203,0.43974326370594324,102.12070477661611,804.5640390712067,43.33225933833202,27.6,88,0.413,128.0,968.1,7,0.9659258262890683,-0.25881904510252063,219,-0.5877852522924734,-0.8090169943749472,249.0
node_2_2,2026-08-07 08:00:00,17.23895881191947,94.66075766851223,0.4399703118890701,206.2357127696054,805.1197374415049,43.33225933833202,29.1,77,0.411,304.0,968.5,8,0.8660254037844387,-0.4999999999999998,219,-0.5877852522924734,-0.8090169943749472,249.0
node_2_2,2026-08-07 09:00:00,17.69503385991914,93.77561170327826,0.4410842792950344,257.72215713319434,805.5537060060936,43.33225933833202,29.5,72,0.408,327.0,968.9,9,0.7071067811865476,-0.7071067811865475,219,-0.5877852522924734,-0.8090169943749472,249.0
node_2_2,2026-08-07 10:00:00,18.948405527309227,88.23347484654659,0.4405379323468873,482.84941099248636,805.9207567855482,43.33225933833202,28.8,78,0.408,140.0,969.1,10,0.49999999999999994,-0.8660254037844387,219,-0.5877852522924734,-0.8090169943749472,249.0
node_2_2,2026-08-07 11:00:00,19.97068933648038,81.68579795519695,0.4443062307579442,567.9404781922734,806.2986059706975,43.33225933833202,29.1,81,0.413,201.0,969.2,11,0.258819045102521,-0.9659258262890682,219,-0.5877852522924734,-0.8090169943749472,249.0
node_2_2,2026-08-07 12:00:00,17.64044349654452,94.33591886887409,0.44807918257481727,347.10194556748434,805.7867882209595,43.33225933833202,29.0,80,0.412,113.0,968.8,12,1.2246467991473532e-16,-1.0,219,-0.5877852522924734,-0.8090169943749472,249.0
node_2_2,2026-08-07 13:00:00,17.872462035926706,93.4498862748384,0.45561732960194123,280.1961149928478,805.4429076003992,43.33225933833202,29.7,75,0.41,292.0,968.5,13,-0.2588190451025208,-0.9659258262890683,219,-0.5877852522924734,-0.8090169943749472,249.0
node_2_2,2026-08-07 14:00:00,18.360267608487284,93.33636218327496,0.45716965989910713,396.29958662350236,804.9774301684499,43.33225933833202,30.9,70,0.406,652.0,967.7,14,-0.4999999999999997,-0.8660254037844388,219,-0.5877852522924734,-0.8090169943749472,249.0
node_2_2,2026-08-07 15:00:00,19.182086077076807,89.4540963662538,0.4559472651217965,415.0651560537841,804.7450349513662,43.33225933833202,30.2,73,0.405,305.0,967.0,15,-0.7071067811865471,-0.7071067811865479,219,-0.5877852522924734,-0.8090169943749472,249.0
node_2_2,2026-08-07 16:00:00,19.448760178829914,87.12748430901223,0.453393604881428,324.005925417791,804.7116203902392,43.33225933833202,30.3,74,0.402,319.0,966.6,16,-0.8660254037844384,-0.5000000000000004,219,-0.5877852522924734,-0.8090169943749472,249.0
node_2_2,2026-08-07 17:00:00,18.99594251490162,90.78314525730734,0.4477397171907363,187.10688274790712,804.6021736748494,43.33225933833202,30.3,78,0.404,186.0,966.5,17,-0.9659258262890683,-0.25881904510252063,219,-0.5877852522924734,-0.8090169943749472,249.0
node_2_2,2026-08-07 18:00:00,17.707117598297625,96.1139674059643,0.4513922749382254,88.89195243025567,804.2898905845298,43.33225933833202,29.3,82,0.403,106.0,966.5,18,-1.0,-1.8369701987210297e-16,219,-0.5877852522924734,-0.8090169943749472,249.0
node_2_2,2026-08-07 19:00:00,16.817827341112,98.22749149752777,0.45150070230957173,9.681144549380688,804.4883615684646,43.33225933833202,28.3,86,0.401,11.0,967.1,19,-0.9659258262890684,0.2588190451025203,219,-0.5877852522924734,-0.8090169943749472,249.0
node_2_2,2026-08-07 20:00:00,16.250266889635732,97.22749149752775,0.44905812932695477,0.0,804.487253561541,43.33225933833202,27.7,89,0.401,0.0,967.6,20,-0.8660254037844386,0.5000000000000001,219,-0.5877852522924734,-0.8090169943749472,249.0
node_2_2,2026-08-07 21:00:00,15.715234649563358,97.34057227469035,0.44717209673291913,0.0,804.6392955648071,43.33225933833202,27.6,90,0.4,0.0,968.4,21,-0.7071067811865477,0.7071067811865474,219,-0.5877852522924734,-0.8090169943749472,249.0
node_2_2,2026-08-07 22:00:00,15.536964455272711,96.674717885961,0.44915968672048057,0.0,805.037766548742,43.33225933833202,27.1,92,0.399,0.0,969.1,22,-0.5000000000000004,0.8660254037844384,219,-0.5877852522924734,-0.8090169943749472,249.0
node_2_2,2026-08-07 23:00:00,16.525102374094654,95.7886852919253,0.45790781851247664,0.0,804.9836858573891,43.33225933833202,27.5,90,0.402,0.0,968.5,23,-0.25881904510252157,0.9659258262890681,219,-0.5877852522924734,-0.8090169943749472,249.0
node_2_2,2026-08-08 00:00:00,16.014215305519937,96.67560451476274,0.45325526076498757,0.0,804.8831761853673,43.33225933833202,27.1,91,0.401,0.0,968.7,0,0.0,1.0,220,-0.6016240632249227,-0.7987793728863648,249.0
node_2_2,2026-08-08 01:00:00,15.504990247330609,97.11906412618143,0.4546918503985857,0.0,804.5624657237015,43.33225933833202,27.0,91,0.4,0.0,968.3,1,0.25881904510252074,0.9659258262890683,220,-0.6016240632249227,-0.7987793728863648,249.0
node_2_2,2026-08-08 02:00:00,15.161752293112333,97.00509672021713,0.4565714563292017,0.0,804.3964342882903,43.33225933833202,27.0,92,0.399,0.0,968.1,2,0.49999999999999994,0.8660254037844387,220,-0.6016240632249227,-0.7987793728863648,249.0
node_2_2,2026-08-08 03:00:00,15.093682169614349,96.1181774973797,0.4536918503985857,0.0,803.7392955648071,43.33225933833202,26.9,92,0.398,0.0,967.9,3,0.7071067811865475,0.7071067811865476,220,-0.6016240632249227,-0.7987793728863648,249.0
node_2_2,2026-08-08 04:00:00,15.25924826444386,94.34433905170489,0.4509197852105143,0.0,803.6600060264731,43.33225933833202,26.5,92,0.397,0.0,967.9,4,0.8660254037844386,0.5000000000000001,220,-0.6016240632249227,-0.7987793728863648,249.0
node_2_2,2026-08-08 05:00:00,15.63654344613117,93.349435771922,0.44537742809197495,0.0,804.016258400233,43.33225933833202,27.0,93,0.391,0.0,967.9,5,0.9659258262890683,0.25881904510252074,220,-0.6016240632249227,-0.7987793728863648,249.0
node_2_2,2026-08-08 06:00:00,15.325235368414912,94.1181774973797,0.44925282393117555,28.687571212800375,804.3039309784734,43.33225933833202,27.3,90,0.391,21.0,968.3,6,1.0,6.123233995736766e-17,220,-0.6016240632249227,-0.7987793728863648,249.0
node_2_2,2026-08-08 07:00:00,16.369758655317128,96.01019344043424,0.44947388876528366,163.61498042276818,805.1605600299348,43.33225933833202,28.8,87,0.39,140.0,969.0,7,0.9659258262890683,-0.25881904510252063,220,-0.6016240632249227,-0.7987793728863648,249.0
node_2_2,2026-08-08 08:00:00,17.783504404081004,93.57094392043092,0.4540166891982238,330.9823055197333,806.7527753249303,43.33225933833202,30.2,80,0.389,313.0,969.7,8,0.8660254037844387,-0.4999999999999998,220,-0.6016240632249227,-0.7987793728863648,249.0
node_2_2,2026-08-08 09:00:00,18.574323677331762,89.01817030886417,0.45346657547306224,512.9545418338446,807.3326631981664,43.33225933833202,31.0,75,0.387,490.0,970.3,9,0.7071067811865476,-0.7071067811865475,220,-0.6016240632249227,-0.7987793728863648,249.0
node_2_2,2026-08-08 10:00:00,19.231661752756047,83.8702991189835,0.4536903001935755,638.9285402424173,807.823393808537,43.33225933833202,31.4,74,0.385,553.0,970.3,10,0.49999999999999994,-0.8660254037844387,220,-0.6016240632249227,-0.7987793728863648,249.0
node_2_2,2026-08-08 11:00:00,20.165231334384142,81.74325812437215,0.4566878633597635,805.2159231613612,808.358935720631,43.33225933833202,32.2,70,0.378,723.0,970.2,11,0.258819045102521,-0.9659258262890682,220,-0.6016240632249227,-0.7987793728863648,249.0
node_2_2,2026-08-08 12:00:00,20.828448421046204,77.7700716686603,0.4523630245601254,819.2838661271483,808.2023510006097,43.33225933833202,33.0,63,0.375,785.0,970.2,12,1.2246467991473532e-16,-1.0,220,-0.6016240632249227,-0.7987793728863648,249.0
node_2_2,2026-08-08 13:00:00,21.359536279265143,73.34655562370918,0.4496989434289994,816.8559860325583,807.6693574486242,43.33225933833202,33.0,63,0.372,798.0,969.3,13,-0.2588190451025208,-0.9659258262890683,220,-0.6016240632249227,-0.7987793728863648,249.0
node_2_2,2026-08-08 14:00:00,21.437806473555792,72.89799929207337,0.4462610238521987,753.6378676502475,807.169911452086,43.33225933833202,33.0,63,0.369,766.0,968.6,14,-0.4999999999999997,-0.8660254037844388,220,-0.6016240632249227,-0.7987793728863648,249.0
node_2_2,2026-08-08 15:00:00,21.426963736421158,73.01152338363681,0.4431530397952532,643.9478568128496,806.6925719389585,43.33225933833202,32.8,64,0.366,636.0,968.0,15,-0.7071067811865471,-0.7071067811865479,220,-0.6016240632249227,-0.7987793728863648,249.0
node_2_2,2026-08-08 16:00:00,21.060976632450107,75.01152338363681,0.4410446124239069,507.62361807662114,806.2147670852496,43.33225933833202,32.6,65,0.365,455.0,967.6,16,-0.8660254037844384,-0.5000000000000004,220,-0.6016240632249227,-0.7987793728863648,249.0
node_2_2,2026-08-08 17:00:00,20.55226124628249,82.78403188610905,0.4396202097501541,297.089747444497,806.6600437275546,43.33225933833202,32.3,71,0.391,273.0,968.0,17,-0.9659258262890683,-0.25881904510252063,220,-0.6016240632249227,-0.7987793728863648,249.0
node_2_2,2026-08-08 18:00:00,19.2057879341736,93.01152338363681,0.43862065306455494,111.92082300675378,806.2460986268497,43.33225933833202,31.0,80,0.39,104.0,968.5,18,-1.0,-1.8369701987210297e-16,220,-0.6016240632249227,-0.7987793728863648,249.0
node_2_2,2026-08-08 19:00:00,18.229002424508003,94.67604782916358,0.4382860641388834,10.447669702834101,806.656564686283,43.33225933833202,28.4,86,0.395,9.0,969.0,19,-0.9659258262890684,0.2588190451025203,220,-0.6016240632249227,-0.7987793728863648,249.0
node_2_2,2026-08-08 20:00:00,17.639845161642636,95.78912860632617,0.4375080156017932,0.0,807.087896227883,43.33225933833202,27.2,87,0.394,0.0,969.7,20,-0.8660254037844386,0.5000000000000001,220,-0.6016240632249227,-0.7987793728863648,249.0
node_2_2,2026-08-08 21:00:00,16.972284710166363,95.56252373760013,0.4366215396933566,0.0,807.0961019420289,43.33225933833202,27.3,88,0.393,0.0,970.6,21,-0.7071067811865477,0.7071067811865474,220,-0.6016240632249227,-0.7987793728863648,249.0
node_2_2,2026-08-08 22:00:00,15.813018635716169,96.22749149752777,0.4360649993047753,0.0,806.1012496240446,43.33225933833202,27.1,90,0.392,0.0,971.2,22,-0.5000000000000004,0.8660254037844384,220,-0.6016240632249227,-0.7987793728863648,249.0
node_2_2,2026-08-08 23:00:00,16.15545890309145,95.67516120036186,0.4341530397952532,0.0,805.9781237965904,43.33225933833202,27.9,91,0.401,0.0,970.8,23,-0.25881904510252157,0.9659258262890681,220,-0.6016240632249227,-0.7987793728863648,249.0
node_2_2,2026-08-09 00:00:00,15.655924243673077,96.67560451476274,0.43360159612688903,0.0,805.6672810594556,43.33225933833202,27.4,93,0.399,0.0,970.8,0,0.0,1.0,221,-0.6152845999633277,-0.7883050558305253,249.0
node_2_2,2026-08-09 01:00:00,15.501245217418287,97.11906412618143,0.43305015245852485,0.0,805.2677907314774,43.33225933833202,27.2,93,0.398,0.0,970.3,1,0.25881904510252074,0.9659258262890683,221,-0.6152845999633277,-0.7883050558305253,249.0
node_2_2,2026-08-09 02:00:00,15.469736350057808,97.56252373760015,0.4328286443100159,0.0,805.4249294549605,43.33225933833202,26.9,94,0.397,0.0,970.3,2,0.49999999999999994,0.8660254037844387,221,-0.6152845999633277,-0.7883050558305253,249.0
node_2_2,2026-08-09 03:00:00,15.148006544348455,97.44899964603668,0.43648984529292906,0.0,805.2352625200735,43.33225933833202,26.7,95,0.396,0.0,970.2,3,0.7071067811865475,0.7071067811865476,221,-0.6152845999633277,-0.7883050558305253,249.0
node_2_2,2026-08-09 04:00:00,15.158893612923173,96.44390292581957,0.4367117967558388,0.0,805.3795641497753,43.33225933833202,26.7,95,0.395,0.0,970.3,4,0.8660254037844386,0.5000000000000001,221,-0.6152845999633277,-0.7883050558305253,249.0
node_2_2,2026-08-09 05:00:00,14.998829851629985,94.78824197752445,0.42404416910950604,0.0,804.6410528684312,43.33225933833202,27.7,91,0.38,0.0,970.3,5,0.9659258262890683,0.25881904510252074,221,-0.6152845999633277,-0.7883050558305253,249.0
node_2_2,2026-08-09 06:00:00,14.810049266466073,96.34057227469035,0.42737033785234674,26.139894321450736,804.9740464204167,43.33225933833202,27.8,91,0.381,18.0,970.9,6,1.0,6.123233995736766e-17,221,-0.6152845999633277,-0.7883050558305253,249.0
node_2_2,2026-08-09 07:00:00,16.52450403919277,96.22749149752777,0.42714882970383783,162.9094563721258,806.4899858777683,43.33225933833202,28.4,89,0.381,96.0,971.3,7,0.9659258262890683,-0.25881904510252063,221,-0.6152845999633277,-0.7883050558305253,249.0
node_2_2,2026-08-09 08:00:00,18.3388701490393,93.57271717803435,0.4263707811667476,351.3298029126865,807.9177874162981,43.33225933833202,29.1,84,0.381,295.0,971.7,8,0.8660254037844387,-0.4999999999999998,221,-0.6152845999633277,-0.7883050558305253,249.0
node_2_2,2026-08-09 09:00:00,20.07390238911167,80.88182250262031,0.4251492730182387,510.8488239077747,808.9548583444573,43.33225933833202,30.1,77,0.379,437.0,971.8,9,0.7071067811865476,-0.7071067811865475,221,-0.6152845999633277,-0.7883050558305253,249.0
node_2_2,2026-08-09 10:00:00,21.2852991297081,71.32439548523729,0.42337122448114844,676.8611648258434,809.289380912508,43.33225933833202,31.3,71,0.377,639.0,971.7,10,0.49999999999999994,-0.8660254037844387,221,-0.6152845999633277,-0.7883050558305253,249.0
node_2_2,2026-08-09 11:00:00,22.285764470289728,68.00598334901883,0.4200417322756941,827.3818107018827,809.3579607080278,43.33225933833202,32.4,66,0.372,704.0,971.3,11,0.258819045102521,-0.9659258262890682,221,-0.6152845999633277,-0.7883050558305253,249.0
node_2_2,2026-08-09 12:00:00,21.917184674770034,71.1297008810165,0.41759871597867626,834.6853759918506,808.6904445879916,43.33225933833202,32.7,64,0.369,786.0,970.7,12,1.2246467991473532e-16,-1.0,221,-0.6152845999633277,-0.7883050558305253,249.0
node_2_2,2026-08-09 13:00:00,22.127517739882954,70.24787837839622,0.415047272310312,816.1289682104382,808.2353002211552,43.33225933833202,32.8,63,0.367,786.0,970.1,13,-0.2588190451025208,-0.9659258262890683,221,-0.6152845999633277,-0.7883050558305253,249.0
node_2_2,2026-08-09 14:00:00,21.859912956966596,72.03191026450526,0.41316079640187553,749.626784790226,807.4688034451624,43.33225933833202,32.9,63,0.366,675.0,969.4,14,-0.4999999999999997,-0.8660254037844388,221,-0.6152845999633277,-0.7883050558305253,249.0
node_2_2,2026-08-09 15:00:00,21.683038784420827,73.35719237854426,0.4129397315677674,603.8378764457075,807.025521159504,43.33225933833202,33.2,61,0.365,576.0,968.6,15,-0.7071067811865471,-0.7071067811865479,221,-0.6152845999633277,-0.7883050558305253,249.0
node_2_2,2026-08-09 16:00:00,21.3268307421009,76.2543050418159,0.412610239362313,390.13825088023054,806.447671974355,43.33225933833202,33.0,62,0.365,452.0,968.0,16,-0.8660254037844384,-0.5000000000000004,221,-0.6152845999633277,-0.7883050558305253,249.0
node_2_2,2026-08-09 17:00:00,21.264500005162,80.0064266634197,0.41982155407038774,254.31508588281926,806.6388679253072,43.33225933833202,31.7,73,0.36,285.0,967.9,17,-0.9659258262890683,-0.25881904510252063,221,-0.6152845999633277,-0.7883050558305253,249.0
node_2_2,2026-08-09 18:00:00,20.063480661118575,88.55831364618473,0.41960004592187883,114.06869419663445,806.1806655263405,43.33225933833202,31.1,77,0.36,109.0,968.0,18,-1.0,-1.8369701987210297e-16,221,-0.6152845999633277,-0.7883050558305253,249.0
node_2_2,2026-08-09 19:00:00,18.95212825196223,93.89844260647422,0.41927011040202355,10.226161554325179,806.1564316919626,43.33225933833202,29.6,85,0.36,10.0,968.5,19,-0.9659258262890684,0.2588190451025203,221,-0.6152845999633277,-0.7883050558305253,249.0
node_2_2,2026-08-09 20:00:00,18.451618579940522,94.68158786378154,0.41927011040202355,0.0,806.644104270203,43.33225933833202,29.0,88,0.36,0.0,969.2,20,-0.8660254037844386,0.5000000000000001,221,-0.6152845999633277,-0.7883050558305253,249.0
node_2_2,2026-08-09 21:00:00,18.106807278217026,94.78957192072703,0.4186051426420959,0.0,807.0203357764067,43.33225933833202,28.5,90,0.36,0.0,970.0,21,-0.7071067811865477,0.7071067811865474,221,-0.6152845999633277,-0.7883050558305253,249.0
node_2_2,2026-08-09 22:00:00,17.72798308046458,94.90265269788962,0.4189401748821683,0.0,806.8847495328725,43.33225933833202,28.0,93,0.36,0.0,970.3,22,-0.5000000000000004,0.8660254037844384,221,-0.6152845999633277,-0.7883050558305253,249.0
node_2_2,2026-08-09 23:00:00,17.894479856457345,93.79422532654327,0.42430534412914245,0.0,806.6847938643125,43.33225933833202,28.4,91,0.36,0.0,969.8,23,-0.25881904510252157,0.9659258262890681,221,-0.6152845999633277,-0.7883050558305253,249.0
node_2_2,2026-08-10 00:00:00,17.373437048530047,93.89755597767251,0.4276556665298662,0.0,806.2965672826106,43.33225933833202,27.9,91,0.36,0.0,969.6,0,0.0,1.0,222,-0.6287628145958345,-0.7775971469736268,249.0
node_2_2,2026-08-10 01:00:00,17.163281309177464,93.7844752005099,0.4289809486439051,0.0,805.8409575751924,43.33225933833202,27.9,90,0.36,0.0,969.1,1,0.25881904510252074,0.9659258262890683,222,-0.6287628145958345,-0.7775971469736268,249.0
node_2_2,2026-08-10 02:00:00,17.042061175489824,93.10931400014806,0.4308585610551101,0.0,805.7527753249304,43.33225933833202,27.7,89,0.362,0.0,969.0,2,0.49999999999999994,0.8660254037844387,222,-0.6287628145958345,-0.7775971469736268,249.0
node_2_2,2026-08-10 03:00:00,16.81986602919885,93.66075766851225,0.43329271385489626,0.0,805.2749261397814,43.33225933833202,27.8,88,0.369,0.0,968.9,3,0.7071067811865475,0.7071067811865476,222,-0.6287628145958345,-0.7775971469736268,249.0
node_2_2,2026-08-10 04:00:00,16.597161210886156,95.33082214865698,0.4329576816148239,0.0,805.2743721363196,43.33225933833202,27.5,90,0.381,0.0,969.1,4,0.8660254037844386,0.5000000000000001,222,-0.6287628145958345,-0.7775971469736268,249.0
node_2_2,2026-08-10 05:00:00,16.91982169775876,97.1088706857472,0.434679222915125,0.0,805.3300705066176,43.33225933833202,27.0,94,0.409,0.0,968.9,5,0.9659258262890683,0.25881904510252074,222,-0.6287628145958345,-0.7775971469736268,249.0
node_2_2,2026-08-10 06:00:00,16.94201684404974,97.10842737134635,0.4364623681724324,17.227491497527755,805.6960576105889,43.33225933833202,25.8,97,0.428,14.0,969.8,6,1.0,6.123233995736766e-17,222,-0.6287628145958345,-0.7775971469736268,249.0
node_2_2,2026-08-10 07:00:00,17.766206346987477,94.66629770313021,0.4371260059891574,97.14100121206013,806.6650584152501,43.33225933833202,25.6,97,0.439,64.0,970.1,7,0.9659258262890683,-0.25881904510252063,222,-0.6287628145958345,-0.7775971469736268,249.0
node_2_2,2026-08-10 08:00:00,18.143922537816326,93.67050779454561,0.4383475141376663,189.00598055823335,807.0439712758825,43.33225933833202,26.0,94,0.437,136.0,970.5,8,0.8660254037844387,-0.4999999999999998,222,-0.6287628145958345,-0.7775971469736268,249.0
node_2_2,2026-08-10 09:00:00,18.466494361808756,92.33082214865698,0.4396778929719224,278.35829089679714,807.5222858016134,43.33225933833202,26.6,91,0.431,164.0,970.6,9,0.7071067811865476,-0.7071067811865475,222,-0.6287628145958345,-0.7775971469736268,249.0
node_2_2,2026-08-10 10:00:00,18.678445105866984,91.21220133687642,0.44964531634042315,365.01920252353267,807.6227954736352,43.33225933833202,27.0,91,0.437,243.0,970.8,10,0.49999999999999994,-0.8660254037844387,222,-0.6287628145958345,-0.7775971469736268,249.0
node_2_2,2026-08-10 11:00:00,18.613366656878416,93.55144366836419,0.45107592262500246,364.4274525496725,807.8341478827914,43.33225933833202,27.6,92,0.431,336.0,970.5,11,0.258819045102521,-0.9659258262890682,222,-0.6287628145958345,-0.7775971469736268,249.0
node_2_2,2026-08-10 12:00:00,18.74525220194035,91.22150814850893,0.44997813200849124,379.40058944651304,807.4228398050752,43.33225933833202,28.1,89,0.433,215.0,970.1,12,1.2246467991473532e-16,-1.0,222,-0.6287628145958345,-0.7775971469736268,249.0
node_2_2,2026-08-10 13:00:00,19.587980484136914,87.44811301723497,0.4519998488325622,533.5829189908252,807.1898462530896,43.33225933833202,28.8,87,0.429,332.0,969.9,13,-0.2588190451025208,-0.9659258262890683,222,-0.6287628145958345,-0.7775971469736268,249.0
node_2_2,2026-08-10 14:00:00,19.576074071518775,86.56629051461468,0.45090715493626815,408.1104983574839,806.3347018862534,43.33225933833202,29.2,83,0.426,371.0,969.0,14,-0.4999999999999997,-0.8660254037844388,222,-0.6287628145958345,-0.7775971469736268,249.0
node_2_2,2026-08-10 15:00:00,19.88594179605007,82.78691203432187,0.4546027030174984,382.0443921620992,806.1682494417006,43.33225933833202,29.3,81,0.423,295.0,968.4,15,-0.7071067811865471,-0.7071067811865479,222,-0.6287628145958345,-0.7775971469736268,249.0
node_2_2,2026-08-10 16:00:00,19.597249873766327,84.45741982886747,0.4525971629828804,254.12644651277273,805.6022180062895,43.33225933833202,29.2,80,0.42,222.0,968.1,16,-0.8660254037844384,-0.5000000000000004,222,-0.6287628145958345,-0.7775971469736268,249.0
node_2_2,2026-08-10 17:00:00,19.02305705564937,92.66496775992763,0.44890183516345783,162.48328323155505,806.0475833114747,43.33225933833202,29.1,82,0.427,167.0,968.2,17,-0.9659258262890683,-0.25881904510252063,222,-0.6287628145958345,-0.7775971469736268,249.0
node_2_2,2026-08-10 18:00:00,18.27662807498057,95.44855633163581,0.4463526080670979,63.35408917773826,805.5903115936712,43.33225933833202,28.6,86,0.421,73.0,968.1,18,-1.0,-1.8369701987210297e-16,222,-0.6287628145958345,-0.7775971469736268,249.0
node_2_2,2026-08-10 19:00:00,17.810086967547722,98.67050779454561,0.4513408644216535,5.226161554325179,805.8893365810679,43.33225933833202,27.6,90,0.417,9.0,968.5,19,-0.9659258262890684,0.2588190451025203,222,-0.6287628145958345,-0.7775971469736268,249.0
node_2_2,2026-08-10 20:00:00,17.63219345095853,98.22704818312691,0.4515590491075487,0.0,806.4109777238971,43.33225933833202,27.2,92,0.414,0.0,969.3,20,-0.8660254037844386,0.5000000000000001,222,-0.6287628145958345,-0.7775971469736268,249.0
node_2_2,2026-08-10 21:00:00,17.320287038340386,97.7835885717082,0.4516781132337301,0.0,806.46505841525,43.33225933833202,26.8,94,0.411,0.0,969.8,21,-0.7071067811865477,0.7071067811865474,222,-0.6287628145958345,-0.7775971469736268,249.0
node_2_2,2026-08-10 22:00:00,16.997116879446068,97.56208042319926,0.44935327443409195,0.0,806.2640390712065,43.33225933833202,26.5,95,0.409,0.0,969.8,22,-0.5000000000000004,0.8660254037844384,222,-0.6287628145958345,-0.7775971469736268,249.0
node_2_2,2026-08-10 23:00:00,17.731174106915105,93.23635499475941,0.450579879302818,0.0,805.9434616038609,43.33225933833202,27.0,93,0.41,0.0,969.0,23,-0.25881904510252157,0.9659258262890681,222,-0.6287628145958345,-0.7775971469736268,249.0
node_2_2,2026-08-11 00:00:00,17.25336925320608,94.67981460617813,0.4499251049833246,0.0,805.631643854123,43.33225933833202,26.5,95,0.408,0.0,968.8,0,0.0,1.0,223,-0.6420547132365636,-0.7666588193001592,249.0
node_2_2,2026-08-11 01:00:00,17.06467733092234,96.23170158894317,0.4500488225153223,0.0,805.4537503375338,43.33225933833202,26.3,96,0.406,0.0,968.7,1,0.25881904510252074,0.9659258262890683,223,-0.6420547132365636,-0.7666588193001592,249.0
node_2_2,2026-08-11 02:00:00,16.7759854086386,96.78358857170821,0.4500590159557565,0.0,805.275391480363,43.33225933833202,26.4,95,0.405,0.0,968.8,2,0.49999999999999994,0.8660254037844387,223,-0.6420547132365636,-0.7666588193001592,249.0
node_2_2,2026-08-11 03:00:00,16.664677330922345,96.11352409156345,0.4513995882304469,0.0,805.1867438895193,43.33225933833202,26.4,95,0.404,0.0,968.6,3,0.7071067811865475,0.7071067811865476,223,-0.6420547132365636,-0.7666588193001592,249.0
node_2_2,2026-08-11 04:00:00,16.475520068056976,96.00000000000001,0.45040468495066394,0.0,805.2310898506612,43.33225933833202,26.3,96,0.402,0.0,968.6,4,0.8660254037844386,0.5000000000000001,223,-0.6420547132365636,-0.7666588193001592,249.0
node_2_2,2026-08-11 05:00:00,16.251662911380606,97.67095110894647,0.44630512107654924,0.0,805.4620447145599,43.33225933833202,26.8,93,0.399,0.0,969.5,5,0.9659258262890683,0.25881904510252074,223,-0.6420547132365636,-0.7666588193001592,249.0
node_2_2,2026-08-11 06:00:00,16.451286233679152,96.4489996460367,0.44586166146513057,15.8933458862571,805.6398495682689,43.33225933833202,26.3,93,0.405,13.0,969.8,6,1.0,6.123233995736766e-17,223,-0.6420547132365636,-0.7666588193001592,249.0
node_2_2,2026-08-11 07:00:00,17.08580880172981,95.77383844567483,0.44641354844789566,97.85649285975805,806.3630640586033,43.33225933833202,26.0,94,0.409,72.0,970.2,7,0.9659258262890683,-0.25881904510252063,223,-0.6420547132365636,-0.7666588193001592,249.0
node_2_2,2026-08-11 08:00:00,17.832193450958528,93.65610426269598,0.4459649921162598,241.6184522620341,807.2877632335627,43.33225933833202,26.6,91,0.408,169.0,970.8,8,0.8660254037844387,-0.4999999999999998,223,-0.6420547132365636,-0.7666588193001592,249.0
node_2_2,2026-08-11 09:00:00,18.610973317270883,89.87251569098778,0.44662530647037113,407.9786787470145,807.8779398404715,43.33225933833202,27.2,88,0.408,280.0,971.1,9,0.7071067811865476,-0.7071067811865475,223,-0.6420547132365636,-0.7666588193001592,249.0
node_2_2,2026-08-11 10:00:00,19.05620562813592,88.09446715389757,0.4497248703444859,500.48433400649253,808.3006003273442,43.33225933833202,28.1,87,0.409,392.0,971.3,10,0.49999999999999994,-0.8660254037844387,223,-0.6420547132365636,-0.7666588193001592,249.0
node_2_2,2026-08-11 11:00:00,18.410840322950627,91.5587569605856,0.45748563520151364,577.2634073611242,808.2883172370246,43.33225933833202,27.6,89,0.417,550.0,971.6,11,0.258819045102521,-0.9659258262890682,223,-0.6420547132365636,-0.7666588193001592,249.0
node_2_2,2026-08-11 12:00:00,18.34281453089273,92.22882144073034,0.45605148240172744,287.05361592543426,807.8651470781302,43.33225933833202,27.0,89,0.426,223.0,971.2,12,1.2246467991473532e-16,-1.0,223,-0.6420547132365636,-0.7666588193001592,249.0
node_2_2,2026-08-11 13:00:00,18.699199898973,92.11020062894977,0.4537257569732876,314.2999710314458,807.2444809479043,43.33225933833202,26.8,93,0.433,180.0,970.6,13,-0.2588190451025208,-0.9659258262890683,223,-0.6420547132365636,-0.7666588193001592,249.0
node_2_2,2026-08-11 14:00:00,18.698224886369665,93.77982179469366,0.45827299055023635,251.5264219419485,806.6119970679406,43.33225933833202,26.8,94,0.431,125.0,969.4,14,-0.4999999999999997,-0.8660254037844388,223,-0.6420547132365636,-0.7666588193001592,249.0
node_2_2,2026-08-11 15:00:00,19.040908837126143,92.90442595549304,0.4567262002876884,322.2596799550685,805.801154330806,43.33225933833202,28.6,86,0.424,528.0,968.7,15,-0.7071067811865471,-0.7071067811865479,223,-0.6420547132365636,-0.7666588193001592,249.0
node_2_2,2026-08-11 16:00:00,18.984745126246303,92.12593410400196,0.4542878373964868,202.48945711897048,805.2129720805439,43.33225933833202,28.6,83,0.419,311.0,967.8,16,-0.8660254037844384,-0.5000000000000004,223,-0.6420547132365636,-0.7666588193001592,249.0
node_2_2,2026-08-11 17:00:00,19.83909180623973,88.35630574974255,0.45737942161138606,167.0460058799083,806.0248784931621,43.33225933833202,28.6,83,0.426,216.0,968.2,17,-0.9659258262890683,-0.25881904510252063,223,-0.6420547132365636,-0.7666588193001592,249.0
node_2_2,2026-08-11 18:00:00,18.861153958210448,93.01152338363681,0.45582842125742273,87.67788739035139,805.4469849765728,43.33225933833202,28.2,85,0.423,104.0,967.7,18,-1.0,-1.8369701987210297e-16,223,-0.6420547132365636,-0.7666588193001592,249.0
node_2_2,2026-08-11 19:00:00,17.896141866842736,95.23258821774488,0.45338540496040486,7.215968113890952,805.5139027617072,43.33225933833202,27.1,91,0.42,10.0,967.7,19,-0.9659258262890684,0.2588190451025203,223,-0.6420547132365636,-0.7666588193001592,249.0
node_2_2,2026-08-11 20:00:00,17.540997500006316,95.7886852919253,0.4518288645718236,0.0,806.2799341971182,43.33225933833202,26.6,94,0.418,0.0,968.6,20,-0.8660254037844386,0.5000000000000001,223,-0.6420547132365636,-0.7666588193001592,249.0
node_2_2,2026-08-11 21:00:00,17.385853133169896,95.12327421759682,0.4503858482748057,0.0,806.8011099993658,43.33225933833202,26.3,96,0.416,0.0,969.3,21,-0.7071067811865477,0.7071067811865474,223,-0.6420547132365636,-0.7666588193001592,249.0
node_2_2,2026-08-11 22:00:00,16.951374896559322,94.90132275468704,0.44916434012629686,0.0,806.9769204964282,43.33225933833202,26.2,96,0.414,0.0,970.2,22,-0.5000000000000004,0.8660254037844384,223,-0.6420547132365636,-0.7666588193001592,249.0
node_2_2,2026-08-11 23:00:00,17.01680799706858,94.00975012603337,0.4483862915892066,0.0,806.5651027466902,43.33225933833202,26.4,95,0.412,0.0,969.9,23,-0.25881904510252157,0.9659258262890681,223,-0.6420547132365636,-0.7666588193001592,249.0
node_2_2,2026-08-12 00:00:00,16.796651538864445,94.33968564588864,0.4473862915892066,0.0,806.6665430998751,43.33225933833202,25.9,97,0.411,0.0,970.0,0,0.0,1.0,224,-0.655156357209085,-0.7554933140726804,249.0
node_2_2,2026-08-12 01:00:00,16.519356357177134,95.56584720021382,0.44616478344069765,0.0,806.6659890964133,43.33225933833202,25.9,97,0.41,0.0,970.0,1,0.25881904510252074,0.9659258262890683,224,-0.655156357209085,-0.7554933140726804,249.0
node_2_2,2026-08-12 02:00:00,16.352859581184372,95.34389573730402,0.44594327529218875,0.0,806.4438382815623,43.33225933833202,25.7,97,0.408,0.0,969.9,2,0.49999999999999994,0.8660254037844387,224,-0.655156357209085,-0.7554933140726804,249.0
node_2_2,2026-08-12 03:00:00,16.152859581184373,94.90043612588534,0.4449432752921888,0.0,806.1772971741295,43.33225933833202,25.4,99,0.407,0.0,969.6,3,0.7071067811865475,0.7071067811865476,224,-0.655156357209085,-0.7554933140726804,249.0
node_2_2,2026-08-12 04:00:00,15.964211990340717,94.45697651446662,0.44427830753226116,0.0,806.0886052518458,43.33225933833202,25.3,99,0.406,0.0,969.4,4,0.8660254037844386,0.5000000000000001,224,-0.655156357209085,-0.7554933140726804,249.0
node_2_2,2026-08-12 05:00:00,16.553878925227792,94.90043612588534,0.4433867349036074,0.0,806.3557003627405,43.33225933833202,25.8,99,0.402,0.0,969.6,5,0.9659258262890683,0.25881904510252074,224,-0.655156357209085,-0.7554933140726804,249.0
node_2_2,2026-08-12 06:00:00,16.49669587030453,95.45232310865036,0.44238673490360747,26.346998938110037,806.4428189375191,43.33225933833202,26.1,98,0.401,19.0,970.0,6,1.0,6.123233995736766e-17,224,-0.655156357209085,-0.7554933140726804,249.0
node_2_2,2026-08-12 07:00:00,17.927739397083386,93.12792762341309,0.44216522675509856,170.84120548989222,807.0093600449518,43.33225933833202,27.3,95,0.4,130.0,970.3,7,0.9659258262890683,-0.25881904510252063,224,-0.655156357209085,-0.7554933140726804,249.0
node_2_2,2026-08-12 08:00:00,19.78250708621835,86.57604064064805,0.4408352912352433,360.0347932035036,808.1341478827915,43.33225933833202,29.1,84,0.398,320.0,970.5,8,0.8660254037844387,-0.4999999999999998,224,-0.655156357209085,-0.7554933140726804,249.0
node_2_2,2026-08-12 09:00:00,21.182086077076807,75.34389573730402,0.43917032347531565,578.1524610828981,808.7465639674313,43.33225933833202,30.4,78,0.396,508.0,970.7,9,0.7071067811865476,-0.7071067811865475,224,-0.655156357209085,-0.7554933140726804,249.0
node_2_2,2026-08-12 10:00:00,22.2367651033316,69.90043612588532,0.43650535571538807,720.1329608308313,808.9362752337585,43.33225933833202,31.5,74,0.393,671.0,970.5,10,0.49999999999999994,-0.8660254037844387,224,-0.655156357209085,-0.7554933140726804,249.0
node_2_2,2026-08-12 11:00:00,22.90414822904753,67.34899245752113,0.4332838475668791,761.5557891577339,808.9383582532854,43.33225933833202,32.7,71,0.387,788.0,970.0,11,0.258819045102521,-0.9659258262890682,224,-0.655156357209085,-0.7554933140726804,249.0
node_2_2,2026-08-12 12:00:00,22.080113746610817,75.02171682407104,0.43450668565859063,813.3651664561888,808.2363195651985,43.33225933833202,33.4,68,0.384,844.0,969.7,12,1.2246467991473532e-16,-1.0,224,-0.655156357209085,-0.7554933140726804,249.0
node_2_2,2026-08-12 13:00:00,22.155458903091453,78.26870857366553,0.43719248361378754,707.0222023002162,807.647716305795,43.33225933833202,34.0,66,0.381,828.0,968.9,13,-0.2588190451025208,-0.9659258262890683,224,-0.655156357209085,-0.7554933140726804,249.0
node_2_2,2026-08-12 14:00:00,22.4220000105243,77.15518448210209,0.43776475747742105,650.1371917329366,807.4147670852495,43.33225933833202,34.2,65,0.377,745.0,968.3,14,-0.4999999999999997,-0.8660254037844388,224,-0.655156357209085,-0.7554933140726804,249.0
node_2_2,2026-08-12 15:00:00,21.9006468825164,79.03279689330698,0.43887407147756907,472.92026510508845,807.1152324258312,43.33225933833202,34.1,65,0.375,625.0,968.0,15,-0.7071067811865471,-0.7071067811865479,224,-0.655156357209085,-0.7554933140726804,249.0
node_2_2,2026-08-12 16:00:00,21.636100131730313,79.91461939592729,0.43853948255189756,421.4206994095372,806.80545336418,43.33225933833202,33.6,67,0.373,456.0,967.5,16,-0.8660254037844384,-0.5000000000000004,224,-0.655156357209085,-0.7554933140726804,249.0
node_2_2,2026-08-12 17:00:00,21.207006630158133,78.45165953244182,0.4325594261183652,278.06995504546717,807.1847872339541,43.33225933833202,33.2,70,0.373,271.0,967.5,17,-0.9659258262890683,-0.25881904510252063,224,-0.655156357209085,-0.7554933140726804,249.0
node_2_2,2026-08-12 18:00:00,20.483371130682194,85.11751392117117,0.4343235144380066,121.44871028985914,807.3925719389586,43.33225933833202,32.2,80,0.373,107.0,968.4,18,-1.0,-1.8369701987210297e-16,224,-0.655156357209085,-0.7554933140726804,249.0
node_2_2,2026-08-12 19:00:00,19.093704195795116,92.0137399556411,0.43365344995786187,10.009750126033369,807.1786268382536,43.33225933833202,30.8,86,0.374,9.0,969.3,19,-0.9659258262890684,0.2588190451025203,224,-0.655156357209085,-0.7554933140726804,249.0
node_2_2,2026-08-12 20:00:00,18.670578368340884,93.57537706443952,0.4329833854777171,0.0,807.6992486370394,43.33225933833202,30.0,89,0.374,0.0,970.2,20,-0.8660254037844386,0.5000000000000001,224,-0.655156357209085,-0.7554933140726804,249.0
node_2_2,2026-08-12 21:00:00,18.337584816355363,93.57537706443952,0.43220489362622605,0.0,808.3327075296065,43.33225933833202,29.4,88,0.374,0.0,970.9,21,-0.7071067811865477,0.7071067811865474,224,-0.655156357209085,-0.7554933140726804,249.0
node_2_2,2026-08-12 22:00:00,17.90463559580992,93.23990150996627,0.4318698613861537,0.0,808.543505935301,43.33225933833202,29.3,86,0.374,0.0,971.3,22,-0.5000000000000004,0.8660254037844384,224,-0.655156357209085,-0.7554933140726804,249.0
node_2_2,2026-08-12 23:00:00,18.035767785468945,90.80109530436383,0.42597363535168375,0.0,808.0750148026616,43.33225933833202,28.7,88,0.374,0.0,971.0,23,-0.25881904510252157,0.9659258262890681,224,-0.655156357209085,-0.7554933140726804,249.0
node_2_2,2026-08-13 00:00:00,17.4918871649087,92.24455491578254,0.4263086675917561,0.0,807.9857688769159,43.33225933833202,28.4,87,0.375,0.0,971.1,0,0.0,1.0,225,-0.6680638642135333,-0.7441039398713608,249.0
node_2_2,2026-08-13 01:00:00,17.136742798072284,93.57404712123693,0.4263086675917561,0.0,807.3409575751925,43.33225933833202,28.2,87,0.375,0.0,970.6,1,0.25881904510252074,0.9659258262890683,225,-0.6680638642135333,-0.7441039398713608,249.0
node_2_2,2026-08-13 02:00:00,16.670246022079517,96.01196669803767,0.4266436998318285,0.0,806.6069003477236,43.33225933833202,27.8,88,0.375,0.0,970.0,2,0.49999999999999994,0.8660254037844387,225,-0.6680638642135333,-0.7441039398713608,249.0
node_2_2,2026-08-13 03:00:00,16.314547651781304,97.1195074405823,0.4266436998318285,0.0,806.0052826687781,43.33225933833202,27.4,89,0.375,0.0,969.9,3,0.7071067811865475,0.7071067811865476,225,-0.6680638642135333,-0.7441039398713608,249.0
node_2_2,2026-08-13 04:00:00,15.924836385454139,98.00598334901883,0.4266436998318285,0.0,805.4929552470185,43.33225933833202,27.2,91,0.375,0.0,969.8,4,0.8660254037844386,0.5000000000000001,225,-0.6680638642135333,-0.7441039398713608,249.0
node_2_2,2026-08-13 05:00:00,16.190779157985105,95.44944296043754,0.42621176360404667,0.0,805.2146407212877,43.33225933833202,27.9,91,0.37,0.0,969.5,5,0.9659258262890683,0.25881904510252074,225,-0.6680638642135333,-0.7441039398713608,249.0
node_2_2,2026-08-13 06:00:00,16.46769766197096,95.56252373760013,0.42609823951248316,19.996233222985463,805.4692754161025,43.33225933833202,28.2,89,0.37,17.0,969.9,6,1.0,6.123233995736766e-17,225,-0.6680638642135333,-0.7441039398713608,249.0
node_2_2,2026-08-13 07:00:00,18.791643481527505,90.22195146290979,0.4257632072724108,147.88758558983147,806.8951269294256,43.33225933833202,29.5,86,0.37,138.0,970.0,7,0.9659258262890683,-0.25881904510252063,225,-0.6680638642135333,-0.7441039398713608,249.0
node_2_2,2026-08-13 08:00:00,20.81698532282892,80.43747626239988,0.42531974766099206,344.5871235006695,808.1790921788352,43.33225933833202,31.1,78,0.369,318.0,970.1,8,0.8660254037844387,-0.4999999999999998,225,-0.6680638642135333,-0.7441039398713608,249.0
node_2_2,2026-08-13 09:00:00,21.90767160175942,70.41199266131432,0.42398471542091976,567.5315242437367,808.6043010258164,43.33225933833202,32.2,69,0.367,506.0,969.8,9,0.7071067811865476,-0.7071067811865475,225,-0.6680638642135333,-0.7441039398713608,249.0
node_2_2,2026-08-13 10:00:00,22.48594179605007,67.85589558713389,0.4224281750323384,725.8396766359365,808.8491123275398,43.33225933833202,33.0,65,0.365,668.0,970.2,10,0.49999999999999994,-0.8660254037844387,225,-0.6680638642135333,-0.7441039398713608,249.0
node_2_2,2026-08-13 11:00:00,22.530154762871685,73.54679026254793,0.4226445864606303,806.9472145876956,809.3939679607034,43.33225933833202,33.6,65,0.363,778.0,970.4,11,0.258819045102521,-0.9659258262890682,225,-0.6680638642135333,-0.7441039398713608,249.0
node_2_2,2026-08-13 12:00:00,22.06940400379644,74.79887873235953,0.4215361590892839,777.1663494151915,808.3682937731406,43.33225933833202,32.4,68,0.361,767.0,969.8,12,1.2246467991473532e-16,-1.0,225,-0.6680638642135333,-0.7441039398713608,249.0
node_2_2,2026-08-13 13:00:00,22.613284624356687,73.25208846981161,0.42054635252971806,796.3246848414149,807.8028606726314,43.33225933833202,32.8,71,0.364,627.0,969.2,13,-0.2588190451025208,-0.9659258262890683,225,-0.6680638642135333,-0.7441039398713608,249.0
node_2_2,2026-08-13 14:00:00,21.859358953504803,78.91882948734266,0.42455743259895407,659.5678884629402,807.1486026555182,43.33225933833202,33.8,67,0.362,725.0,968.5,14,-0.4999999999999997,-0.8660254037844388,225,-0.6680638642135333,-0.7441039398713608,249.0
node_2_2,2026-08-13 15:00:00,21.172838713628163,82.79001523512788,0.42732661763881263,458.2264481197173,806.7481373149365,43.33225933833202,33.9,64,0.36,619.0,967.8,15,-0.7071067811865471,-0.7071067811865479,225,-0.6680638642135333,-0.7441039398713608,249.0
node_2_2,2026-08-13 16:00:00,21.37042334783986,81.8044187669775,0.4284401417303761,383.06772549476483,806.3703767926677,43.33225933833202,33.6,65,0.358,446.0,967.2,16,-0.8660254037844384,-0.5000000000000004,225,-0.6680638642135333,-0.7441039398713608,249.0
node_2_2,2026-08-13 17:00:00,21.861486304471818,79.45963640087176,0.4153239577524075,277.64938824309877,806.6275598475909,43.33225933833202,32.6,78,0.365,251.0,967.6,17,-0.9659258262890683,-0.25881904510252063,225,-0.6680638642135333,-0.7441039398713608,249.0
node_2_2,2026-08-13 18:00:00,20.39397018443563,88.90309601229048,0.4153239577524075,116.59820077911992,806.1476719743549,43.33225933833202,30.7,88,0.37,88.0,967.7,18,-1.0,-1.8369701987210297e-16,225,-0.6680638642135333,-0.7441039398713608,249.0
node_2_2,2026-08-13 19:00:00,19.238271814137416,91.57781389825149,0.4153239577524075,8.339685645888627,806.2899349159699,43.33225933833202,29.5,93,0.371,8.0,968.3,19,-0.9659258262890684,0.2588190451025203,225,-0.6680638642135333,-0.7441039398713608,249.0
node_2_2,2026-08-13 20:00:00,18.62640973295936,91.2427816581791,0.4153239577524075,0.0,806.5548583444574,43.33225933833202,29.0,94,0.371,0.0,969.1,20,-0.8660254037844386,0.5000000000000001,225,-0.6680638642135333,-0.7441039398713608,249.0
node_2_2,2026-08-13 21:00:00,17.813528307737883,92.2427816581791,0.4153239577524075,0.0,806.2512463088652,43.33225933833202,28.7,94,0.371,0.0,969.6,21,-0.7071067811865477,0.7071067811865474,225,-0.6680638642135333,-0.7441039398713608,249.0
node_2_2,2026-08-13 22:00:00,17.33465977854535,92.2427816581791,0.4153239577524075,0.0,805.7832205168074,43.33225933833202,28.3,95,0.37,0.0,969.4,22,-0.5000000000000004,0.8660254037844384,225,-0.6680638642135333,-0.7441039398713608,249.0
node_2_2,2026-08-13 23:00:00,17.411489619651036,91.68579795519696,0.40919470018579185,0.0,805.0378552116222,43.33225933833202,28.5,94,0.362,0.0,968.7,23,-0.25881904510252157,0.9659258262890681,225,-0.6680638642135333,-0.7441039398713608,249.0
node_2_2,2026-08-14 00:00:00,16.755281577331107,92.5722738636335,0.4095297324258642,0.0,804.4471689326915,43.33225933833202,28.2,93,0.362,0.0,968.6,0,0.0,1.0,226,-0.680773409477016,-0.732494071613579,249.0
node_2_2,2026-08-14 01:00:00,16.29962753847298,93.35032240072371,0.410199796906009,0.0,804.1018036275065,43.33225933833202,28.0,94,0.362,0.0,968.7,1,0.25881904510252074,0.9659258262890683,226,-0.680773409477016,-0.732494071613579,249.0
node_2_2,2026-08-14 02:00:00,15.977476723622086,94.01019344043424,0.41075633729459027,0.0,804.0012939554847,43.33225933833202,27.8,92,0.364,0.0,968.8,2,0.49999999999999994,0.8660254037844387,226,-0.680773409477016,-0.732494071613579,249.0
node_2_2,2026-08-14 03:00:00,15.5099606035859,95.67516120036186,0.411199796906009,0.0,803.3110730171358,43.33225933833202,27.7,95,0.367,0.0,968.3,3,0.7071067811865475,0.7071067811865476,226,-0.680773409477016,-0.732494071613579,249.0
node_2_2,2026-08-14 04:00:00,15.29814285384793,95.00975012603337,0.4124217483689187,0.0,803.1204310696453,43.33225933833202,27.5,97,0.367,0.0,968.2,4,0.8660254037844386,0.5000000000000001,226,-0.680773409477016,-0.732494071613579,249.0
node_2_2,2026-08-14 05:00:00,15.899117866451267,97.67050779454561,0.4117674173638262,0.0,803.5111616800159,43.33225933833202,27.6,95,0.343,0.0,968.4,5,0.9659258262890683,0.25881904510252074,226,-0.680773409477016,-0.732494071613579,249.0
node_2_2,2026-08-14 06:00:00,15.821357344182331,97.22749149752775,0.4126543365866636,13.917056229739234,803.8106076765541,43.33225933833202,26.9,96,0.35,12.0,969.0,6,1.0,6.123233995736766e-17,226,-0.680773409477016,-0.732494071613579,249.0
node_2_2,2026-08-14 07:00:00,16.881487742174922,96.56208042319928,0.4192995810419313,90.13074146804152,805.3476342732732,43.33225933833202,26.7,95,0.353,62.0,969.3,7,0.9659258262890683,-0.25881904510252063,226,-0.680773409477016,-0.732494071613579,249.0
node_2_2,2026-08-14 08:00:00,18.197249873766328,95.22239477731064,0.4251889370985807,169.55182067918068,807.0980962986757,43.33225933833202,27.2,92,0.354,179.0,970.1,8,0.8660254037844387,-0.4999999999999998,226,-0.680773409477016,-0.732494071613579,249.0
node_2_2,2026-08-14 09:00:00,18.2970282165659,89.76918503985857,0.4296430334648345,265.80381870356786,807.8986059706974,43.33225933833202,28.0,88,0.357,372.0,971.0,9,0.7071067811865476,-0.7071067811865475,226,-0.680773409477016,-0.732494071613579,249.0
node_2_2,2026-08-14 10:00:00,19.096053203962562,89.10975731454892,0.43098360573952477,350.110418099972,808.2440156073228,43.33225933833202,28.7,84,0.358,369.0,971.3,10,0.49999999999999994,-0.8660254037844387,226,-0.680773409477016,-0.732494071613579,249.0
node_2_2,2026-08-14 11:00:00,19.928869430187746,85.23724162356113,0.43197762239050597,445.809576209208,808.6992043055993,43.33225933833202,29.9,80,0.357,595.0,971.5,11,0.258819045102521,-0.9659258262890682,226,-0.680773409477016,-0.732494071613579,249.0
node_2_2,2026-08-14 12:00:00,19.728271095285862,84.78912860632617,0.43142617872214184,369.2478700060397,808.5873422244213,43.33225933833202,28.2,87,0.374,485.0,972.0,12,1.2246467991473532e-16,-1.0,226,-0.680773409477016,-0.732494071613579,249.0
node_2_2,2026-08-14 13:00:00,20.018026693053113,84.89711266327164,0.43331730803639457,524.9537019731288,808.3878962278831,43.33225933833202,29.3,84,0.373,369.0,971.0,13,-0.2588190451025208,-0.9659258262890683,226,-0.680773409477016,-0.732494071613579,249.0
node_2_2,2026-08-14 14:00:00,18.542881167592135,89.33924233148778,0.4450632232563863,411.9963843904233,808.1094043763919,43.33225933833202,30.2,79,0.371,601.0,971.0,14,-0.4999999999999997,-0.8660254037844388,226,-0.680773409477016,-0.732494071613579,249.0
node_2_2,2026-08-14 15:00:00,18.54390051163556,89.22062151970721,0.4456197636449677,270.2931094259818,807.555279353599,43.33225933833202,29.7,82,0.374,496.0,970.2,15,-0.7071067811865471,-0.7071067811865479,226,-0.680773409477016,-0.732494071613579,249.0
node_2_2,2026-08-14 16:00:00,18.68709413441375,90.89112931425282,0.44462619030838735,208.28171585872823,806.8784938439334,43.33225933833202,29.0,87,0.408,339.0,969.6,16,-0.8660254037844384,-0.5000000000000004,226,-0.680773409477016,-0.732494071613579,249.0
node_2_2,2026-08-14 17:00:00,18.842991856653075,91.10842737134634,0.4392630173716098,120.87472947220658,806.9247898302818,43.33225933833202,27.8,88,0.438,176.0,969.7,17,-0.9659258262890683,-0.25881904510252063,226,-0.680773409477016,-0.732494071613579,249.0
node_2_2,2026-08-14 18:00:00,18.198269217809752,90.99024987396665,0.4474583755520391,58.91018625191869,806.5561657033221,43.33225933833202,27.6,90,0.42,53.0,969.2,18,-1.0,-1.8369701987210297e-16,226,-0.680773409477016,-0.732494071613579,249.0
node_2_2,2026-08-14 19:00:00,17.63070876633348,93.66496775992763,0.44524285075254905,4.670064480144743,806.176831833548,43.33225933833202,27.2,94,0.414,6.0,969.4,19,-0.9659258262890684,0.2588190451025203,226,-0.680773409477016,-0.732494071613579,249.0
node_2_2,2026-08-14 20:00:00,17.08580880172981,95.66496775992763,0.4430273259530589,0.0,806.4083407009085,43.33225933833202,27.0,95,0.41,0.0,970.1,20,-0.8660254037844386,0.5000000000000001,226,-0.680773409477016,-0.732494071613579,249.0
node_2_2,2026-08-14 21:00:00,17.007959616580703,96.65987103971052,0.4409197852105143,0.0,806.7634407363048,43.33225933833202,26.8,95,0.407,0.0,970.7,21,-0.7071067811865477,0.7071067811865474,226,-0.680773409477016,-0.732494071613579,249.0
node_2_2,2026-08-14 22:00:00,16.997116879446068,96.10288733672837,0.4395902930050599,0.0,807.0412455900139,43.33225933833202,26.5,97,0.404,0.0,971.0,22,-0.5000000000000004,0.8660254037844384,226,-0.680773409477016,-0.732494071613579,249.0
node_2_2,2026-08-14 23:00:00,17.340443496544516,96.88226581702116,0.43569827706200537,0.0,806.8299818437376,43.33225933833202,27.2,93,0.401,0.0,970.7,23,-0.25881904510252157,0.9659258262890681,226,-0.680773409477016,-0.732494071613579,249.0
node_2_2,2026-08-15 00:00:00,16.739933824522808,96.43880620560245,0.43536878485655095,0.0,806.1845722071122,43.33225933833202,26.7,95,0.401,0.0,970.6,0,0.0,1.0,227,-0.6932812268869771,-0.7206671495538615,249.0
node_2_2,2026-08-15 01:00:00,16.31824835025354,96.09867724531297,0.4349308652797502,0.0,805.7283198333522,43.33225933833202,25.8,98,0.403,0.0,970.5,1,0.25881904510252074,0.9659258262890683,227,-0.6932812268869771,-0.7206671495538615,249.0
node_2_2,2026-08-15 02:00:00,15.997670882907867,96.31974207942103,0.43826456757662,0.0,805.7288738368139,43.33225933833202,25.3,98,0.409,0.0,970.3,2,0.49999999999999994,0.8660254037844387,227,-0.6932812268869771,-0.7206671495538615,249.0
node_2_2,2026-08-15 03:00:00,15.59826921780975,95.87672578240318,0.44514195693523173,0.0,805.6726214630542,43.33225933833202,24.8,98,0.416,0.0,970.2,3,0.7071067811865475,0.7071067811865476,227,-0.6932812268869771,-0.7206671495538615,249.0
node_2_2,2026-08-15 04:00:00,15.575564399497061,95.65521763389427,0.44469894063821386,0.0,805.7835085316286,43.33225933833202,24.7,98,0.425,0.0,970.2,4,0.8660254037844386,0.5000000000000001,227,-0.6932812268869771,-0.7206671495538615,249.0
node_2_2,2026-08-15 05:00:00,15.147253188945548,98.67095110894647,0.44258674648985297,0.0,804.8345755222914,43.33225933833202,26.8,92,0.396,0.0,970.1,5,0.9659258262890683,0.25881904510252074,227,-0.6932812268869771,-0.7206671495538615,249.0
node_2_2,2026-08-15 06:00:00,14.81124593626984,98.00598334901883,0.4413652383413441,21.13058750981822,804.6759077827431,43.33225933833202,26.5,92,0.395,15.0,970.7,6,1.0,6.123233995736766e-17,227,-0.6932812268869771,-0.7206671495538615,249.0
node_2_2,2026-08-15 07:00:00,16.30410389760744,95.56208042319926,0.44114373019283515,134.4653359752841,806.4578786755061,43.33225933833202,26.6,91,0.395,108.0,971.4,7,0.9659258262890683,-0.25881904510252063,227,-0.6932812268869771,-0.7206671495538615,249.0
node_2_2,2026-08-15 08:00:00,17.37421270919227,96.67560451476274,0.4414741090270913,241.0534337593942,807.7511576459851,43.33225933833202,26.7,89,0.397,135.0,971.8,8,0.8660254037844387,-0.4999999999999998,227,-0.6932812268869771,-0.7206671495538615,249.0
node_2_2,2026-08-15 09:00:00,18.831617421315965,85.53526687891113,0.44091756863851,412.44624245744495,808.5428632689591,43.33225933833202,26.6,91,0.407,176.0,972.0,9,0.7071067811865476,-0.7071067811865475,227,-0.6932812268869771,-0.7206671495538615,249.0
node_2_2,2026-08-15 10:00:00,20.031794747076308,80.86475908436553,0.43891801195291086,609.4876881677469,808.9552350221588,43.33225933833202,27.5,89,0.409,321.0,971.7,10,0.49999999999999994,-0.8660254037844387,227,-0.6932812268869771,-0.7206671495538615,249.0
node_2_2,2026-08-15 11:00:00,20.376849732181,78.76652515345343,0.4375889630618573,731.6805134873688,809.0232164827767,43.33225933833202,28.7,85,0.404,536.0,972.0,11,0.258819045102521,-0.9659258262890682,227,-0.6932812268869771,-0.7206671495538615,249.0
node_2_2,2026-08-15 12:00:00,20.032326445278787,83.20156458204133,0.43869362365618914,570.3621862150037,808.3562100347622,43.33225933833202,28.8,83,0.401,288.0,971.0,12,1.2246467991473532e-16,-1.0,227,-0.6932812268869771,-0.7206671495538615,249.0
node_2_2,2026-08-15 13:00:00,20.8304207515122,80.54125022792996,0.43758098619342745,701.6977336546324,807.878959184515,43.33225933833202,29.8,79,0.398,488.0,970.3,13,-0.2588190451025208,-0.9659258262890683,227,-0.6932812268869771,-0.7206671495538615,249.0
node_2_2,2026-08-15 14:00:00,21.02889173544706,79.55609707418044,0.43469451028499084,662.4246582405426,807.0351672268349,43.33225933833202,29.5,81,0.396,303.0,969.1,14,-0.4999999999999997,-0.8660254037844388,227,-0.6932812268869771,-0.7206671495538615,249.0
node_2_2,2026-08-15 15:00:00,20.917916003992175,79.22660486872604,0.4335865262280454,519.1422013388795,806.202683346871,43.33225933833202,30.1,78,0.393,471.0,968.1,15,-0.7071067811865471,-0.7071067811865479,227,-0.6932812268869771,-0.7206671495538615,249.0
node_2_2,2026-08-15 16:00:00,20.68381444508305,81.68070123497984,0.4321435099310275,406.8747322629921,805.5253881651838,43.33225933833202,30.2,78,0.39,427.0,967.4,16,-0.8660254037844384,-0.5000000000000004,227,-0.6932812268869771,-0.7206671495538615,249.0
node_2_2,2026-08-15 17:00:00,20.519467046238073,80.98736972575381,0.4473572642636997,275.72258188732616,805.5491123275399,43.33225933833202,31.3,75,0.389,269.0,966.9,17,-0.9659258262890683,-0.25881904510252063,227,-0.6932812268869771,-0.7206671495538615,249.0
node_2_2,2026-08-15 18:00:00,19.251995257641973,87.76541826284404,0.44258807922384114,108.77266246069556,805.3130607434241,43.33225933833202,30.1,83,0.387,100.0,967.2,18,-1.0,-1.8369701987210297e-16,227,-0.6932812268869771,-0.7206671495538615,249.0
node_2_2,2026-08-15 19:00:00,18.22840408960612,93.78026510909451,0.44081424077816633,7.339685645888627,805.3435059353011,43.33225933833202,29.2,88,0.386,7.0,967.9,19,-0.9659258262890684,0.2588190451025203,227,-0.6932812268869771,-0.7206671495538615,249.0
node_2_2,2026-08-15 20:00:00,17.772794382188078,95.22793481192862,0.4392623537954013,0.0,805.8424865912575,43.33225933833202,28.7,89,0.386,0.0,968.7,20,-0.8660254037844386,0.5000000000000001,227,-0.6932812268869771,-0.7206671495538615,249.0
node_2_2,2026-08-15 21:00:00,17.428958093067916,96.10931400014806,0.43882399090419966,0.0,806.2305801786395,43.33225933833202,28.2,91,0.386,0.0,969.3,21,-0.7071067811865477,0.7071067811865474,227,-0.6932812268869771,-0.7206671495538615,249.0
node_2_2,2026-08-15 22:00:00,17.1964742131041,96.99578990858461,0.4409523618420136,0.0,806.0975422952139,43.33225933833202,25.3,95,0.396,0.0,970.1,22,-0.5000000000000004,0.8660254037844384,227,-0.6932812268869771,-0.7206671495538615,249.0
node_2_2,2026-08-15 23:00:00,17.4849888096275,94.33680549767581,0.43908671612884637,0.0,805.6536616746537,43.33225933833202,27.5,97,0.395,0.0,969.0,23,-0.25881904510252157,0.9659258262890681,227,-0.6932812268869771,-0.7206671495538615,249.0
node_2_2,2026-08-16 00:00:00,16.64022183934409,95.44523286902215,0.43863350639139426,0.0,805.0299818437376,43.33225933833202,27.1,97,0.394,0.0,968.7,0,0.0,1.0,228,-0.7055836101071774,-0.70862667826446,249.0
node_2_2,2026-08-16 01:00:00,16.272794382188078,95.88824916604,0.43751998229983086,0.0,804.3063020128216,43.33225933833202,26.7,98,0.393,0.0,968.2,1,0.25881904510252074,0.9659258262890683,228,-0.7055836101071774,-0.70862667826446,249.0
node_2_2,2026-08-16 02:00:00,15.626454064399447,96.77982179469365,0.43640645820826734,0.0,803.2707157692873,43.33225933833202,26.6,99,0.391,0.0,967.9,2,0.49999999999999994,0.8660254037844387,228,-0.7055836101071774,-0.70862667826446,249.0
node_2_2,2026-08-16 03:00:00,14.79040248028365,97.11441072036517,0.43529293411670394,0.0,802.2228464354337,43.33225933833202,26.3,99,0.39,0.0,967.3,3,0.7071067811865475,0.7071067811865476,228,-0.7055836101071774,-0.70862667826446,249.0
node_2_2,2026-08-16 04:00:00,14.065658973884117,98.3359188688741,0.43473639372812267,0.0,801.7197440718634,43.33225933833202,26.1,99,0.389,0.0,967.6,4,0.8660254037844386,0.5000000000000001,228,-0.7055836101071774,-0.70862667826446,249.0
node_2_2,2026-08-16 05:00:00,15.297677513266306,96.34101558909121,0.4264976018995513,0.0,801.9873931862197,43.33225933833202,26.4,99,0.406,0.0,967.3,5,0.9659258262890683,0.25881904510252074,228,-0.7055836101071774,-0.70862667826446,249.0
node_2_2,2026-08-16 06:00:00,14.886879107571758,97.562967052001,0.4302654569962073,19.685797955196943,802.2744674295582,43.33225933833202,26.2,98,0.405,16.0,967.9,6,1.0,6.123233995736766e-17,228,-0.7055836101071774,-0.70862667826446,249.0
node_2_2,2026-08-16 07:00:00,16.614215305519934,97.22793481192862,0.4324818684244991,117.06330812023978,804.0924012435567,43.33225933833202,26.8,97,0.403,126.0,968.5,7,0.9659258262890683,-0.25881904510252063,228,-0.7055836101071774,-0.70862667826446,249.0
node_2_2,2026-08-16 08:00:00,18.396651538864447,94.77937848029279,0.4336965065951875,313.1013584827727,806.0212221261299,43.33225933833202,28.0,90,0.401,278.0,969.0,8,0.8660254037844387,-0.4999999999999998,228,-0.7055836101071774,-0.70862667826446,249.0
node_2_2,2026-08-16 09:00:00,19.6527709183042,83.63527406742668,0.43225304698376876,537.0467784618104,806.579003515955,43.33225933833202,29.5,82,0.399,464.0,968.9,9,0.7071067811865476,-0.7071067811865475,228,-0.7055836101071774,-0.70862667826446,249.0
node_2_2,2026-08-16 10:00:00,20.474234735373038,81.42949939396995,0.4310315388352598,608.4876574691062,806.5908655971331,43.33225933833202,30.2,83,0.396,604.0,968.6,10,0.49999999999999994,-0.8660254037844387,228,-0.7055836101071774,-0.70862667826446,249.0
node_2_2,2026-08-16 11:00:00,20.22035339596124,84.98736972575381,0.4416987231671918,631.8034917919874,806.8366962429,43.33225933833202,31.1,80,0.4,645.0,968.9,11,0.258819045102521,-0.9659258262890682,228,-0.7055836101071774,-0.70862667826446,249.0
node_2_2,2026-08-16 12:00:00,19.831395485036982,84.2102078174653,0.437703376573008,586.4022657018916,806.4579163765876,43.33225933833202,31.9,77,0.396,670.0,968.3,12,1.2246467991473532e-16,-1.0,228,-0.7055836101071774,-0.70862667826446,249.0
node_2_2,2026-08-16 13:00:00,20.041263209568278,85.43260259477594,0.44091646453868616,645.9911438998954,806.1914196005949,43.33225933833202,29.4,86,0.399,439.0,968.2,13,-0.2588190451025208,-0.9659258262890683,228,-0.7055836101071774,-0.70862667826446,249.0
node_2_2,2026-08-16 14:00:00,19.719023731837215,86.99468301797522,0.43338784458500235,508.45381161641774,805.413105074864,43.33225933833202,27.3,94,0.421,404.0,967.5,14,-0.4999999999999997,-0.8660254037844388,228,-0.7055836101071774,-0.70862667826446,249.0
node_2_2,2026-08-16 15:00:00,19.996961579866493,86.99423970357437,0.43749760189955134,451.1923342619058,805.0584703800494,43.33225933833202,27.9,92,0.425,533.0,967.0,15,-0.7071067811865471,-0.7071067811865479,228,-0.7055836101071774,-0.70862667826446,249.0
node_2_2,2026-08-16 16:00:00,19.851817931881634,87.11197388655322,0.43650269861976837,368.4977446946325,804.7584260486094,43.33225933833202,29.2,85,0.418,408.0,966.9,16,-0.8660254037844384,-0.5000000000000004,228,-0.7055836101071774,-0.70862667826446,249.0
node_2_2,2026-08-16 17:00:00,19.30831398902284,88.1161839779686,0.4357326269511081,236.74651249261595,805.2146340909293,43.33225933833202,28.5,89,0.42,230.0,966.9,17,-0.9659258262890683,-0.25881904510252063,228,-0.7055836101071774,-0.70862667826446,249.0
node_2_2,2026-08-16 18:00:00,18.552327603903343,92.6727243665499,0.4368414976368553,88.35696932595107,804.9904002565514,43.33225933833202,28.3,92,0.429,74.0,967.2,18,-1.0,-1.8369701987210297e-16,228,-0.7055836101071774,-0.70862667826446,249.0
node_2_2,2026-08-16 19:00:00,17.929800111350996,94.46096634407434,0.4357279735452918,5.891129314252808,805.1001349867624,43.33225933833202,27.9,95,0.423,6.0,968.0,19,-0.9659258262890684,0.2588190451025203,228,-0.7055836101071774,-0.70862667826446,249.0
node_2_2,2026-08-16 20:00:00,17.50713962447839,94.56895040101982,0.43483640091663817,0.0,805.6981406301157,43.33225933833202,27.0,93,0.419,0.0,969.0,20,-0.8660254037844386,0.5000000000000001,228,-0.7055836101071774,-0.70862667826446,249.0
node_2_2,2026-08-16 21:00:00,16.939158163860583,95.89844260647422,0.440266343625009,0.0,805.6733527922762,43.33225933833202,26.1,97,0.416,0.0,969.7,21,-0.7071067811865477,0.7071067811865474,228,-0.7055836101071774,-0.70862667826446,249.0
node_2_2,2026-08-16 22:00:00,16.2268307421009,96.78447520050992,0.4443659074991237,0.0,805.2599616950329,43.33225933833202,25.9,98,0.413,0.0,969.9,22,-0.5000000000000004,0.8660254037844384,228,-0.7055836101071774,-0.70862667826446,249.0
node_2_2,2026-08-16 23:00:00,16.15732026541795,94.46185297287607,0.4434614815436307,0.0,804.135727860655,43.33225933833202,26.7,97,0.411,0.0,969.0,23,-0.25881904510252157,0.9659258262890681,228,-0.7055836101071774,-0.70862667826446,249.0
node_2_2,2026-08-17 00:00:00,15.053841224146147,96.01196669803767,0.4412441834865371,0.0,802.9749771015797,43.33225933833202,26.3,99,0.408,0.0,968.8,0,0.0,1.0,229,-0.7176769136759615,-0.6963762255968726,249.0
node_2_2,2026-08-17 01:00:00,15.121357344182332,96.67139442334732,0.4405792157266095,0.0,802.8430028936377,43.33225933833202,26.3,99,0.406,0.0,968.5,1,0.25881904510252074,0.9659258262890683,229,-0.7176769136759615,-0.6963762255968726,249.0
node_2_2,2026-08-17 02:00:00,14.876036370437124,96.89290257185625,0.4400226753380282,0.0,802.2641786958853,43.33225933833202,26.2,99,0.405,0.0,968.1,2,0.49999999999999994,0.8660254037844387,229,-0.7176769136759615,-0.6963762255968726,249.0
node_2_2,2026-08-17 03:00:00,14.675017026393704,97.11995075498315,0.43869229650377206,0.0,801.8853101666928,43.33225933833202,25.8,99,0.403,0.0,967.9,3,0.7071067811865475,0.7071067811865476,229,-0.7176769136759615,-0.6963762255968726,249.0
node_2_2,2026-08-17 04:00:00,14.731734740735337,96.56296705200099,0.43758386913242575,0.0,801.830631140438,43.33225933833202,25.4,99,0.402,0.0,967.9,4,0.8660254037844386,0.5000000000000001,229,-0.7176769136759615,-0.6963762255968726,249.0
node_2_2,2026-08-17 05:00:00,14.763886274437786,96.66629770313021,0.43149228212674096,0.0,802.2620956763583,43.33225933833202,25.3,95,0.399,0.0,968.2,5,0.9659258262890683,0.25881904510252074,229,-0.7176769136759615,-0.6963762255968726,249.0
node_2_2,2026-08-17 06:00:00,14.77690069397952,97.67139442334734,0.4366962835425943,16.25762850442958,803.2079263221253,43.33225933833202,24.3,96,0.427,13.0,969.1,6,1.0,6.123233995736766e-17,229,-0.7176769136759615,-0.6963762255968726,249.0
node_2_2,2026-08-17 07:00:00,15.749513534232822,97.1139674059643,0.44101469567881274,109.75819262526156,804.703110986371,43.33225933833202,24.7,96,0.423,86.0,969.1,7,0.9659258262890683,-0.25881904510252063,229,-0.7176769136759615,-0.6963762255968726,249.0
node_2_2,2026-08-17 08:00:00,17.621107030442694,88.1913711416071,0.4441166963867394,287.5394983213811,806.2762778300861,43.33225933833202,26.1,93,0.421,264.0,969.6,8,0.8660254037844387,-0.4999999999999998,229,-0.7176769136759615,-0.6963762255968726,249.0
node_2_2,2026-08-17 09:00:00,18.577736081904163,84.95966955266395,0.4441111563521214,454.7548297916891,806.8779398404715,43.33225933833202,28.2,86,0.417,370.0,969.6,9,0.7071067811865476,-0.7071067811865475,229,-0.7176769136759615,-0.6963762255968726,249.0
node_2_2,2026-08-17 10:00:00,19.77547573661689,80.86741897077069,0.4417821074610679,667.706580407151,807.4335938793296,43.33225933833202,29.7,81,0.413,566.0,970.1,10,0.49999999999999994,-0.8660254037844387,229,-0.7176769136759615,-0.6963762255968726,249.0
node_2_2,2026-08-17 11:00:00,19.622303421167913,82.86963554277497,0.451312943986756,629.0874028716655,807.5912422748345,43.33225933833202,31.2,76,0.408,735.0,969.9,11,0.258819045102521,-0.9659258262890682,229,-0.7176769136759615,-0.6963762255968726,249.0
node_2_2,2026-08-17 12:00:00,19.6753647684774,87.77273155506545,0.4502104999644284,664.8588707871127,807.0341478827914,43.33225933833202,32.0,73,0.404,778.0,969.3,12,1.2246467991473532e-16,-1.0,229,-0.7176769136759615,-0.6963762255968726,249.0
node_2_2,2026-08-17 13:00:00,19.603904266587783,89.46273960167777,0.45268498321155065,644.0796091445051,806.131599522683,43.33225933833202,32.4,72,0.4,705.0,969.0,13,-0.2588190451025208,-0.9659258262890683,229,-0.7176769136759615,-0.6963762255968726,249.0
node_2_2,2026-08-17 14:00:00,19.307205982099248,90.78802171571678,0.45194172508717856,435.2663370682084,806.1563430290826,43.33225933833202,31.7,75,0.399,479.0,968.1,14,-0.4999999999999997,-0.8660254037844388,229,-0.7176769136759615,-0.6963762255968726,249.0
node_2_2,2026-08-17 15:00:00,19.528470447226972,89.90154580728023,0.45571689347605593,395.6747039320335,805.6341922142316,43.33225933833202,32.3,72,0.397,509.0,967.8,15,-0.7071067811865471,-0.7071067811865479,229,-0.7176769136759615,-0.6963762255968726,249.0
node_2_2,2026-08-17 16:00:00,19.639955850703576,88.7824816810988,0.45305192571612835,329.0166808258673,805.3017526657079,43.33225933833202,30.2,81,0.398,327.0,967.2,16,-0.8660254037844384,-0.5000000000000004,229,-0.7176769136759615,-0.6963762255968726,249.0
node_2_2,2026-08-17 17:00:00,19.651773600441544,89.78757840131591,0.4508155707213689,244.05163077837966,805.7249228246021,43.33225933833202,28.8,90,0.426,197.0,967.8,17,-0.9659258262890683,-0.25881904510252063,229,-0.7176769136759615,-0.6963762255968726,249.0
node_2_2,2026-08-17 18:00:00,18.684434806165704,94.56983702982153,0.4431636765500883,86.93300996659912,805.4336825422099,43.33225933833202,28.0,93,0.432,67.0,968.3,18,-1.0,-1.8369701987210297e-16,229,-0.7176769136759615,-0.6963762255968726,249.0
node_2_2,2026-08-17 19:00:00,17.962328322754896,94.90398264109218,0.44160713616150704,5.669621165743885,805.7769204964281,43.33225933833202,27.0,95,0.426,4.0,969.0,19,-0.9659258262890684,0.2588190451025203,229,-0.7176769136759615,-0.6963762255968726,249.0
node_2_2,2026-08-17 20:00:00,17.661818650733185,93.57360380683608,0.4410505957729257,0.0,806.3089390358103,43.33225933833202,26.6,95,0.422,0.0,970.0,20,-0.8660254037844386,0.5000000000000001,229,-0.7176769136759615,-0.6963762255968726,249.0
node_2_2,2026-08-17 21:00:00,16.44062082230486,95.11862081178057,0.452013809050011,0.0,806.4392069019269,43.33225933833202,26.1,97,0.42,0.0,970.0,21,-0.7071067811865477,0.7071067811865474,229,-0.7176769136759615,-0.6963762255968726,249.0
node_2_2,2026-08-17 22:00:00,15.805544250792405,96.67516120036186,0.45189984164404673,0.0,805.8815141749819,43.33225933833202,26.1,97,0.417,0.0,970.6,22,-0.5000000000000004,0.8660254037844384,229,-0.7176769136759615,-0.6963762255968726,249.0
node_2_2,2026-08-17 23:00:00,16.73980083020255,96.11906412618143,0.452995195426746,0.0,806.0175657590977,43.33225933833202,27.2,90,0.415,0.0,969.9,23,-0.25881904510252157,0.9659258262890681,229,-0.7176769136759615,-0.6963762255968726,249.0
node_2_2,2026-08-18 00:00:00,15.816120999286522,96.45409636625381,0.4518876546842014,0.0,805.3810488344003,43.33225933833202,26.7,93,0.413,0.0,970.0,0,0.0,1.0,230,-0.7295575540864876,-0.6839194216246105,249.0
node_2_2,2026-08-18 01:00:00,15.426454064399445,97.34101558909121,0.4538843312215877,0.0,804.9130230423425,43.33225933833202,26.4,96,0.416,0.0,969.8,1,0.25881904510252074,0.9659258262890683,230,-0.7295575540864876,-0.6839194216246105,249.0
node_2_2,2026-08-18 02:00:00,15.12598872381782,97.34101558909121,0.4511109360903138,0.0,804.4016706331861,43.33225933833202,26.3,97,0.414,0.0,969.3,2,0.49999999999999994,0.8660254037844387,230,-0.7295575540864876,-0.6839194216246105,249.0
node_2_2,2026-08-18 03:00:00,15.059026607243432,97.1195074405823,0.4495594924219496,0.0,804.1795198183352,43.33225933833202,26.1,97,0.413,0.0,969.1,3,0.7071067811865475,0.7071067811865476,230,-0.7295575540864876,-0.6839194216246105,249.0
node_2_2,2026-08-18 04:00:00,14.925523383236195,97.22793481192862,0.44800804875358535,0.0,803.9775254616884,43.33225933833202,25.8,98,0.421,0.0,969.6,4,0.8660254037844386,0.5000000000000001,230,-0.7295575540864876,-0.6839194216246105,249.0
node_2_2,2026-08-18 05:00:00,14.421955679084215,97.2228380917115,0.4444685717832588,0.0,803.3192787312817,43.33225933833202,25.7,98,0.419,0.0,969.0,5,0.9659258262890683,0.25881904510252074,230,-0.7295575540864876,-0.6839194216246105,249.0
node_2_2,2026-08-18 06:00:00,14.846145182021953,97.55787033178387,0.4480162486746085,12.36428261817248,804.355795655979,43.33225933833202,25.6,99,0.417,14.0,970.0,6,1.0,6.123233995736766e-17,230,-0.7295575540864876,-0.6839194216246105,249.0
node_2_2,2026-08-18 07:00:00,15.893416180973833,97.89290257185625,0.44801669198900934,96.0357619053732,805.3480109509748,43.33225933833202,26.4,95,0.417,95.0,970.1,7,0.9659258262890683,-0.25881904510252063,230,-0.7295575540864876,-0.6839194216246105,249.0
node_2_2,2026-08-18 08:00:00,17.185454150209125,97.120394069384,0.4487905304346842,213.06044374151048,806.7412455900137,43.33225933833202,27.7,88,0.416,265.0,970.5,8,0.8660254037844387,-0.4999999999999998,230,-0.7295575540864876,-0.6839194216246105,249.0
node_2_2,2026-08-18 09:00:00,17.94199453879042,92.5596435893873,0.4483475141376663,327.5048720547988,807.5985173078171,43.33225933833202,28.7,86,0.413,429.0,971.1,9,0.7071067811865476,-0.7071067811865475,230,-0.7295575540864876,-0.6839194216246105,249.0
node_2_2,2026-08-18 10:00:00,18.521660754825945,88.09668372590187,0.4470129252119948,355.70532137387426,808.2217317981516,43.33225933833202,29.8,83,0.41,609.0,971.3,10,0.49999999999999994,-0.8660254037844387,230,-0.7295575540864876,-0.6839194216246105,249.0
node_2_2,2026-08-18 11:00:00,18.687559195916823,88.11286051535492,0.44712644930355827,435.34200745757136,808.6660777592934,43.33225933833202,29.3,82,0.407,715.0,971.8,11,0.258819045102521,-0.9659258262890682,230,-0.7295575540864876,-0.6839194216246105,249.0
node_2_2,2026-08-18 12:00:00,18.752017283822738,88.00443314400857,0.4430324254640616,410.8174885896095,808.0655680872717,43.33225933833202,30.0,79,0.406,632.0,971.5,12,1.2246467991473532e-16,-1.0,230,-0.7295575540864876,-0.6839194216246105,249.0
node_2_2,2026-08-18 13:00:00,19.219023731837215,87.33436866386384,0.44636413424152027,454.07281565818136,807.8552793535989,43.33225933833202,30.4,78,0.404,702.0,970.9,13,-0.2588190451025208,-0.9659258262890683,230,-0.7295575540864876,-0.6839194216246105,249.0
node_2_2,2026-08-18 14:00:00,19.1731930860703,87.45298947564442,0.44682288401359027,366.0583272624784,807.1661220907337,43.33225933833202,30.9,77,0.402,718.0,970.2,14,-0.4999999999999997,-0.8660254037844388,230,-0.7295575540864876,-0.6839194216246105,249.0
node_2_2,2026-08-18 15:00:00,19.016608366048914,89.6893444704038,0.4483951578772238,348.7436026209921,806.4991599741593,43.33225933833202,30.2,78,0.411,571.0,969.3,15,-0.7071067811865471,-0.7071067811865479,230,-0.7295575540864876,-0.6839194216246105,249.0
node_2_2,2026-08-18 16:00:00,18.584434806165703,91.79644189854757,0.44751333537460347,247.69671848463858,806.2326188667264,43.33225933833202,29.4,83,0.418,273.0,969.4,16,-0.8660254037844384,-0.5000000000000004,230,-0.7295575540864876,-0.6839194216246105,249.0
node_2_2,2026-08-18 17:00:00,19.10705096159822,89.68336112138499,0.4472827406762697,165.33509854365676,806.789336581068,43.33225933833202,28.1,88,0.439,137.0,969.6,17,-0.9659258262890683,-0.25881904510252063,230,-0.7295575540864876,-0.6839194216246105,249.0
node_2_2,2026-08-18 18:00:00,17.874234735373037,94.78491851491077,0.45370802997882426,41.90442316470754,806.787209230101,43.33225933833202,27.8,90,0.428,54.0,970.2,18,-1.0,-1.8369701987210297e-16,230,-0.7295575540864876,-0.6839194216246105,249.0
node_2_2,2026-08-18 19:00:00,17.29698388512581,96.34145890349207,0.45082576416180314,2.442572982616989,807.2645487432285,43.33225933833202,27.4,93,0.425,5.0,970.9,19,-0.9659258262890684,0.2588190451025203,230,-0.7295575540864876,-0.6839194216246105,249.0
node_2_2,2026-08-18 20:00:00,17.086185479431265,96.78491851491077,0.45248652183031535,0.0,807.6196931100649,43.33225933833202,27.1,93,0.422,0.0,971.4,20,-0.8660254037844386,0.5000000000000001,230,-0.7295575540864876,-0.6839194216246105,249.0
node_2_2,2026-08-18 21:00:00,16.808336294282157,97.34145890349207,0.4439477084361973,0.0,807.9186294345811,43.33225933833202,26.6,96,0.419,0.0,971.8,21,-0.7071067811865477,0.7071067811865474,230,-0.7295575540864876,-0.6839194216246105,249.0
node_2_2,2026-08-18 22:00:00,16.54137417770777,97.00642666341969,0.4474907319217307,0.0,807.8294278402758,43.33225933833202,26.3,97,0.417,0.0,972.0,22,-0.5000000000000004,0.8660254037844384,230,-0.7295575540864876,-0.6839194216246105,249.0
node_2_2,2026-08-18 23:00:00,16.5738137262315,98.4489996460367,0.4494767717042819,0.0,807.2727544573743,43.33225933833202,25.7,96,0.416,0.0,971.7,23,-0.25881904510252157,0.9659258262890681,230,-0.7295575540864876,-0.6839194216246105,249.0
